0,2680670.93,1116176.33
900,2650364.14,1121235.35
1800,2720159.64,1172535.46
2700,2708718.57,1144372.65
3600,2683103.94,1124581.7
4500,2773009.74,1157982.88
5400,2720546.08,1116283.91
6300,2766534.3,1155388.37
7200,2798371.4,1120736.48
8100,2771544.89,1122711.91
9000,2849429.17,1116497.22
9900,2952927.7,1157737.88
10800,2977269.01,1186502.93
11700,2748923.86,1110065.19
12600,2760894.65,1083314.3
13500,2702353.27,1046967.13
14400,2886864.9,1175747.13
15300,2846543.98,1098473.33
16200,2834454.8,1078989.53
17100,2813610.9,1091367.1
18000,2920204.93,1112951.66
18900,2973635.74,1172099.76
19800,2927660.34,1125161.04
20700,2934772.34,1105454.13
21600,3095831.91,1137244.26
22500,2984205.14,1103122.92
23400,3127756.35,1164429.47
24300,3054641.69,1220065.61
25200,3194875.85,1255147.34
26100,3066376.28,1198978.27
27000,3076317.17,1180895.23
27900,3070837.01,1177651.34
28800,3062762.33,1179463.17
29700,3119528.69,1138471.25
30600,3220232.85,1200504.64
31500,3182592.68,1166684.6
32400,3206964.57,1190074.49
33300,3211716.25,1206866.36
34200,3278839.05,1221982.54
35100,3277983.31,1333634.95
36000,3354810.61,1389958.47
36900,3263922.0,1325028.35
37800,3228700.2,1276788.21
38700,3294267.7,1286272.34
39600,3292269.93,1337995.24
40500,3128353.0,1217426.06
41400,3394601.9,1318837.65
42300,3232793.33,1321158.97
43200,3346340.88,1306318.08
44100,3381498.32,1334126.59
45000,3333293.52,1283745.48
45900,3147902.07,1232802.25
46800,3279208.1,1278563.51
47700,3107794.28,1208470.28
48600,3211645.02,1273927.19
49500,3183365.66,1244596.53
50400,3012982.09,1144930.11
51300,3260239.29,1200653.87
52200,3178286.22,1116404.02
53100,3321972.47,1182838.17
54000,3250475.56,1167247.56
54900,3197958.8,1140019.41
55800,3186626.86,1166506.16
56700,2967557.65,1077570.28
57600,3088408.26,1154369.93
58500,3052157.87,1163162.66
59400,3153398.35,1138263.98
60300,3005703.64,1128820.59
61200,3124742.34,1206374.63
62100,3042222.02,1155855.74
63000,2989659.39,1180771.64
63900,2852443.27,1101011.9
64800,2878871.98,1077290.95
65700,2922190.43,1089586.67
66600,2828212.55,1078494.87
67500,2794208.13,1015789.49
68400,2697135.68,1035571.84
69300,2684756.84,1034813.78
70200,2589226.59,1094404.08
71100,2534136.93,1090580.47
72000,2526825.99,1067616.58
72900,2525516.24,1009802.4
73800,2488508.06,1064722.41
74700,2456918.7,1025370.48
75600,2490007.32,1034971.98
76500,2664440.28,1135175.99
77400,2670626.59,1111477.48
78300,2653689.33,1129802.03
79200,2695442.32,1173329.77
80100,2649281.07,1141566.38
81000,2732039.06,1133410.49
81900,2711535.46,1144902.65
82800,2753539.58,1224197.94
83700,2722605.19,1160066.25
84600,2789106.35,1137866.64
85500,2790803.56,1158229.71
86400,2806892.12,1136649.54
87300,2730868.38,1133804.44
88200,2791942.47,1176475.98
89100,2725639.07,1171688.23
90000,2754341.22,1185605.44
90900,2741335.97,1142811.13
91800,2765420.38,1149193.82
92700,2802297.36,1209304.32
93600,2887560.15,1215589.78
94500,2826531.1,1189490.57
95400,2930791.72,1253804.9
96300,2905752.04,1210845.15
97200,2788215.36,1121996.98
98100,2714001.34,1082034.21
99000,2731583.04,1082483.55
99900,2706553.8,1130429.81
100800,2750921.36,1164877.17
101700,2791147.43,1119309.81
102600,2883949.58,1192827.03
103500,2948522.0,1211407.29
104400,2915677.46,1158878.81
105300,2921647.52,1166530.43
106200,3094827.3,1162233.58
107100,3004840.85,1172582.79
108000,3027992.52,1147019.9
108900,3231067.38,1266018.77
109800,3304632.75,1266786.99
110700,3056383.21,1188325.29
111600,3117426.91,1226105.71
112500,3045482.76,1142180.79
113400,3227250.27,1286041.9
114300,3129650.3,1163210.27
115200,3139779.05,1214743.84
116100,3156178.44,1242331.6
117000,3151490.94,1185520.11
117900,3211145.69,1265637.08
118800,3262040.04,1305598.94
119700,3299508.82,1359123.5
120600,3371803.89,1326268.34
121500,3347416.26,1355610.26
122400,3223403.87,1275218.08
123300,3232422.64,1266704.41
124200,3310562.99,1244407.29
125100,3412709.29,1351348.02
126000,3300972.56,1255162.45
126900,3400675.32,1322177.67
127800,3445870.42,1299889.07
128700,3375992.34,1313141.33
129600,3302611.54,1263936.95
130500,3507755.77,1361519.62
131400,3292509.61,1286725.52
132300,3378133.58,1299023.99
133200,3418201.08,1349519.9
134100,3379220.67,1335133.21
135000,3340538.18,1356210.48
135900,3272557.89,1390532.32
136800,3096315.58,1177119.14
137700,3162343.23,1325143.43
138600,3301517.85,1268481.45
139500,3236691.83,1210934.97
140400,3102387.27,1166823.12
141300,3104316.83,1184906.16
142200,3103807.62,1147839.84
143100,3179206.7,1213048.55
144000,3115985.69,1280243.13
144900,2983315.7,1170138.79
145800,3037300.23,1162227.72
146700,3068167.88,1202568.6
147600,3079705.63,1192617.1
148500,3137620.42,1170694.15
149400,2979814.36,1135252.17
150300,2940228.24,1160290.28
151200,2866506.41,1090107.6
152100,2860314.61,1095988.22
153000,2807198.36,1017533.94
153900,2731385.56,998052.8
154800,2855348.6,1047282.71
155700,2721412.54,1006679.53
156600,2652048.89,1070093.44
157500,2561811.31,1008055.02
158400,2555737.98,1045266.36
159300,2566432.25,1056434.33
160200,2459910.83,983793.64
161100,2482497.16,1034788.06
162000,2547750.64,1116829.47
162900,2672291.66,1150329.53
163800,2716990.36,1126886.54
164700,2648872.28,1122524.32
165600,2707730.53,1187769.38
166500,2631895.57,1130596.98
167400,2777941.31,1197918.46
168300,2821120.15,1308073.79
169200,2753529.33,1152946.47
170100,2715526.15,1124245.51
171000,2799741.94,1143649.02
171900,2756400.79,1118440.52
172800,2787298.1,1150949.98
173700,2735038.33,1139545.99
174600,2719386.11,1118090.15
175500,2751511.32,1168318.08
176400,2839165.92,1200234.38
177300,2759113.49,1143835.88
178200,2757208.47,1098240.42
179100,2785479.4,1147459.17
180000,2838179.99,1168764.31
180900,2886176.51,1166977.2
181800,2915971.53,1170135.04
182700,2916213.32,1138776.4
183600,2970681.15,1274536.29
184500,2747391.72,1113427.28
185400,2872951.81,1123679.72
186300,2775198.85,1125546.84
187200,2705550.2,1069702.79
188100,2770645.84,1094876.95
189000,2869825.74,1135793.33
189900,2877534.3,1071433.59
190800,2944318.36,1231377.04
191700,2913701.29,1154597.99
192600,3019325.78,1174378.88
193500,3004331.63,1205590.39
194400,2984082.28,1149906.92
195300,2948685.15,1132404.51
196200,2990661.16,1163790.89
197100,3112583.86,1181596.8
198000,3201984.65,1239205.35
198900,3021211.58,1189629.0
199800,3180104.74,1155776.64
200700,2936294.68,1144614.81
201600,3064732.09,1220474.21
202500,3218919.07,1173791.38
203400,3205356.45,1158576.23
204300,3075402.28,1163042.72
205200,3218318.12,1207301.7
206100,3114207.09,1226324.43
207000,3280192.02,1280590.67
207900,3202515.38,1303609.31
208800,3267302.49,1314081.57
209700,3137850.77,1327440.49
210600,3072715.3,1247565.95
211500,3077362.43,1282058.72
212400,3329374.69,1381422.18
213300,3255203.52,1354618.65
214200,3255139.25,1308209.01
215100,3286599.15,1313168.15
216000,3240327.3,1289554.32
216900,3106455.14,1266836.33
217800,3109615.72,1177998.14
218700,3181634.77,1309863.28
219600,3206111.02,1337695.04
220500,3206611.63,1281085.05
221400,3207353.94,1264972.96
222300,3160821.08,1248062.62
223200,3078664.49,1178723.79
224100,3004923.52,1108977.45
225000,3140889.13,1176799.35
225900,3092211.46,1183037.2
226800,3186306.79,1220119.72
227700,3021823.88,1168464.02
228600,2945008.39,1191943.18
229500,2934890.62,1174944.4
230400,2938733.73,1181342.65
231300,2773329.25,1024302.89
232200,2775338.56,1027287.41
233100,2864954.41,1073558.99
234000,2730532.84,1030897.52
234900,2739759.52,1026737.46
235800,2702234.8,1015778.23
236700,2649151.34,1002651.95
237600,2671105.04,1048431.24
238500,2625027.65,1001265.11
239400,2700669.71,1067212.19
240300,2642226.1,1002791.02
241200,2572242.92,981056.67
242100,2540081.63,1005083.04
243000,2546940.31,1002364.84
243900,2562580.9,1050611.85
244800,2535465.09,989629.03
245700,2514766.75,992704.65
246600,2539388.67,1043969.06
247500,2442604.16,987079.56
248400,2441330.66,998192.78
249300,2767370.45,1145669.4
250200,2648891.24,1124570.98
251100,2665343.54,1121771.76
252000,2671907.87,1171007.17
252900,2640717.41,1108210.88
253800,2644248.05,1131977.42
254700,2646839.45,1140720.98
255600,2631188.87,1109226.75
256500,2704660.49,1140553.8
257400,2739204.8,1149082.12
258300,2619393.77,1096395.9
259200,2657176.57,1115913.76
260100,2675092.35,1136442.9
261000,2629909.61,1110654.33
261900,2663354.37,1124682.95
262800,2664806.85,1138406.71
263700,2659796.81,1115821.84
264600,2693945.89,1126899.99
265500,2753961.55,1140684.36
266400,2706435.33,1141431.52
267300,2707339.87,1133027.25
268200,2742912.41,1129162.26
269100,2791053.04,1235240.2
270000,2787143.46,1201115.84
270900,2562842.29,1133911.19
271800,2532576.23,1128594.18
272700,2545314.42,1155955.99
273600,2606675.81,1151823.94
274500,2527732.09,1158075.07
275400,2601887.05,1174209.5
276300,2603632.87,1185891.91
277200,2516094.82,1141202.64
278100,2419198.97,1138685.12
279000,2422747.65,1139409.58
279900,2481148.32,1117361.3
280800,2518021.27,1124918.98
281700,2575424.19,1204137.08
282600,2527323.76,1163643.22
283500,2479132.87,1157128.51
284400,2492284.52,1152058.14
285300,2563319.27,1194158.39
286200,2514580.35,1183664.79
287100,2452259.03,1158671.26
288000,2490009.61,1146327.21
288900,2562869.57,1211676.45
289800,2516110.75,1166523.83
290700,2530445.8,1175848.3
291600,2481037.26,1141836.18
292500,2538841.09,1172717.65
293400,2513970.61,1160164.31
294300,2627178.22,1178404.91
295200,2548980.65,1149614.69
296100,2616650.02,1208076.14
297000,2573620.97,1155234.74
297900,2671209.14,1192489.11
298800,2603423.4,1148207.24
299700,2788413.21,1203878.63
300600,2668046.72,1149173.86
301500,2744742.83,1169704.19
302400,2749241.91,1156809.17
303300,2703562.59,1174884.25
304200,2754907.01,1175838.59
305100,2730108.67,1137694.52
306000,2765007.02,1161898.32
306900,2766651.4,1170210.02
307800,2814862.61,1184848.94
308700,2882902.59,1234473.18
309600,2760659.64,1122482.57
310500,2850906.74,1115674.16
311400,2840130.34,1073717.19
312300,3010629.64,1157435.67
313200,2857735.47,1068991.42
314100,2680010.83,1085107.73
315000,2665019.26,1048954.74
315900,2652010.89,1061497.74
316800,2676800.17,1118773.96
317700,2725130.58,1167362.27
318600,2614086.27,1124890.69
319500,2602694.27,1100378.27
320400,2612917.24,1144470.25
321300,2678618.87,1121077.97
322200,2570886.75,1002613.86
323100,2611916.29,981167.18
324000,2519630.13,1002176.24
324900,2491725.59,1031730.56
325800,2540790.8,1077434.33
326700,2438597.72,965229.58
327600,2441975.46,1010542.79
328500,2464071.44,1007927.03
329400,2416602.26,968974.37
330300,2413023.1,980454.9
331200,2444979.31,1091545.9
332100,2424184.11,1001902.31
333000,2385494.48,962113.86
333900,2425798.28,1005506.38
334800,2435496.28,1009000.03
335700,2607571.56,1086392.76
336600,2722813.11,1139510.47
337500,2646974.95,1201999.69
338400,2629107.06,1153911.9
339300,2672091.25,1160232.51
340200,2587653.08,1099371.19
341100,2637911.41,1122967.25
342000,2705994.42,1158011.54
342900,2654101.96,1135744.45
343800,2635351.32,1135102.94
344700,2709893.74,1199204.04
345600,2716489.47,1244065.52
346500,2619818.02,1195322.39
347400,2631677.12,1147483.89
348300,2632276.34,1158328.49
349200,2644827.39,1160367.1
350100,2738277.65,1154195.71
351000,2639571.44,1140310.82
351900,2731522.8,1160962.92
352800,2701534.42,1141658.48
353700,2712215.15,1200911.04
354600,2711391.82,1182956.63
355500,2741830.35,1213765.78
356400,2696817.9,1227609.19
357300,2479668.64,1078132.32
358200,2510174.93,1116297.45
359100,2467140.84,1153538.91
360000,2482493.5,1145854.61
360900,2393749.15,1058885.56
361800,2412011.99,1085152.95
362700,2427632.72,1115136.11
363600,2398690.34,1074897.4
364500,2371100.46,1048256.29
365400,2353194.12,1087817.69
366300,2346430.21,1122628.97
367200,2400436.98,1118138.67
368100,2396274.63,1113831.02
369000,2367150.51,1083067.93
369900,2425931.4,1140307.25
370800,2384519.26,1092432.95
371700,2418109.77,1097252.56
372600,2406200.59,1075745.82
373500,2416322.39,1067679.47
374400,2491701.05,1093320.65
375300,2433979.16,1095341.03
376200,2512083.07,1137007.6
377100,2428932.5,1106006.29
378000,2503274.23,1112185.55
378900,2450530.24,1110361.91
379800,2424776.0,1080579.25
380700,2486608.7,1130353.36
381600,2606092.07,1205676.91
382500,2605184.51,1189962.25
383400,2585305.85,1160936.19
384300,2574641.33,1119880.65
385200,2541378.57,1150550.81
386100,2663986.45,1162999.51
387000,2648170.72,1161759.16
387900,2716430.97,1207596.22
388800,2789271.24,1176974.95
389700,2654906.16,1106597.9
390600,2809181.03,1126070.98
391500,2732867.07,1128692.05
392400,2651625.09,1079748.5
393300,2746372.65,1104726.01
394200,2832317.5,1172246.34
395100,2739936.86,1118392.09
396000,2729060.21,1094517.97
396900,2854784.82,1107056.3
397800,2901614.32,1060758.73
398700,2984109.01,1179919.46
399600,2877386.54,1073270.51
400500,2910102.36,1082490.69
401400,2881153.11,1074886.87
402300,2890017.52,1089532.2
403200,2768322.69,1026931.73
404100,2832784.79,1057849.37
405000,2841938.69,1041910.49
405900,2930223.54,1061856.9
406800,2851866.94,1043947.27
407700,2832642.79,1061970.43
408600,2781106.02,989305.11
409500,2875027.04,1039204.74
410400,2743573.52,992326.81
411300,2721193.08,961684.48
412200,2707991.91,1003221.13
413100,2711663.91,1035995.54
414000,2630924.93,1042544.13
414900,2591567.41,1056524.32
415800,2485539.09,1043657.41
416700,2511450.99,1084174.35
417600,2466888.06,1094376.53
418500,2470482.42,1139904.69
419400,2483707.12,1085455.44
420300,2501474.3,1038042.3
421200,2448242.8,1003115.66
422100,2606739.53,1106267.03
423000,2652678.86,1140767.12
423900,2639953.4,1110857.3
424800,2592083.59,1090298.86
425700,2629427.95,1122619.63
426600,2696244.51,1141861.82
427500,2661690.49,1108463.47
428400,2763510.68,1145487.95
429300,2676543.37,1117407.99
430200,2699496.92,1189213.17
431100,2760270.08,1215657.17
432000,2715504.55,1130091.34
432900,2687492.71,1105962.98
433800,2696160.37,1123565.28
434700,2700514.98,1115977.11
435600,2700914.25,1124283.51
436500,2740715.15,1118331.39
437400,2771407.93,1139542.79
438300,2753342.93,1121792.27
439200,2776044.25,1104876.34
440100,2809020.26,1118157.17
441000,2879368.1,1155708.98
441900,2958306.79,1186900.09
442800,2934488.62,1210855.59
443700,2769478.73,1051478.85
444600,2717054.35,1040873.93
445500,2673946.01,1040767.27
446400,2724973.11,1058491.79
447300,2743876.56,969573.39
448200,2880859.68,1073769.84
449100,2963859.01,1070940.31
450000,2853762.36,1118787.78
450900,2910943.27,1115897.19
451800,2949820.77,1162276.25
452700,2916176.79,1148048.31
453600,2928109.5,1127379.64
454500,3117046.97,1221050.99
455400,3051009.06,1202132.35
456300,3013644.47,1167092.65
457200,2956524.81,1133756.93
458100,3087638.12,1150565.64
459000,3146436.95,1235512.76
459900,3076248.41,1170613.86
460800,3035598.36,1154845.92
461700,3221411.04,1278257.45
462600,3184985.05,1242554.44
463500,3110619.87,1240506.59
464400,3277754.15,1281216.61
465300,3173083.56,1184177.31
466200,3257566.5,1214961.27
467100,3156351.01,1197468.93
468000,3326232.24,1282015.87
468900,3059476.23,1246648.04
469800,3208937.81,1199392.55
470700,3226581.21,1212777.19
471600,3357403.11,1312993.56
472500,3487900.18,1361778.44
473400,3294857.48,1248882.02
474300,3374148.01,1239495.12
475200,3304912.54,1243795.9
476100,3362063.78,1257438.26
477000,3270199.77,1261962.8
477900,3306522.22,1255003.78
478800,3338453.8,1267015.96
479700,3356279.3,1218519.1
480600,3158189.3,1157746.86
481500,3267260.93,1230581.63
482400,3212953.03,1171824.37
483300,3133035.64,1140828.09
484200,3224013.24,1192286.5
485100,3276829.74,1162536.53
486000,3334301.7,1147168.67
486900,3303572.2,1189335.94
487800,3248995.88,1160986.18
488700,3178851.29,1149027.47
489600,3163792.97,1117052.95
490500,3108391.3,1109106.35
491400,3203109.38,1150649.69
492300,3101985.81,1086174.41
493200,3151934.05,1154437.87
494100,3155469.91,1188681.06
495000,3028691.8,1031428.25
495900,2945111.94,1046604.4
496800,2908624.05,1049490.23
497700,2871450.16,1047584.66
498600,2805763.28,1087217.65
499500,2822096.65,1113216.8
500400,2752213.44,1057801.39
501300,2719256.1,1060913.27
502200,2581097.35,1099083.25
503100,2577752.11,1074949.13
504000,2677540.92,1137272.74
504900,2582324.8,1039704.44
505800,2607785.61,1036811.46
506700,2507931.24,1003478.85
507600,2544361.18,1026048.34
508500,2737366.06,1137993.62
509400,2742863.53,1120263.79
510300,2704695.37,1088570.8
511200,2743904.94,1119130.0
512100,2700029.85,1103743.1
513000,2701135.62,1075390.14
513900,2793842.38,1136986.45
514800,2719069.79,1085121.37
515700,2756316.28,1105446.17
516600,2798032.2,1128543.37
517500,2754841.09,1113500.61
518400,2776843.87,1170356.41
519300,2844827.64,1135458.62
520200,2780538.12,1109263.64
521100,2802641.6,1137698.0
522000,2840070.01,1123597.41
522900,2828556.79,1125071.69
523800,2795061.04,1072311.22
524700,2912350.07,1143547.39
525600,2800672.12,1069810.46
526500,2849007.02,1080846.77
527400,2893234.59,1116613.59
528300,2969990.11,1116248.84
529200,3002353.91,1185527.71
530100,2748420.32,1102504.85
531000,2771532.71,1088678.01
531900,2793257.26,1099170.96
532800,2777149.66,1060038.02
533700,2821725.4,1086044.04
534600,2900967.86,1114217.47
535500,2966335.51,1102046.08
536400,2984108.18,1090065.49
537300,3060220.18,1157910.37
538200,3066835.6,1209826.26
539100,3011449.13,1103045.01
540000,3024984.74,1124415.99
540900,3146594.88,1152921.39
541800,3098426.06,1226380.65
542700,3089187.29,1170280.33
543600,3089069.92,1195060.64
544500,3178069.34,1229140.96
545400,3225712.28,1315449.83
546300,3174749.54,1285112.73
547200,3268686.95,1285526.55
548100,3212434.84,1314031.77
549000,3101833.83,1225140.01
549900,3303243.16,1367016.27
550800,3251119.08,1302206.45
551700,3230974.82,1299032.59
552600,3317947.81,1405963.44
553500,3322398.83,1308614.78
554400,3279939.42,1253510.1
555300,3408980.35,1274617.68
556200,3381470.86,1308495.12
557100,3274788.76,1297761.75
558000,3284218.69,1306028.69
558900,3319754.52,1292084.93
559800,3379597.78,1279319.0
560700,3380208.16,1318667.27
561600,3255094.12,1262844.45
562500,3458134.46,1362833.77
563400,3361138.55,1301860.38
564300,3370688.87,1297715.88
565200,3468612.95,1346233.89
566100,3375772.16,1335550.96
567000,3285840.45,1280638.28
567900,3298345.0,1315854.95
568800,3254182.43,1284376.01
569700,3303296.26,1248711.91
570600,3351949.13,1263145.02
571500,3274840.67,1199930.88
572400,3241329.99,1237551.64
573300,3167467.71,1148851.14
574200,3118600.43,1204477.11
575100,3230332.95,1233361.72
576000,3061061.55,1139887.3
576900,3081384.25,1207080.87
577800,3032528.41,1142920.81
578700,3147640.96,1209347.9
579600,3054691.13,1224459.32
580500,2979845.21,1140149.87
581400,2976870.94,1066521.24
582300,2889050.63,1015858.34
583200,2952248.02,1091738.53
584100,2856750.92,1020807.59
585000,2829048.61,1048609.59
585900,2839324.77,1066331.45
586800,2892305.88,1102872.25
587700,2802415.92,1045463.75
588600,2705114.14,1103541.5
589500,2649023.53,1129598.69
590400,2573500.85,1095473.51
591300,2565013.73,1116909.67
592200,2592516.08,1101920.65
593100,2525107.45,1079995.15
594000,2552643.95,1074814.91
594900,2697188.05,1179322.63
595800,2752117.13,1164084.78
596700,2713564.91,1194269.26
597600,2737102.57,1206068.48
598500,2727250.85,1194392.3
599400,2742931.09,1206738.65
600300,2814586.49,1191049.53
601200,2729639.74,1121701.81
602100,2836814.94,1165926.18
603000,2723685.52,1142452.33
603900,2800695.01,1142550.48
604800,2820540.71,1166925.66
605700,2739050.63,1145533.54
606600,2734098.27,1129400.12
607500,2830057.53,1175597.26
608400,2731503.48,1117959.59
609300,2818385.38,1172871.83
610200,2830432.34,1178158.08
611100,2787834.23,1161092.19
612000,2806190.83,1153481.78
612900,2920981.38,1199618.77
613800,2865407.32,1145012.88
614700,3090914.15,1229945.16
615600,3067200.07,1244151.95
616500,2766791.56,1117903.47
617400,2841160.31,1122216.8
618300,2807593.14,1128776.0
619200,2868256.35,1129269.84
620100,2965213.53,1144903.2
621000,3056438.14,1158035.06
621900,3074611.82,1112310.61
622800,3025236.88,1155064.91
623700,3067378.97,1105396.0
624600,3086719.21,1136624.18
625500,3195601.23,1245308.99
626400,3072575.32,1115958.98
627300,3199502.01,1236669.16
628200,3245713.26,1153462.1
629100,3190235.05,1183465.76
630000,3232465.76,1254132.11
630900,3225612.58,1216919.13
631800,3220420.44,1236192.99
632700,3163838.01,1240660.4
633600,3096921.39,1243297.67
634500,3156071.69,1276391.51
635400,3218498.66,1305248.93
636300,3036346.07,1239911.77
637200,3194734.86,1264690.89
638100,3233094.64,1319977.29
639000,3102422.42,1226945.16
639900,3154944.76,1268578.77
640800,3334813.39,1370499.57
641700,3308235.08,1339475.1
642600,3319533.14,1283392.91
643500,3349868.87,1268006.01
644400,3249458.22,1230042.76
645300,3279449.62,1282433.9
646200,3426147.03,1298097.66
647100,3251000.06,1184606.14
648000,3313289.25,1286163.67
648900,3373155.21,1298178.22
649800,3382112.18,1253106.9
650700,3328116.21,1238566.13
651600,3240093.2,1231844.97
652500,3177450.16,1166134.37
653400,3299309.42,1211371.95
654300,3244383.45,1217519.53
655200,3158796.11,1183532.14
656100,3278640.66,1162799.38
657000,3269937.29,1153129.3
657900,3314769.93,1188203.43
658800,3252106.29,1119831.85
659700,3209079.44,1125925.96
660600,3188549.84,1148233.25
661500,3060106.66,1080981.35
662400,3158847.93,1185262.12
663300,3121458.07,1108413.21
664200,3026830.63,1141638.24
665100,3142352.6,1171444.06
666000,3129111.05,1182521.48
666900,3109881.32,1109383.76
667800,3050204.32,1102268.37
668700,2945715.73,1068736.54
669600,2918146.73,1105374.02
670500,2823278.23,984778.84
671400,2772064.73,970480.59
672300,2823704.68,1009901.64
673200,2762706.57,1006149.99
674100,2753614.47,1023934.66
675000,2571768.4,981879.55
675900,2601813.54,1012000.58
676800,2590282.56,1008659.0
677700,2513662.26,979413.21
678600,2472907.56,985304.53
679500,2528818.54,998080.9
680400,2463334.72,983586.73
681300,2623633.58,1071590.15
682200,2720335.14,1133166.87
683100,2697527.98,1084160.98
684000,2692014.68,1098576.87
684900,2683133.7,1118501.86
685800,2796441.1,1106557.71
686700,2699279.39,1108978.0
687600,2765947.91,1148804.08
688500,2736432.59,1114314.24
689400,2723557.62,1098988.77
690300,2750616.3,1137009.89
691200,2710767.24,1096487.09
692100,2753553.13,1153225.71
693000,2779306.82,1140511.32
693900,2705736.79,1090814.3
694800,2748519.2,1102135.16
695700,2785594.85,1096513.18
696600,2817713.2,1173152.44
697500,2822072.2,1173955.44
698400,2828761.78,1159384.46
699300,2809306.0,1132463.75
700200,2926437.38,1167046.88
701100,3053003.08,1216451.2
702000,2862041.84,1050491.09
702900,2838388.55,1073111.76
703800,2794311.04,1070607.42
704700,2766081.12,1079600.92
705600,2836009.74,1091339.9
706500,2894139.04,1096151.64
707400,3044634.06,1094117.52
708300,3085914.18,1098433.59
709200,3086469.18,1108637.51
710100,2975819.55,1101492.92
711000,3167058.2,1158615.51
711900,3121634.31,1234255.46
712800,3112663.6,1198754.88
713700,3116151.12,1197163.42
714600,3123467.01,1194183.11
715500,3289393.71,1252068.6
716400,3202050.57,1249470.61
717300,3270825.44,1202239.65
718200,3122377.81,1225117.22
719100,3212923.65,1321331.36
720000,3342631.71,1286812.96
720900,3350133.91,1283310.06
721800,3283827.58,1257047.06
722700,3230129.61,1215710.72
723600,3265273.59,1222406.89
724500,3373858.8,1312874.73
725400,3248405.36,1212406.68
726300,3479454.07,1307286.62
727200,3440910.46,1299849.98
728100,3309575.41,1243471.8
729000,3429880.1,1321975.16
729900,3406771.18,1371200.78
730800,3456230.71,1345150.09
731700,3429610.29,1244662.81
732600,3505144.68,1371629.52
733500,3335470.55,1290535.22
734400,3394233.67,1306630.74
735300,3563202.58,1391810.76
736200,3490137.82,1259614.56
737100,3349245.12,1235358.67
738000,3328008.0,1202223.08
738900,3374662.17,1199076.78
739800,3354235.02,1244712.89
740700,3256481.96,1198736.39
741600,3161765.72,1136116.7
742500,3312812.26,1166735.05
743400,3331743.62,1179900.24
744300,3224540.68,1147726.04
745200,3297901.98,1142372.5
746100,3085242.74,1072473.91
747000,3279608.37,1158516.54
747900,3119819.18,1128730.77
748800,3239579.04,1157985.35
749700,3083426.97,1121496.19
750600,3144992.07,1165012.66
751500,3006020.51,1104435.42
752400,3066608.92,1162566.1
753300,3069566.62,1105346.37
754200,2969711.24,1049347.78
755100,2843512.02,987949.77
756000,2881652.53,1011971.19
756900,2937049.26,1018531.13
757800,2871317.69,1032060.61
758700,2919587.22,1052261.54
759600,2781135.96,1048631.65
760500,2832078.74,1043276.82
761400,2597761.69,969022.71
762300,2566446.81,1020433.69
763200,2554140.47,1024140.01
764100,2544930.08,1045386.47
765000,2545547.79,1116728.03
765900,2449140.84,1015207.76
766800,2481760.35,1047111.15
767700,2688985.84,1164311.1
768600,2744656.04,1189990.81
769500,2717735.14,1158175.78
770400,2667371.52,1127420.1
771300,2672756.47,1151952.58
772200,2832672.09,1169210.54
773100,2711151.03,1126890.66
774000,2703903.63,1143031.04
774900,2757251.4,1202528.14
775800,2762620.33,1172488.86
776700,2753560.36,1112278.75
777600,2732216.31,1123934.42
778500,2806199.62,1151915.13
779400,2742509.77,1133969.42
780300,2816793.09,1137843.38
781200,2785169.68,1202191.31
782100,2816841.61,1171084.08
783000,2804719.12,1136328.83
783900,2859259.46,1185108.31
784800,2909635.99,1186466.4
785700,2884226.07,1183986.33
786600,2925725.37,1217275.73
787500,3005498.47,1241509.55
788400,3055779.6,1296817.93
789300,2809262.05,1208270.97
790200,2758330.44,1165034.45
791100,2808965.61,1177136.35
792000,2833541.11,1161658.17
792900,2871912.41,1174167.66
793800,2866892.21,1137675.93
794700,2905340.06,1174972.87
795600,2882936.74,1170870.3
796500,3048239.69,1171905.58
797400,3122221.44,1240365.88
798300,2994248.38,1261750.67
799200,3044595.7,1230310.55
800100,3077934.54,1250464.87
801000,3114489.81,1353202.42
801900,3025343.44,1237734.47
802800,3201761.17,1253489.78
803700,3298522.52,1237463.93
804600,3343992.46,1310963.93
805500,3234876.62,1271821.93
806400,3350304.02,1355880.07
807300,3088808.9,1246743.71
808200,3149845.28,1281549.04
809100,3268146.7,1311897.31
810000,3347678.1,1252353.24
810900,3632971.16,1443736.08
811800,3325106.23,1319987.82
812700,3287687.71,1432917.85
813600,3491620.15,1422950.32
814500,3395470.28,1391399.32
815400,3484308.47,1320713.38
816300,3220723.02,1317987.4
817200,3252453.19,1319988.83
818100,3283465.94,1316183.17
819000,3430360.75,1350961.4
819900,3286348.85,1263432.31
820800,3405797.33,1303947.97
821700,3476424.32,1324791.78
822600,3310618.47,1360348.57
823500,3335165.68,1406597.72
824400,3404087.22,1349277.19
825300,3284772.13,1347667.24
826200,3219938.05,1303924.35
827100,3278393.28,1315748.29
828000,3203673.34,1256456.63
828900,3221753.27,1237928.65
829800,3231526.52,1188025.63
830700,3184845.98,1165710.75
831600,3169762.76,1152498.5
832500,3151027.31,1197696.44
833400,2901054.02,1166788.15
834300,2955630.62,1194775.54
835200,2944251.16,1187835.57
836100,2926576.63,1137104.37
837000,2810884.0,1178348.14
837900,2785377.14,1182446.5
838800,2763708.44,1168220.58
839700,2787178.53,1199461.3
840600,2663491.15,1064106.54
841500,2786669.68,1096639.89
842400,2644241.0,1052108.83
843300,2661247.83,1070590.12
844200,2657302.83,1081272.86
845100,2593738.77,1030919.77
846000,2639361.79,1090020.08
846900,2540124.85,1065960.11
847800,2534177.4,1014941.35
848700,2612183.99,1083857.03
849600,2535054.75,1039186.89
850500,2566820.8,1045034.09
851400,2552281.31,1084557.31
852300,2529615.05,1064310.42
853200,2489486.02,1072715.15
854100,2788079.68,1220389.07
855000,2739857.76,1193076.05
855900,2709035.61,1181661.53
856800,2630786.5,1144167.21
857700,2707192.66,1182075.53
858600,2751420.32,1226715.18
859500,2716334.29,1190757.93
860400,2705571.62,1214295.59
861300,2686588.26,1158993.44
862200,2790375.46,1205641.02
863100,2710717.9,1201220.67
864000,2677000.85,1196080.17
864900,2740755.71,1211982.15
865800,2744985.72,1217127.59
866700,2801700.26,1249366.61
867600,2818008.36,1257231.54
868500,2821966.55,1171746.55
869400,2770179.93,1137691.86
870300,2846214.94,1190325.44
871200,2799515.99,1180603.64
872100,2771118.71,1161711.36
873000,2923598.88,1225173.8
873900,2866743.26,1211649.9
874800,2841766.3,1212085.42
875700,2642627.2,1168774.38
876600,2657754.73,1145510.28
877500,2595194.46,1096532.59
878400,2587023.38,1149033.87
879300,2683093.23,1199103.61
880200,2555813.6,1104689.39
881100,2610149.05,1141835.36
882000,2703291.23,1167510.22
882900,2513838.78,1081932.22
883800,2574598.75,1215259.83
884700,2582909.0,1199385.41
885600,2639076.32,1201725.59
886500,2623572.69,1212498.14
887400,2660285.43,1241063.32
888300,2711889.59,1253086.12
889200,2656335.48,1233869.02
890100,2639741.64,1242896.21
891000,2628758.88,1202157.71
891900,2571570.1,1163095.18
892800,2609016.82,1172101.41
893700,2712910.22,1264647.22
894600,2647784.64,1171249.88
895500,2634421.33,1138582.58
896400,2718791.2,1206851.35
897300,2618721.22,1146335.27
898200,2629725.86,1130474.85
899100,2692760.65,1163952.39
900000,2646874.42,1126052.67
900900,2709713.38,1123255.65
901800,2713840.94,1154585.36
902700,2666693.02,1124508.18
903600,2666019.84,1134066.38
904500,2796148.5,1224795.78
905400,2836151.18,1186504.12
906300,2820950.41,1218373.54
907200,2772126.43,1175127.5
908100,2768247.16,1172634.25
909000,2826756.59,1217277.65
909900,2879641.75,1270046.54
910800,2847837.8,1164818.02
911700,2810954.04,1164179.72
912600,2912461.4,1163919.71
913500,2795741.36,1114575.99
914400,2831969.7,1097330.93
915300,2939339.81,1099480.13
916200,2843635.07,1011521.03
917100,2874255.8,1035934.11
918000,2901832.31,1047996.64
918900,2704334.93,1006220.67
919800,2736995.09,1025096.19
920700,2751460.33,1063843.23
921600,2706549.22,1026107.94
922500,2810543.33,1172594.42
923400,2639343.66,1040938.39
924300,2675801.42,1099164.83
925200,2686841.4,1025224.0
926100,2674847.08,1049964.75
927000,2651649.54,1032672.82
927900,2557006.16,969804.38
928800,2659349.49,1037406.56
929700,2599842.5,1034723.14
930600,2582066.07,1090651.43
931500,2544926.06,1045936.89
932400,2531176.3,1061715.36
933300,2521308.56,1066441.59
934200,2486977.48,990612.03
935100,2482327.24,1014333.89
936000,2517653.14,1061721.5
936900,2511999.02,1088378.91
937800,2482289.06,1048011.57
938700,2492183.35,1055958.89
939600,2484028.84,1046717.29
940500,2665860.53,1144953.92
941400,2733145.48,1220759.03
942300,2756155.15,1273711.76
943200,2632190.28,1166705.38
944100,2708304.47,1235853.79
945000,2707049.74,1252212.98
945900,2656666.99,1216110.63
946800,2687822.39,1223547.73
947700,2713753.51,1282089.75
948600,2661283.45,1169650.36
949500,2681620.51,1186288.7
950400,2665375.49,1192938.08
951300,2666076.78,1181157.07
952200,2690688.08,1203002.75
953100,2703088.17,1195718.17
954000,2676888.52,1201875.92
954900,2705082.82,1204498.44
955800,2717337.89,1225290.25
956700,2764961.88,1210126.74
957600,2757036.16,1306327.51
958500,2693176.57,1174739.87
959400,2714096.65,1164280.7
960300,2760959.75,1173028.29
961200,2742658.26,1199673.07
962100,2557678.99,1121829.62
963000,2498674.16,1088042.45
963900,2513720.76,1108479.68
964800,2490162.41,1075325.32
965700,2484186.4,1089753.3
966600,2517689.03,1081914.28
967500,2477928.13,1109568.05
968400,2482264.89,1083930.18
969300,2527874.36,1068665.77
970200,2384866.79,1083583.37
971100,2457065.37,1133449.31
972000,2549790.44,1154559.63
972900,2498941.77,1155440.46
973800,2463166.53,1147013.12
974700,2485796.81,1142740.26
975600,2531974.09,1205119.72
976500,2457381.68,1087233.86
977400,2461980.19,1083511.23
978300,2435309.88,1084536.16
979200,2475430.02,1096553.01
980100,2528053.25,1179544.46
981000,2499179.99,1100789.43
981900,2533098.72,1113623.57
982800,2491822.27,1195238.16
983700,2553777.28,1208578.49
984600,2550543.46,1175225.56
985500,2580174.5,1187854.34
986400,2509860.81,1144417.97
987300,2547922.21,1170714.39
988200,2535544.56,1140955.81
989100,2607506.56,1159850.19
990000,2652120.3,1273350.4
990900,2662388.03,1188389.01
991800,2634911.5,1188466.28
992700,2781838.99,1252291.35
993600,2797618.01,1159812.47
994500,2710652.44,1178279.85
995400,2869515.2,1227070.22
996300,2814650.39,1207223.51
997200,2798859.19,1224379.94
998100,2858399.32,1251181.92
999000,2819637.27,1208210.72
999900,2780945.25,1175298.25
1000800,2972035.86,1277085.02
1001700,2893151.55,1158807.95
1002600,2927945.98,1196113.4
1003500,2919098.14,1185400.91
1004400,2911373.57,1149691.13
1005300,2891502.78,1164223.85
1006200,2883640.05,1169678.38
1007100,2899761.2,1178451.6
1008000,2880272.64,1165743.07
1008900,2848150.54,1090131.96
1009800,2822774.41,1051942.29
1010700,2802409.15,1004929.6
1011600,2789018.55,1030024.2
1012500,2802037.72,1035133.03
1013400,2782954.19,1019872.01
1014300,2849450.96,1051976.17
1015200,2785634.95,1045772.64
1016100,2834764.62,1091743.84
1017000,2688876.25,990185.49
1017900,2667075.53,975671.26
1018800,2694625.58,1025352.63
1019700,2698770.26,1053297.45
1020600,2557660.4,1042844.33
1021500,2521122.99,1086890.9
1022400,2470323.94,1014721.8
1023300,2488682.74,1003731.35
1024200,2502581.63,1043428.71
1025100,2476060.82,1029257.08
1026000,2482469.6,1028250.27
1026900,2654551.3,1131394.04
1027800,2658261.11,1115143.8
1028700,2675865.05,1133177.76
1029600,2741583.07,1165912.9
1030500,2691764.74,1226647.16
1031400,2657837.95,1084762.21
1032300,2749927.73,1075466.03
1033200,2751806.76,1120275.88
1034100,2765105.16,1086602.42
1035000,2708652.83,1082100.04
1035900,2753137.12,1115041.17
1036800,2693049.59,1068744.42
1037700,2724811.16,1124454.25
1038600,2726434.57,1110176.7
1039500,2737305.08,1096695.1
1040400,2707450.1,1078402.04
1041300,2896349.03,1148732.3
1042200,2912825.32,1168604.46
1043100,2792107.91,1138885.53
1044000,2830113.28,1183844.24
1044900,2793698.55,1133331.76
1045800,2854376.04,1122571.38
1046700,2994998.57,1195174.71
1047600,3072491.91,1262263.28
1048500,2828427.34,1186057.62
1049400,2749755.8,1113442.2
1050300,2823135.22,1136348.42
1051200,2810350.34,1077428.28
1052100,2841609.74,1068937.13
1053000,2910559.02,1137134.03
1053900,2874354.77,1112537.11
1054800,3023114.87,1176762.27
1055700,3057597.11,1221296.72
1056600,2961307.07,1141782.62
1057500,2912322.14,1196695.86
1058400,3007551.27,1129870.15
1059300,2989240.17,1131323.46
1060200,3150839.54,1271270.14
1061100,3080678.92,1181257.42
1062000,3182846.74,1159671.75
1062900,3089889.4,1111378.88
1063800,3086925.75,1104283.54
1064700,3168568.54,1168164.18
1065600,3137256.87,1171336.21
1066500,3073060.73,1196403.53
1067400,3098807.74,1174543.49
1068300,3159668.7,1140357.97
1069200,3196291.63,1204828.12
1070100,3120772.06,1223600.56
1071000,3179244.05,1173969.82
1071900,3278395.84,1200400.73
1072800,3270342.5,1247077.33
1073700,3253972.41,1185865.72
1074600,3299596.71,1219583.22
1075500,3408554.63,1329795.14
1076400,3282998.47,1221390.38
1077300,3213410.34,1256185.91
1078200,3269922.73,1189531.68
1079100,3204406.77,1254816.65
1080000,3140648.16,1151409.39
1080900,3201203.98,1181051.97
1081800,3135411.25,1218127.81
1082700,3207189.42,1234872.34
1083600,3012401.0,1172307.31
1084500,3049647.03,1184262.54
1085400,3153525.51,1320996.0
1086300,2951072.85,1182154.45
1087200,3063544.46,1125819.49
1088100,3176071.93,1245154.27
1089000,3185622.16,1106878.6
1089900,3160231.75,1136343.57
1090800,3240170.84,1145834.56
1091700,3147345.25,1170109.95
1092600,3074933.62,1187608.8
1093500,3094519.41,1201027.95
1094400,2991020.05,1124483.0
1095300,2983356.9,1134174.04
1096200,2938539.83,1124645.42
1097100,3044409.03,1141079.04
1098000,2896251.8,1151920.9
1098900,2916104.28,1083366.12
1099800,2832175.51,994140.01
1100700,2822175.66,997448.18
1101600,2829871.12,1016290.37
1102500,2811471.86,1057292.08
1103400,2701323.49,952557.5
1104300,2736977.6,975178.53
1105200,2750808.38,1012407.07
1106100,2598621.0,993341.13
1107000,2576967.59,1013793.73
1107900,2630519.07,1047589.78
1108800,2481348.18,979952.45
1109700,2517744.32,1000187.81
1110600,2523873.87,1042304.72
1111500,2538921.39,1062021.97
1112400,2443956.12,968905.98
1113300,2639803.53,1085266.48
1114200,2636345.03,1109373.41
1115100,2649105.1,1107543.73
1116000,2597039.61,1076837.77
1116900,2695227.81,1155154.91
1117800,2674517.58,1136269.68
1118700,2736397.06,1114735.93
1119600,2696230.5,1086318.97
1120500,2587341.52,1058063.51
1121400,2562616.15,1035128.27
1122300,2534929.14,969656.71
1123200,2543737.7,979770.72
1124100,2639609.8,1009801.48
1125000,2526829.83,977871.73
1125900,2545970.49,989109.83
1126800,2561233.8,959302.37
1127700,2574458.77,996793.95
1128600,2553110.5,1005584.75
1129500,2625157.75,1038178.25
1130400,2732962.55,1140250.95
1131300,2649222.75,1069651.43
1132200,2723474.85,1075228.73
1133100,2832583.37,1094081.36
1134000,2828090.79,1066212.07
1134900,2776876.74,1088982.79
1135800,2838210.3,1097453.7
1136700,2732475.77,1074503.27
1137600,2764137.82,1041487.98
1138500,2933540.13,1181821.01
1139400,2888163.85,1113651.21
1140300,2948499.94,1135420.99
1141200,3087493.29,1162253.17
1142100,2950665.62,1116172.49
1143000,3049151.46,1145753.08
1143900,3092351.07,1171770.9
1144800,3031366.79,1086567.17
1145700,3093064.91,1121027.8
1146600,3162697.72,1124523.93
1147500,3228927.15,1137516.82
1148400,3098479.8,1115179.05
1149300,2942134.92,1132350.4
1150200,3106447.17,1117653.81
1151100,3115870.15,1168742.89
1152000,3175174.16,1195133.24
1152900,3147864.07,1145573.27
1153800,3274893.68,1188614.23
1154700,3227269.32,1164396.33
1155600,3168857.67,1228724.76
1156500,3315731.96,1268285.34
1157400,3138289.67,1136015.17
1158300,3168080.38,1185473.88
1159200,3244829.77,1167947.48
1160100,3215237.27,1164300.84
1161000,3224560.36,1154107.45
1161900,3290985.35,1254817.2
1162800,3094186.61,1146041.47
1163700,3095304.11,1165788.48
1164600,3192923.13,1198952.82
1165500,2886046.78,1096064.3
1166400,3082244.66,1082909.0
1167300,3113243.96,1185122.04
1168200,3089787.32,1250728.91
1169100,3082945.86,1156776.4
1170000,3022164.83,1166253.11
1170900,3023930.97,1212829.74
1171800,2987760.86,1183215.64
1172700,2954899.84,1149049.35
1173600,2865074.52,1044217.9
1174500,2885387.15,1031796.84
1175400,3074648.8,1165278.08
1176300,3003691.31,1055072.48
1177200,2956780.7,1046986.36
1178100,3090075.07,1059933.56
1179000,2948577.3,1091867.8
1179900,3045087.98,1103415.89
1180800,3015423.61,1121804.08
1181700,2950444.61,1126549.16
1182600,2921693.66,1146836.79
1183500,3003554.63,1137161.5
1184400,2937081.21,1093864.38
1185300,2836270.11,1076751.34
1186200,2837215.12,1089902.8
1187100,2897959.35,1075978.73
1188000,2756225.01,977123.38
1188900,2781764.83,1030539.46
1189800,2713488.56,994300.42
1190700,2702950.2,990938.05
1191600,2681209.35,981410.34
1192500,2639221.62,961717.9
1193400,2564131.35,985489.93
1194300,2509586.06,985555.76
1195200,2502247.83,972954.53
1196100,2509114.11,998602.57
1197000,2473595.86,990233.28
1197900,2418004.3,961661.96
1198800,2433970.0,962488.4
1199700,2588483.73,1060358.83
1200600,2607267.33,1079780.27
1201500,2593063.39,1069105.22
1202400,2598572.02,1092394.78
1203300,2594427.06,1091649.72
1204200,2501049.77,1005748.9
1205100,2543004.55,1041466.0
1206000,2501023.32,1013602.2
1206900,2510934.27,1035684.81
1207800,2485623.5,1039440.86
1208700,2515012.21,1051868.23
1209600,2562459.78,1053018.31
1210500,2564491.15,1063899.08
1211400,2497307.19,1019987.09
1212300,2561509.09,1053763.0
1213200,2499635.38,1003961.7
1214100,2521459.26,1010185.27
1215000,2553365.57,1008487.06
1215900,2545804.41,998224.73
1216800,2557583.31,1000760.65
1217700,2577016.11,990567.63
1218600,2705292.85,992577.94
1219500,2700306.52,984460.05
1220400,2689561.07,994720.18
1221300,2679327.94,996822.78
1222200,2727147.4,1084891.39
1223100,2771996.52,1148352.91
1224000,2833104.95,1044202.06
1224900,2818506.5,1050318.7
1225800,2788298.13,1053996.28
1226700,2939331.02,1088708.77
1227600,2940855.29,1082670.78
1228500,3030278.78,1095904.45
1229400,2970057.04,1023411.9
1230300,2937157.01,1108821.44
1231200,3148415.04,1216701.6
1232100,2962779.69,1163181.52
1233000,3151598.88,1116717.59
1233900,3128176.21,1191996.37
1234800,3068111.3,1097310.42
1235700,3112110.17,1095372.07
1236600,3037717.99,1181386.6
1237500,2892469.12,1135225.52
1238400,2898394.87,1150971.5
1239300,3080742.1,1221313.02
1240200,3203735.96,1267006.9
1241100,3117992.16,1129243.38
1242000,3109853.12,1164832.49
1242900,3074791.26,1155917.63
1243800,2981219.42,1155928.53
1244700,3184298.31,1259343.66
1245600,3113227.2,1210554.47
1246500,3081654.05,1214870.45
1247400,3373700.32,1225920.23
1248300,3121823.36,1222575.81
1249200,3222059.88,1302534.67
1250100,2148.65,-3812.53
1251000,2247.44,-3908.94
1251900,1398896.48,620901.58
1252800,1502803.71,727771.0
1253700,1771428.04,797391.82
1254600,1746435.52,758816.8
1255500,1765575.35,781416.96
1256400,1674863.98,738563.6
1257300,1795962.71,861906.01
1258200,1592121.64,745963.99
1259100,1628812.41,721692.17
1260000,1690131.87,775870.06
1260900,1664872.38,752413.15
1261800,1594735.11,742549.16
1262700,1747329.35,784289.79
1263600,1720203.0,757634.03
1264500,1684219.48,734494.54
1265400,1571992.03,720492.0
1266300,1665574.49,738497.86
1267200,1550927.22,732521.85
1268100,1568745.67,768800.17
1269000,1510147.71,756566.89
1269900,1527932.37,749551.12
1270800,1579208.13,742955.75
1271700,1514828.8,758732.67
1272600,1477505.77,723157.56
1273500,1470562.23,724168.03
1274400,1397176.85,704357.03
1275300,1402422.45,715830.41
1276200,1440717.96,702787.72
1277100,1375755.98,653116.24
1278000,1369278.72,686037.05
1278900,1386196.29,701062.41
1279800,1323480.01,669660.64
1280700,1378466.31,693859.59
1281600,1327086.82,655313.23
1282500,1333658.2,640737.76
1283400,1314123.5,651273.65
1284300,1349865.6,685684.66
1285200,1322802.34,704123.2
1286100,1287615.78,658806.98
1287000,1298514.86,666771.61
1287900,1303733.09,658913.73
1288800,1287291.96,661225.89
1289700,1276613.34,657351.29
1290600,1310874.85,703485.63
1291500,1271936.55,665264.65
1292400,1294931.49,685167.85
1293300,1267533.6,659778.53
1294200,1271970.43,662366.91
1295100,1268284.33,639448.79
1296000,1287725.01,654133.67
1296900,1277143.07,649284.3
1297800,1293713.2,654662.48
1298700,1288160.06,653020.48
1299600,1286095.46,650021.39
1300500,1283916.23,637080.78
1301400,1287915.07,664496.61
1302300,1299211.94,658727.51
1303200,1306094.06,645336.55
1304100,1296284.36,635558.81
1305000,1341313.39,675162.69
1305900,1360232.85,673627.26
1306800,1418146.0,680107.45
1307700,1377194.64,684668.43
1308600,1411143.68,686653.66
1309500,1406627.29,708642.15
1310400,1446371.8,721526.55
1311300,1435157.41,689860.02
1312200,1516701.42,707951.2
1313100,1538122.83,706987.52
1314000,1543502.2,720513.24
1314900,1607817.08,754963.44
1315800,1584251.4,718878.3
1316700,1606427.58,712691.16
1317600,1629079.1,747546.39
1318500,1629153.35,758237.09
1319400,1638768.13,755110.38
1320300,1644358.06,778412.57
1321200,1689844.39,777099.15
1322100,1633835.91,731517.79
1323000,1694127.59,758036.22
1323900,1764921.48,781580.84
1324800,1785775.91,803103.42
1325700,1800831.67,797101.96
1326600,1736880.71,791993.96
1327500,1699036.29,800773.22
1328400,1682618.59,777434.78
1329300,1820170.44,814176.64
1330200,1800928.25,831959.38
1331100,1941526.25,829531.31
1332000,1867166.75,808450.01
1332900,1807206.02,828088.9
1333800,1839879.36,825185.85
1334700,1903987.7,793118.23
1335600,1806880.83,790801.57
1336500,1905968.17,814322.75
1337400,1835517.43,820819.24
1338300,1782863.71,780079.1
1339200,1812753.66,800271.88
1340100,1833947.02,798114.72
1341000,1933070.71,852535.68
1341900,1769991.3,793992.65
1342800,1802704.65,767261.26
1343700,1805557.53,775462.19
1344600,1736420.65,756114.35
1345500,1625568.97,738330.69
1346400,1635195.83,691726.23
1347300,1650575.96,754058.62
1348200,1689375.64,730793.06
1349100,1703649.26,741345.52
1350000,1758512.33,805349.58
1350900,1613090.33,746552.49
1351800,1704847.23,773668.58
1352700,1618983.95,754724.21
1353600,1679170.81,763408.36
1354500,1592337.8,750820.86
1355400,1568424.5,766568.39
1356300,1593849.15,791897.74
1357200,1615507.32,770273.07
1358100,1487100.22,761750.7
1359000,1481806.0,754601.53
1359900,1477191.19,750486.69
1360800,1455539.06,758771.58
1361700,1425766.85,732446.59
1362600,1389702.58,655780.7
1363500,1443560.39,687840.55
1364400,1372591.55,646772.74
1365300,1385690.37,663261.57
1366200,1368832.21,636512.6
1367100,1348194.21,634919.22
1368000,1385098.11,652888.82
1368900,1391774.6,677353.45
1369800,1318709.29,619230.74
1370700,1324796.72,639836.15
1371600,1318572.33,636574.58
1372500,1370063.78,659762.24
1373400,1382983.8,692104.25
1374300,1326262.76,634366.61
1375200,1311824.98,642956.45
1376100,1338305.69,676988.98
1377000,1307702.91,645652.04
1377900,1333235.5,676155.4
1378800,1331598.54,682646.58
1379700,1305018.49,651454.1
1380600,1309034.64,653697.88
1381500,1281637.02,640371.83
1382400,1318665.89,682268.1
1383300,1295206.05,644937.38
1384200,1313529.51,673816.68
1385100,1304019.1,645917.91
1386000,1300136.26,661180.76
1386900,1302410.61,648376.74
1387800,1294167.57,630131.29
1388700,1327067.78,659402.62
1389600,1367768.83,677706.48
1390500,1363652.25,643180.94
1391400,1423568.66,678988.31
1392300,1396284.67,640087.74
1393200,1466505.52,645833.31
1394100,1405610.78,680358.03
1395000,1393784.82,660564.24
1395900,1397894.07,665477.23
1396800,1441931.95,671672.42
1397700,1430331.85,647579.13
1398600,1509642.88,718493.59
1399500,1506807.04,706765.5
1400400,1538070.47,746683.04
1401300,1557231.08,707303.38
1402200,1527335.82,693055.57
1403100,1597559.69,734750.61
1404000,1564718.63,693283.36
1404900,1678208.22,811358.28
1405800,1663663.15,790073.09
1406700,1759033.91,784616.73
1407600,1724702.09,752164.22
1408500,1734313.48,791355.65
1409400,1753467.04,813807.31
1410300,1795293.0,787355.71
1411200,1670853.42,751842.41
1412100,1756023.83,776076.05
1413000,1826018.19,801855.83
1413900,1735251.16,800274.81
1414800,1873790.77,812548.0
1415700,1796750.52,823395.45
1416600,1761360.99,851644.78
1417500,1684341.98,763919.4
1418400,1891585.78,924297.64
1419300,1887777.83,880300.6
1420200,1724818.18,764082.92
1421100,1790273.8,822249.39
1422000,1767572.2,780934.57
1422900,1825618.01,806047.94
1423800,1695504.27,750932.83
1424700,1841656.04,798316.31
1425600,1762197.88,800738.34
1426500,1823435.03,810872.13
1427400,1697730.01,781326.87
1428300,1893002.56,871404.42
1429200,1687091.95,750905.27
1430100,1761719.79,766570.4
1431000,1703540.68,775908.42
1431900,1724546.45,784035.1
1432800,1654547.88,747840.64
1433700,1563222.66,734543.24
1434600,1562269.87,756977.14
1435500,1591467.59,695211.64
1436400,1523431.64,706976.26
1437300,1652608.52,746029.63
1438200,1541882.35,693902.71
1439100,1505714.81,722495.73
1440000,1459998.05,683167.42
1440900,1455454.93,687703.22
1441800,1498939.91,743297.97
1442700,1501573.52,731516.14
1443600,1463301.18,718025.39
1444500,1484130.16,736706.82
1445400,1423398.01,643661.59
1446300,1460582.89,682819.61
1447200,1451304.38,697037.84
1448100,1391098.21,672972.11
1449000,1388762.6,675720.61
1449900,1406911.01,675618.35
1450800,1366895.42,671729.28
1451700,1354268.28,658682.46
1452600,1402363.49,716645.32
1453500,1347959.38,674555.69
1454400,1373762.6,695893.52
1455300,1371150.05,705563.51
1456200,1325558.99,666204.8
1457100,1343281.22,710305.85
1458000,1303655.27,672924.87
1458900,1327941.38,695632.97
1459800,1335614.96,705715.85
1460700,1309933.59,684192.35
1461600,1281482.48,669558.38
1462500,1338274.75,732717.41
1463400,1308329.04,673197.6
1464300,1336956.12,715149.81
1465200,1287844.39,675170.84
1466100,1297250.15,671538.12
1467000,1325355.74,715222.41
1467900,1273041.41,674581.24
1468800,1299990.05,688264.71
1469700,1342334.29,716705.02
1470600,1341471.59,714825.9
1471500,1310376.07,697875.55
1472400,1298816.99,685313.42
1473300,1301273.16,677171.45
1474200,1332791.84,708256.26
1475100,1388706.85,778055.33
1476000,1348067.14,718391.05
1476900,1313368.93,699085.24
1477800,1367678.1,714302.03
1478700,1347710.54,691559.6
1479600,1341867.1,687422.79
1480500,1344342.41,718187.71
1481400,1325775.7,691506.32
1482300,1334952.39,684005.77
1483200,1346706.21,730422.91
1484100,1342677.8,717883.58
1485000,1367133.54,761505.52
1485900,1322855.35,714814.09
1486800,1318081.88,706801.48
1487700,1350660.28,729100.07
1488600,1334306.76,713654.39
1489500,1294010.28,693969.18
1490400,1365616.42,751036.56
1491300,1342727.23,739843.32
1492200,1365652.31,738908.66
1493100,1380412.81,732293.33
1494000,1416954.35,774740.75
1494900,1377615.6,785830.08
1495800,1396961.15,782040.8
1496700,1434984.74,793605.47
1497600,1375144.41,775008.45
1498500,1377773.44,764552.12
1499400,1421053.34,784121.52
1500300,1426743.16,778754.15
1501200,1445717.29,779722.96
1502100,1437982.54,789123.5
1503000,1414026.49,764756.2
1503900,1440331.05,777373.9
1504800,1427870.91,758473.66
1505700,1382582.06,761047.76
1506600,1420379.7,789359.8
1507500,1480810.82,811943.12
1508400,1430400.97,761381.2
1509300,1454421.39,784823.82
1510200,1465131.32,802432.8
1511100,1427431.73,758308.04
1512000,1426476.65,770659.97
1512900,1492114.29,830430.27
1513800,1439432.65,769518.49
1514700,1508036.77,825411.25
1515600,1497300.2,796393.89
1516500,1413011.99,712597.69
1517400,1517109.56,793367.16
1518300,1476101.81,783496.49
1519200,1414694.0,712402.31
1520100,1462840.85,762881.84
1521000,1401118.65,717470.12
1521900,1428777.56,723851.44
1522800,1505465.42,784282.75
1523700,1436418.82,724332.92
1524600,1437869.29,692777.53
1525500,1457297.42,699392.3
1526400,1392498.5,654426.82
1527300,1419135.41,668985.72
1528200,1393261.41,670057.98
1529100,1399891.39,678651.76
1530000,1393176.54,679846.8
1530900,1378090.58,694851.2
1531800,1340083.1,643811.0
1532700,1368338.38,677879.43
1533600,1391880.25,713033.75
1534500,1347392.4,648705.6
1535400,1343861.57,628152.65
1536300,1357317.26,661122.07
1537200,1343654.85,673867.86
1538100,1320819.12,655582.67
1539000,1338946.11,675649.57
1539900,1341635.74,693383.51
1540800,1324374.02,663924.68
1541700,1365637.21,694053.04
1542600,1303114.93,657410.89
1543500,1302342.41,667273.04
1544400,1327122.99,709287.96
1545300,1297436.19,668840.33
1546200,1318355.35,691769.44
1547100,1313310.79,705348.91
1548000,1310799.41,694550.54
1548900,1316288.45,686524.66
1549800,1280839.97,650640.38
1550700,1318890.47,674513.31
1551600,1305312.29,678593.35
1552500,1286523.47,671721.5
1553400,1347542.82,728125.76
1554300,1303319.27,697025.57
1555200,1296862.43,697198.06
1556100,1348527.83,748870.51
1557000,1292694.85,691019.53
1557900,1301606.05,705163.79
1558800,1297320.19,700431.52
1559700,1299624.94,692895.45
1560600,1303970.95,695555.69
1561500,1358785.03,735784.15
1562400,1319605.5,683911.38
1563300,1328176.12,694376.22
1564200,1384115.57,726913.42
1565100,1429587.52,759192.63
1566000,1339638.61,696175.05
1566900,1334945.25,720544.92
1567800,1326313.57,702263.21
1568700,1318232.94,691623.41
1569600,1344582.18,751072.17
1570500,1330058.9,725248.35
1571400,1318558.41,725571.99
1572300,1322035.86,696922.67
1573200,1280326.17,683321.69
1574100,1333772.64,747385.89
1575000,1321676.51,713371.86
1575900,1317505.19,716477.42
1576800,1373614.75,763159.15
1577700,1362937.32,770149.84
1578600,1366901.0,751911.53
1579500,1386816.28,753679.5
1580400,1418514.22,763601.9
1581300,1361961.46,721618.19
1582200,1363258.12,726139.25
1583100,1415938.11,742686.68
1584000,1409901.86,739492.77
1584900,1402899.44,744413.36
1585800,1385872.65,741804.84
1586700,1489437.1,754669.83
1587600,1414143.49,745992.37
1588500,1427617.31,747756.87
1589400,1415854.61,726303.22
1590300,1439178.31,796006.53
1591200,1394940.31,742271.12
1592100,1437509.77,786452.36
1593000,1468634.58,802377.32
1593900,1358410.86,702601.5
1594800,1455434.88,805343.26
1595700,1574210.82,864270.26
1596600,1423714.87,796890.47
1597500,1436602.66,786328.67
1598400,1496726.81,844342.44
1599300,1495093.14,765056.95
1600200,1552719.27,799745.54
1601100,1498621.22,811070.07
1602000,1445068.27,786053.74
1602900,1469597.17,792415.92
1603800,1486728.15,817788.67
1604700,1414107.79,762890.26
1605600,1438718.26,766235.5
1606500,1462520.87,799339.87
1607400,1426866.67,772129.58
1608300,1498373.84,759870.67
1609200,1412549.38,734544.43
1610100,1417290.53,748226.17
1611000,1459194.67,747144.38
1611900,1388912.75,675208.65
1612800,1432151.0,713215.67
1613700,1431371.61,719774.05
1614600,1415199.1,725948.46
1615500,1413369.14,719556.43
1616400,1460095.73,789136.69
1617300,1416755.77,724921.69
1618200,1366146.24,685573.88
1619100,1365404.11,686260.07
1620000,1385525.94,725536.74
1620900,1397449.4,747463.53
1621800,1324325.96,667107.51
1622700,1440495.39,727234.86
1623600,1366616.46,726363.56
1624500,1307559.17,703604.1
1625400,1375756.62,750711.0
1626300,1360140.66,746253.85
1627200,1333097.35,723143.55
1628100,1361573.64,761458.19
1629000,1400746.86,720808.69
1629900,1288018.34,707555.42
1630800,1342188.35,721286.87
1631700,1317249.94,711387.18
1632600,1339539.64,724668.18
1633500,1323519.47,705069.85
1634400,1282890.11,706022.64
1635300,1326571.38,751032.62
1636200,1289629.49,703715.88
1637100,1379841.61,721128.3
1638000,1282910.43,707380.55
1638900,1312477.29,735845.95
1639800,1383836.06,800025.88
1640700,1305704.68,733633.03
1641600,1378435.55,735446.23
1642500,1341349.82,736930.39
1643400,1315698.39,706235.6
1644300,1327483.7,711802.19
1645200,1291938.63,691163.64
1646100,1319869.26,687340.58
1647000,1317159.12,710642.4
1647900,1431088.35,736958.13
1648800,1349832.46,698967.13
1649700,1352709.14,671641.48
1650600,1363513.92,674574.01
1651500,1428102.54,718666.08
1652400,1412985.99,725156.52
1653300,1410563.05,733658.39
1654200,1386408.23,688742.16
1655100,1463600.56,778129.12
1656000,1422635.65,715987.15
1656900,1508914.86,759162.32
1657800,1486992.19,709955.29
1658700,1538592.04,734358.58
1659600,1489292.45,699707.43
1660500,1580377.26,751370.27
1661400,1616460.11,773817.72
1662300,1660452.94,735550.87
1663200,1693032.99,761610.44
1664100,1715987.73,770571.53
1665000,1605377.75,726132.57
1665900,1661218.23,742214.17
1666800,1710763.18,781717.62
1667700,1759063.02,836948.0
1668600,1782293.15,824443.08
1669500,1909620.57,872350.52
1670400,1759016.69,813870.3
1671300,1864036.93,860398.41
1672200,1846484.62,812096.56
1673100,1839753.85,804236.21
1674000,1874362.15,808310.03
1674900,1926426.64,850589.26
1675800,1958768.83,825577.24
1676700,1937502.78,836425.51
1677600,1938856.84,906804.29
1678500,1919497.74,876934.2
1679400,1972797.64,858279.24
1680300,1904734.41,857980.96
1681200,1947449.52,819600.59
1682100,1950413.64,831147.95
1683000,2029161.25,874818.51
1683900,2000146.27,823574.98
1684800,1888949.34,877865.02
1685700,1974435.79,877424.93
1686600,2023767.79,930070.68
1687500,1841197.27,890063.42
1688400,1891603.73,888314.12
1689300,1751402.07,825696.35
1690200,1878004.12,891058.5
1691100,1831409.91,879898.13
1692000,1729788.48,785899.75
1692900,1824070.5,891979.34
1693800,1747238.43,811071.35
1694700,1819267.46,822936.13
1695600,1702417.05,816257.08
1696500,1747889.01,780258.0
1697400,1653051.91,804038.36
1698300,1709664.73,767830.44
1699200,1648171.42,767414.43
1700100,1688838.32,802349.3
1701000,1590850.25,755493.26
1701900,1695876.34,795481.57
1702800,1561484.8,757633.48
1703700,1556999.54,789763.37
1704600,1552680.82,749731.38
1705500,1504923.61,719041.81
1706400,1496875.03,724019.99
1707300,1499271.97,742454.04
1708200,1463988.92,702934.94
1709100,1454209.26,709923.34
1710000,1429157.32,717113.07
1710900,1395349.91,697865.84
1711800,1452286.19,755786.22
1712700,1420302.7,749821.38
1713600,1402936.71,712453.58
1714500,1426023.56,732402.65
1715400,1361646.06,699693.05
1716300,1422314.58,748692.26
1717200,1414692.63,746378.08
1718100,1352664.83,720633.91
1719000,1391520.63,741579.99
1719900,1342233.12,695074.13
1720800,1322498.57,699174.22
1721700,1371214.51,692653.38
1722600,1325011.87,651793.21
1723500,1346358.12,679098.54
1724400,1333258.12,654852.45
1725300,1332105.29,665394.93
1726200,1357802.4,697796.45
1727100,1315954.83,657015.56
1728000,1331011.23,659403.63
1728900,1359613.59,695209.26
1729800,1337811.13,662175.75
1730700,1367006.01,693253.05
1731600,1355312.16,692766.63
1732500,1382655.21,706922.61
1733400,1370879.24,699384.61
1734300,1369193.39,668414.25
1735200,1349514.4,667691.71
1736100,1377156.83,650126.31
1737000,1421325.9,652443.24
1737900,1401427.28,647516.05
1738800,1446386.72,653388.06
1739700,1531631.93,741908.02
1740600,1426398.83,674018.37
1741500,1494120.39,695632.87
1742400,1486120.61,725934.63
1743300,1487510.01,690047.52
1744200,1524902.62,710370.21
1745100,1592190.77,722741.27
1746000,1664551.21,728058.01
1746900,1738139.92,818966.58
1747800,1652896.27,723054.02
1748700,1731343.6,786058.32
1749600,1720599.52,728696.5
1750500,1921814.76,850919.86
1751400,1811138.76,776244.87
1752300,1822844.42,803232.33
1753200,1903275.97,810232.73
1754100,1776834.32,777175.05
1755000,1770628.69,811638.7
1755900,1832903.32,828724.46
1756800,1823984.62,815391.08
1757700,1816354.34,801284.36
1758600,1874448.49,837508.85
1759500,1917852.54,856301.15
1760400,1970741.27,963911.32
1761300,1927873.54,930780.58
1762200,2028948.21,938093.99
1763100,2079725.92,960113.16
1764000,2069389.16,939198.39
1764900,2096135.38,952498.9
1765800,2005410.1,887259.06
1766700,2099994.78,980579.59
1767600,2093297.42,975530.91
1768500,2071614.07,927532.29
1769400,2084943.24,890058.93
1770300,2000311.43,947719.3
1771200,2089055.15,948021.7
1772100,1984884.34,870880.65
1773000,1979840.15,917642.76
1773900,1971412.08,878178.31
1774800,1857128.27,879049.99
1775700,1875518.19,891258.54
1776600,1930115.94,908781.28
1777500,1834253.91,849358.89
1778400,1777598.88,827407.01
1779300,1804886.35,860076.69
1780200,1791094.57,839171.81
1781100,1832908.63,844095.15
1782000,1712476.32,788854.8
1782900,1712945.89,799742.25
1783800,1711792.88,764235.17
1784700,1739006.84,757661.5
1785600,1748458.47,795899.41
1786500,1590520.02,740474.49
1787400,1604955.41,776914.03
1788300,1573043.43,760705.99
1789200,1584833.22,743292.48
1790100,1545765.66,766169.59
1791000,1528245.12,747060.61
1791900,1507487.09,711038.91
1792800,1498786.93,722680.39
1793700,1484121.09,683026.25
1794600,1486510.99,704890.32
1795500,1489888.37,741368.04
1796400,1458054.84,688138.09
1797300,1431585.75,694033.45
1798200,1429591.92,700398.83
1799100,1470707.15,754539.28
1800000,1441599.24,716260.16
1800900,1398891.63,691915.19
1801800,1404516.36,722834.75
1802700,1376136.47,691510.16
1803600,1377822.6,695420.84
1804500,1363977.08,687906.65
1805400,1373741.46,706784.64
1806300,1349211.64,688684.39
1807200,1390820.71,755793.0
1808100,1345580.2,705714.39
1809000,1349029.91,703005.98
1809900,1355697.42,717293.52
1810800,1364283.97,721250.98
1811700,1345389.31,714200.41
1812600,1348489.47,704092.07
1813500,1356798.34,683077.79
1814400,1354766.42,705397.98
1815300,1344757.32,691233.31
1816200,1352198.36,706756.71
1817100,1424481.72,759507.57
1818000,1383842.1,726030.12
1818900,1348504.21,697587.16
1819800,1363623.41,719697.69
1820700,1366751.4,700429.69
1821600,1414725.68,717939.88
1822500,1389088.17,665000.43
1823400,1416044.68,717371.25
1824300,1405123.63,688833.16
1825200,1498801.76,693659.0
1826100,1442006.29,752399.69
1827000,1470762.36,739283.75
1827900,1483342.8,720954.71
1828800,1554478.09,767631.59
1829700,1554120.03,775368.35
1830600,1680500.98,841823.27
1831500,1619079.16,776284.24
1832400,1619201.57,769521.15
1833300,1676649.99,748657.75
1834200,1646554.23,829160.16
1835100,1702422.18,829637.7
1836000,1813352.51,836813.6
1836900,1815472.05,855468.38
1837800,1759807.16,817407.53
1838700,1793133.18,866120.73
1839600,1779545.01,850130.49
1840500,1804677.61,835269.1
1841400,1758935.58,824196.35
1842300,1925007.84,879274.93
1843200,1892678.65,833193.88
1844100,1835032.29,842247.25
1845000,1927690.98,872486.48
1845900,1974641.88,868618.74
1846800,1841280.67,860311.61
1847700,1893042.02,868836.55
1848600,1955885.1,881712.16
1849500,2024992.03,1013636.63
1850400,1907006.1,846768.31
1851300,1973489.23,879870.67
1852200,1992169.83,883951.63
1853100,1949510.74,870355.87
1854000,1894068.33,868517.12
1854900,1888926.27,880395.9
1855800,1898852.23,892800.66
1856700,1904483.83,853397.55
1857600,1788220.73,814629.18
1858500,1835823.67,796064.67
1859400,1905224.4,848257.05
1860300,1953022.52,910192.29
1861200,1855704.71,823790.95
1862100,1757017.36,808705.81
1863000,1801826.11,842296.33
1863900,1716886.05,829842.96
1864800,1704014.74,821086.76
1865700,1761914.52,790155.4
1866600,1665297.91,768122.86
1867500,1819974.15,774164.25
1868400,1736110.75,763228.0
1869300,1801558.41,784816.86
1870200,1767682.34,773627.75
1871100,1764496.49,802836.73
1872000,1647363.37,797291.02
1872900,1659925.23,800493.62
1873800,1620651.12,788593.32
1874700,1615399.57,794930.05
1875600,1675979.46,804776.64
1876500,1609371.0,825993.8
1877400,1572483.76,744062.35
1878300,1531414.31,750789.09
1879200,1521101.44,705343.14
1880100,1458226.41,655852.2
1881000,1511959.81,739671.75
1881900,1529104.06,770221.25
1882800,1507687.87,773698.88
1883700,1418474.4,722448.58
1884600,1413467.19,696867.83
1885500,1435344.27,709202.0
1886400,1406142.15,702932.01
1887300,1373088.23,683355.29
1888200,1391676.36,720636.57
1889100,1364671.14,707481.63
1890000,1370450.04,704053.62
1890900,1385630.77,745550.99
1891800,1366109.44,696467.01
1892700,1355171.54,697157.87
1893600,1388467.9,736342.25
1894500,1347924.87,698949.55
1895400,1344151.89,722172.73
1896300,1349237.37,707811.31
1897200,1337709.14,717855.1
1898100,1366716.52,710906.07
1899000,1356448.52,713636.63
1899900,1356988.31,698285.61
1900800,1373114.96,722528.5
1901700,1334627.66,694829.96
1902600,1350281.98,698463.23
1903500,1342873.99,708648.01
1904400,1343535.64,694293.73
1905300,1354116.03,684728.58
1906200,1375464.66,704550.48
1907100,1363519.59,704213.1
1908000,1379052.7,704103.52
1908900,1407340.94,703239.9
1909800,1397693.85,668690.73
1910700,1422912.05,685725.13
1911600,1437440.64,687486.51
1912500,1486704.07,713612.64
1913400,1453739.5,666666.6
1914300,1483452.94,747525.42
1915200,1446677.03,713025.05
1916100,1630539.09,760843.32
1917000,1705095.34,796596.95
1917900,1737885.41,810567.08
1918800,1723860.53,811063.93
1919700,1691564.58,873675.02
1920600,1712588.65,820457.52
1921500,1707008.42,839586.27
1922400,1732846.44,817927.83
1923300,1881001.83,875873.29
1924200,1797384.25,829058.72
1925100,1803162.32,841922.97
1926000,1879465.48,866205.78
1926900,1770767.76,825275.12
1927800,1760481.63,838150.73
1928700,1834890.11,823907.32
1929600,1780772.09,839514.5
1930500,1872436.07,857268.13
1931400,1817567.23,895838.29
1932300,1779394.41,855667.33
1933200,1803604.61,841668.27
1934100,1902871.95,843307.34
1935000,1795531.77,823161.9
1935900,1936036.74,843707.7
1936800,1916882.72,840317.5
1937700,1942723.11,816649.84
1938600,1857604.61,834789.0
1939500,1983476.99,827480.53
1940400,1944207.64,885700.2
1941300,1962374.54,924269.35
1942200,1883006.2,809315.19
1943100,1872189.42,822789.92
1944000,1792342.53,805991.91
1944900,1867736.76,818151.95
1945800,1873637.97,826728.33
1946700,1796929.32,822821.78
1947600,1853108.46,846828.37
1948500,1843560.79,820520.87
1949400,1727630.86,820568.02
1950300,1739160.74,819532.56
1951200,1743832.21,807940.61
1952100,1734916.08,797123.02
1953000,1736745.03,799730.53
1953900,1794288.12,793536.16
1954800,1702045.26,761563.11
1955700,1685149.84,771052.83
1956600,1728473.79,782033.11
1957500,1680457.49,764652.65
1958400,1613685.7,768897.22
1959300,1599184.11,769238.62
1960200,1626544.46,772543.03
1961100,1694363.53,743593.51
1962000,1560911.04,736094.51
1962900,1542130.1,731397.13
1963800,1518502.17,696165.16
1964700,1501129.94,708969.09
1965600,1481699.16,701506.35
1966500,1480065.49,703527.01
1967400,1466510.83,697625.24
1968300,1446537.23,686291.2
1969200,1413040.37,696775.36
1970100,1408339.6,699119.93
1971000,1415134.74,678079.1
1971900,1407979.52,682875.55
1972800,1434766.3,712145.14
1973700,1388402.89,686539.95
1974600,1365119.57,688528.11
1975500,1411477.48,728850.59
1976400,1376926.3,705707.24
1977300,1366522.43,693507.57
1978200,1380151.34,713922.45
1979100,1374133.76,687883.76
1980000,1340186.55,673279.08
1980900,1356841.0,682105.59
1981800,1338873.14,677259.61
1982700,1362966.16,722822.57
1983600,1356243.35,699187.77
1984500,1351217.38,680574.74
1985400,1360595.95,691339.42
1986300,1358171.91,696602.87
1987200,1374133.76,728174.93
1988100,1347443.76,706921.23
1989000,1367549.47,712383.64
1989900,1357176.91,708552.52
1990800,1363113.46,710811.49
1991700,1363123.35,700365.33
1992600,1339171.42,684529.91
1993500,1421377.9,730326.51
1994400,1370104.61,681984.01
1995300,1377405.85,699391.2
1996200,1418256.32,703213.62
1997100,1460019.1,697907.41
1998000,1418545.35,688998.05
1998900,1503481.02,736078.86
1999800,1462634.31,714750.27
2000700,1458906.83,733291.63
2001600,1476278.59,754241.64
2002500,1497764.83,752143.98
2003400,1565555.33,767636.99
2004300,1525297.03,743913.94
2005200,1551109.22,753738.19
2006100,1590910.49,754256.65
2007000,1587457.21,772780.06
2007900,1579533.51,737603.12
2008800,1613040.16,736481.96
2009700,1661321.5,770493.53
2010600,1774088.93,775151.64
2011500,1695122.59,801031.31
2012400,1637122.65,737877.14
2013300,1748619.96,758807.83
2014200,1662244.26,728498.2
2015100,1771096.98,757678.07
2016000,1738159.15,802681.73
2016900,1847784.85,853561.8
2017800,1796308.04,829794.8
2018700,1811018.1,790001.59
2019600,1819403.05,780124.15
2020500,1843969.94,790930.66
2021400,1727413.42,771864.99
2022300,1729153.75,795605.99
2023200,1776517.73,830246.25
2024100,1867708.47,825863.62
2025000,1749436.8,822935.94
2025900,1855468.69,828832.67
2026800,1863802.28,912145.94
2027700,1886205.96,904612.7
2028600,1929807.22,879192.26
2029500,1897113.01,926335.33
2030400,1875193.73,923886.29
2031300,1881287.57,941130.8
2032200,1974734.44,954446.59
2033100,1917729.95,898617.19
2034000,1911368.5,938266.85
2034900,1928511.47,921935.58
2035800,1786423.28,850325.04
2036700,1772133.54,872126.04
2037600,1739806.0,837461.15
2038500,1657702.51,851240.66
2039400,1680927.25,828312.74
2040300,1657888.64,817241.82
2041200,1708143.13,806338.81
2042100,1634900.85,820676.7
2043000,1708918.03,802730.44
2043900,1672994.66,793702.97
2044800,1579033.26,810912.69
2045700,1525718.26,763036.74
2046600,1571054.17,809554.69
2047500,1515017.67,808121.52
2048400,1551593.08,825526.98
2049300,1484658.87,775050.38
2050200,1497966.43,784992.83
2051100,1487724.15,774052.28
2052000,1515650.21,756490.45
2052900,1468959.32,716671.05
2053800,1469577.76,724579.28
2054700,1454489.32,725598.08
2055600,1438198.15,730753.05
2056500,1429183.59,735035.25
2057400,1436829.9,728283.69
2058300,1450995.57,713186.46
2059200,1432486.45,700900.73
2060100,1408742.25,709726.41
2061000,1384759.0,685909.06
2061900,1354976.35,671920.53
2062800,1399690.8,715073.82
2063700,1362003.75,710412.6
2064600,1368264.95,699685.91
2065500,1426360.2,766314.06
2066400,1344479.19,705328.31
2067300,1343831.73,696792.94
2068200,1368484.13,725876.31
2069100,1313989.65,679615.91
2070000,1370610.44,729355.13
2070900,1349341.19,716993.68
2071800,1349889.22,722887.94
2072700,1377060.79,754883.06
2073600,1349846.1,728495.73
2074500,1458707.52,795370.79
2075400,1363239.99,742678.89
2076300,1378964.81,745832.79
2077200,1401861.69,788079.35
2078100,1372339.23,746018.01
2079000,1438496.89,832086.18
2079900,1326325.01,704911.65
2080800,1370066.89,713186.55
2081700,1405251.8,743623.17
2082600,1359201.87,704881.07
2083500,1427882.54,767721.22
2084400,1420864.2,764635.71
2085300,1372236.51,722916.23
2086200,1392626.5,719706.12
2087100,1452162.78,771851.35
2088000,1399041.32,715214.81
2088900,1454254.67,768333.98
2089800,1391361.51,730548.8
2090700,1386788.91,727121.89
2091600,1420461.55,729154.45
2092500,1418157.44,713327.36
2093400,1461626.04,772719.82
2094300,1418170.81,735401.28
2095200,1473658.45,841905.85
2096100,1417701.51,772569.76
2097000,1418162.48,751902.47
2097900,1469364.17,804589.05
2098800,1431732.6,745175.35
2099700,1455903.53,761486.48
2100600,1454923.19,762919.92
2101500,1411021.91,749128.14
2102400,1432793.06,754220.31
2103300,1441122.16,763739.59
2104200,1488270.54,801405.67
2105100,1444905.49,811716.98
2106000,1382343.38,762068.85
2106900,1378896.06,750332.98
2107800,1405082.34,723984.19
2108700,1444449.83,773750.89
2109600,1429135.07,754201.26
2110500,1484305.66,807120.12
2111400,1470222.11,771950.68
2112300,1474114.11,772525.54
2113200,1469923.74,759422.52
2114100,1440934.66,728996.43
2115000,1516706.63,796411.38
2115900,1504940.46,813515.44
2116800,1494267.79,774937.77
2117700,1517633.42,780723.27
2118600,1510893.77,802517.85
2119500,1503287.93,788638.46
2120400,1524730.59,784322.48
2121300,1488428.01,747492.28
2122200,1491140.26,750741.58
2123100,1531118.68,760183.5
2124000,1474567.75,728020.2
2124900,1441658.48,718266.08
2125800,1452085.69,718757.35
2126700,1475873.11,720868.93
2127600,1455935.67,725438.78
2128500,1490496.64,739983.67
2129400,1427342.74,694645.57
2130300,1424216.13,707602.48
2131200,1433161.74,732203.34
2132100,1509007.14,788665.19
2133000,1409044.46,705344.97
2133900,1429044.98,744823.97
2134800,1411871.98,719617.77
2135700,1397996.25,674570.62
2136600,1428231.17,710151.31
2137500,1417175.63,710743.93
2138400,1366978.55,681168.73
2139300,1384771.55,686465.42
2140200,1414872.99,729929.08
2141100,1385417.72,697796.45
2142000,1385216.22,725536.29
2142900,1404227.97,743024.69
2143800,1359798.61,717912.14
2144700,1388032.2,751479.49
2145600,1354822.54,724141.39
2146500,1378369.81,724338.68
2147400,1377055.85,762199.13
2148300,1378199.71,741521.21
2149200,1411298.86,767823.76
2150100,1356536.59,749201.29
2151000,1350314.39,745606.2
2151900,1358645.6,753820.22
2152800,1362328.58,747273.65
2153700,1357476.75,721785.37
2154600,1325474.76,711918.91
2155500,1327378.78,734824.58
2156400,1371128.17,779640.93
2157300,1330460.63,742652.34
2158200,1352810.03,747649.48
2159100,1343714.08,743278.93
2160000,1351369.54,764244.69
2160900,1347754.03,759074.43
2161800,1352884.83,757701.05
2162700,1353364.38,760464.29
2163600,1354580.02,767973.27
2164500,1338218.99,737424.41
2165400,1371903.53,748605.93
2166300,1372627.44,748207.31
2167200,1397442.35,764935.18
2168100,1371223.02,758432.83
2169000,1412363.16,775841.4
2169900,1405843.41,747823.52
2170800,1450381.99,797606.05
2171700,1414003.42,780899.41
2172600,1392256.16,750228.88
2173500,1390438.2,760622.77
2174400,1389538.15,772284.94
2175300,1383665.95,767546.72
2176200,1442973.36,794250.73
2177100,1363945.31,745703.7
2178000,1391272.89,762746.25
2178900,1372632.84,757509.25
2179800,1369117.49,746212.55
2180700,1375119.87,763245.3
2181600,1379247.53,775782.26
2182500,1381063.84,734950.01
2183400,1390200.07,757566.38
2184300,1411271.21,784485.53
2185200,1362182.28,741520.75
2186100,1469901.4,965212.92
2187000,1362494.93,758930.05
2187900,1405730.99,802433.81
2188800,1359053.56,763009.0
2189700,1394259.52,770081.82
2190600,1460374.51,781153.84
2191500,1409906.89,775572.88
2192400,1370574.37,745010.93
2193300,1416037.81,786982.18
2194200,1408933.5,782678.92
2195100,1438645.29,787682.28
2196000,1437705.14,778934.51
2196900,1433702.36,777170.65
2197800,1406965.94,735804.84
2198700,1459990.54,801919.19
2199600,1493375.34,766884.16
2200500,1440614.59,764905.24
2201400,1619885.38,851337.25
2202300,1529194.52,766958.77
2203200,1551905.27,792685.55
2204100,1483419.62,788073.39
2205000,1553732.21,772626.53
2205900,1610467.53,808012.48
2206800,1521209.29,793194.49
2207700,1503473.88,779874.94
2208600,1418656.31,712000.21
2209500,1548622.83,823546.51
2210400,1497516.08,778174.53
2211300,1530408.23,754227.91
2212200,1445115.05,708309.72
2213100,1427699.25,688784.64
2214000,1472622.71,721442.87
2214900,1496879.06,751248.05
2215800,1429173.25,692270.05
2216700,1454738.25,724583.22
2217600,1445078.8,736284.12
2218500,1499718.66,754199.43
2219400,1409716.09,704264.56
2220300,1448433.75,752114.78
2221200,1455829.93,757438.02
2222100,1398747.71,694930.39
2223000,1420988.89,705841.83
2223900,1478716.64,773186.74
2224800,1419541.35,714440.73
2225700,1389819.12,707952.67
2226600,1497198.67,749945.53
2227500,1444109.53,765197.66
2228400,1373810.76,736331.27
2229300,1423189.09,790829.41
2230200,1382995.06,714003.39
2231100,1374610.38,720029.11
2232000,1387020.36,755398.68
2232900,1384032.44,739182.04
2233800,1367548.0,737280.58
2234700,1386736.08,761168.79
2235600,1390221.04,753134.58
2236500,1375724.12,764591.49
2237400,1392889.34,784779.6
2238300,1383266.69,767040.44
2239200,1324557.95,741764.47
2240100,1340845.37,754761.75
2241000,1372045.62,789187.59
2241900,1329925.78,750007.97
2242800,1331848.21,741379.03
2243700,1343299.9,723408.87
2244600,1402024.84,706333.47
2245500,1351410.1,741581.36
2246400,1363888.28,734204.22
2247300,1352870.64,718698.12
2248200,1352271.79,715198.06
2249100,1336734.01,711293.79
2250000,1347837.43,717017.4
2250900,1354291.17,708450.44
2251800,1333623.5,691082.43
2252700,1367063.51,702108.86
2253600,1440563.51,708311.1
2254500,1373555.05,669526.25
2255400,1444837.74,749223.36
2256300,1438938.9,705793.21
2257200,1439083.83,703389.5
2258100,1416212.13,717865.17
2259000,1454346.59,698134.09
2259900,1502698.97,716249.45
2260800,1467195.56,687628.51
2261700,1522840.58,697881.77
2262600,1530735.53,681133.85
2263500,1562876.86,686243.04
2264400,1576806.52,691933.69
2265300,1612795.81,709388.49
2266200,1621611.6,728641.2
2267100,1631527.5,730096.53
2268000,1834464.57,770722.14
2268900,1715106.35,741359.44
2269800,1811342.83,772558.87
2270700,1677561.77,748883.88
2271600,1726014.04,763799.84
2272500,1686857.67,742388.49
2273400,1823715.45,835667.08
2274300,1791462.89,745166.38
2275200,1736588.29,739596.68
2276100,1831445.98,774951.42
2277000,1875075.53,842009.67
2277900,1822643.65,764489.04
2278800,1804073.27,774491.09
2279700,1840840.85,824141.69
2280600,1805705.38,824291.84
2281500,1805860.2,814756.44
2282400,1894665.25,822243.99
2283300,1784282.23,785077.61
2284200,1862800.96,792304.41
2285100,1870325.5,820801.39
2286000,1830649.11,796838.84
2286900,1850564.58,811994.93
2287800,1824121.58,802443.79
2288700,1933404.42,826573.43
2289600,1781274.99,812547.91
2290500,1911846.04,848312.53
2291400,1780050.38,847619.66
2292300,1793737.61,777777.28
2293200,1821811.34,823840.3
2294100,1779071.59,820931.12
2295000,1779098.05,794094.54
2295900,1830389.28,834219.45
2296800,1743282.62,780647.55
2297700,1689516.36,793044.8
2298600,1768647.22,759538.6
2299500,1741689.42,765872.86
2300400,1692125.43,753462.62
2301300,1619109.01,796360.57
2302200,1670142.43,785180.79
2303100,1558505.04,761762.6
2304000,1600532.87,742810.73
2304900,1569337.01,780301.85
2305800,1533825.71,771180.36
2306700,1618871.98,767249.91
2307600,1609650.97,758786.68
2308500,1511641.2,760698.03
2309400,1477673.95,694045.62
2310300,1491118.56,698621.43
2311200,1455076.45,694835.82
2312100,1470494.38,739266.82
2313000,1416783.97,698741.18
2313900,1413429.11,721963.81
2314800,1395195.83,686734.86
2315700,1458566.25,724505.86
2316600,1413507.29,714712.19
2317500,1408588.53,702504.18
2318400,1421910.55,725066.35
2319300,1407204.44,722307.04
2320200,1355593.78,698987.18
2321100,1358225.19,696281.62
2322000,1346749.51,676215.64
2322900,1369486.08,690428.92
2323800,1344612.3,682546.33
2324700,1363913.64,689166.14
2325600,1336986.33,688316.99
2326500,1338844.21,701743.47
2327400,1332647.28,698660.89
2328300,1390298.31,735015.38
2329200,1339061.46,705065.73
2330100,1358929.32,727500.92
2331000,1367611.82,720170.84
2331900,1334870.64,707494.9
2332800,1326748.26,714622.19
2333700,1340758.94,715830.05
2334600,1341522.31,703474.0
2335500,1331197.54,701830.63
2336400,1321966.92,693637.94
2337300,1344508.48,714102.45
2338200,1327183.14,699088.62
2339100,1382208.89,703837.28
2340000,1351378.51,694245.94
2340900,1400030.46,710335.24
2341800,1407785.34,687349.18
2342700,1415180.69,674016.91
2343600,1461281.8,686990.3
2344500,1504532.04,691014.04
2345400,1498106.96,685146.97
2346300,1542036.44,778846.98
2347200,1494486.05,751061.37
2348100,1551265.41,755968.32
2349000,1552457.98,754316.16
2349900,1627420.35,794140.23
2350800,1615525.82,768512.7
2351700,1587342.5,708885.77
2352600,1748322.05,810234.01
2353500,1705401.4,770056.92
2354400,1761082.03,817346.65
2355300,1777366.7,789735.72
2356200,1882192.38,851920.26
2357100,1772915.77,803201.75
2358000,1798216.19,817307.01
2358900,1706968.6,769328.89
2359800,1884897.4,864039.64
2360700,1856469.54,869310.52
2361600,1811447.39,818114.23
2362500,1942275.7,836077.15
2363400,1935812.62,830407.93
2364300,1948857.24,864146.94
2365200,2057719.21,927470.03
2366100,1990261.05,935659.61
2367000,1952625.46,941004.46
2367900,1891123.81,917135.83
2368800,2087715.82,973491.67
2369700,2174224.64,1046601.84
2370600,2015904.88,947409.48
2371500,2034655.06,963720.79
2372400,2041568.21,969460.6
2373300,1991387.33,919522.52
2374200,1975042.24,908085.94
2375100,2030382.57,934767.43
2376000,1910472.38,924409.06
2376900,1881786.07,902117.98
2377800,2020589.81,940400.02
2378700,1960590.55,938572.08
2379600,1932769.04,917584.17
2380500,1989193.91,924683.72
2381400,1826881.26,902989.65
2382300,1876391.42,914419.46
2383200,1817016.27,848427.06
2384100,1781905.79,852292.42
2385000,1829617.95,841354.98
2385900,1773438.81,786081.76
2386800,1720462.74,796660.13
2387700,1648975.62,809300.81
2388600,1683819.85,790817.6
2389500,1742306.4,842775.24
2390400,1697993.23,824329.38
2391300,1744378.51,830398.04
2392200,1657341.06,806783.29
2393100,1587879.18,816239.96
2394000,1655969.33,846125.98
2394900,1582247.22,839240.02
2395800,1504255.28,692079.71
2396700,1465780.88,675336.36
2397600,1513283.02,717618.26
2398500,1534172.7,754615.45
2399400,1477639.8,688746.64
2400300,1539975.4,758217.86
2401200,1452462.8,725994.69
2402100,1469525.57,766565.09
2403000,1495044.16,790354.16
2403900,1447733.83,745137.08
2404800,1421929.32,706961.24
2405700,1436318.94,735303.5
2406600,1559533.54,957340.48
2407500,1410372.07,747689.21
2408400,1367963.65,707162.38
2409300,1402597.96,745968.93
2410200,1441902.65,773302.64
2411100,1396937.07,748561.89
2412000,1354189.82,716685.15
2412900,1366326.14,741276.49
2413800,1402976.35,759037.26
2414700,1342858.7,698652.47
2415600,1393485.72,729587.49
2416500,1382094.91,726475.34
2417400,1385532.81,733860.08
2418300,1404893.37,738699.74
2419200,1393746.55,748992.37
2420100,1363481.05,712876.56
2421000,1406614.93,743516.33
2421900,1396323.3,746478.88
2422800,1401537.87,744569.64
2423700,1440793.4,780190.25
2424600,1352094.45,700494.23
2425500,1372906.77,727741.06
2426400,1398053.01,736432.25
2427300,1466282.32,752956.97
2428200,1414680.91,708873.87
2429100,1417813.93,706024.75
2430000,1580360.5,735263.21
2430900,1512260.47,773985.35
2431800,1470387.08,737955.6
2432700,1483522.52,704558.44
2433600,1561290.44,792706.51
2434500,1605940.16,779927.12
2435400,1723321.47,784952.09
2436300,1715874.66,838953.19
2437200,1651308.84,780569.09
2438100,1698658.08,798205.08
2439000,1817029.63,999519.2
2439900,1734468.11,823519.13
2440800,1828644.38,885940.34
2441700,1881172.67,832231.93
2442600,1906249.88,873137.24
2443500,1948388.49,848858.0
2444400,1883341.37,848030.55
2445300,1852556.49,863832.37
2446200,1862670.78,835306.18
2447100,1984268.83,913041.14
2448000,1866434.69,857912.11
2448900,1985553.31,893408.84
2449800,1934023.68,889873.63
2450700,1962363.74,855417.85
2451600,1907832.28,845102.33
2452500,2028933.75,937172.88
2453400,2050940.0,913392.52
2454300,2059457.24,959677.73
2455200,2131598.33,989583.16
2456100,1892038.97,869082.64
2457000,2089201.81,931978.73
2457900,2042795.56,965984.25
2458800,1956301.85,915939.15
2459700,1987776.58,919649.14
2460600,1942622.5,887117.71
2461500,1954813.29,899805.91
2462400,2094516.17,924964.87
2463300,1968777.83,909050.99
2464200,1981264.16,910469.24
2465100,2129110.38,1162895.14
2466000,1949696.5,948765.29
2466900,1952862.12,913430.79
2467800,1989047.7,974446.47
2468700,1940433.75,919354.89
2469600,1854129.27,882366.67
2470500,1858253.72,861135.22
2471400,1964239.47,1089883.85
2472300,1913837.22,930252.23
2473200,1639071.35,775486.63
2474100,1688980.04,852023.44
2475000,1622970.79,746164.12
2475900,1732993.01,774288.76
2476800,1810782.62,869382.2
2477700,1739326.54,800837.86
2478600,1687595.67,818097.11
2479500,1663949.34,783785.71
2480400,1607101.23,823580.75
2481300,1528433.07,724890.11
2482200,1562659.97,754571.23
2483100,1523439.33,714801.73
2484000,1515844.57,705598.57
2484900,1512664.86,724224.43
2485800,1515548.13,698100.59
2486700,1489841.67,698430.73
2487600,1498404.97,732084.87
2488500,1412598.63,699684.81
2489400,1486244.75,714700.47
2490300,1464790.01,720439.36
2491200,1463177.12,731323.7
2492100,1426610.69,687982.27
2493000,1421889.77,719700.62
2493900,1404265.14,733587.89
2494800,1372662.32,700614.72
2495700,1430171.45,774568.45
2496600,1403373.69,724235.32
2497500,1429941.19,729354.03
2498400,1420835.54,730710.3
2499300,1350205.81,681430.11
2500200,1341189.06,690491.18
2501100,1413376.65,734940.49
2502000,1353090.91,691577.73
2502900,1358835.66,687755.4
2503800,1385729.0,715536.62
2504700,1369684.94,702820.95
2505600,1485239.32,858508.67
2506500,1445218.32,810640.5
2507400,1357500.37,694886.44
2508300,1480614.72,775948.52
2509200,1451564.39,772850.83
2510100,1415259.34,728083.01
2511000,1395202.61,738137.42
2511900,1395705.96,719192.69
2512800,1410870.03,695432.37
2513700,1446890.08,712187.9
2514600,1427196.53,714116.36
2515500,1459450.93,721073.36
2516400,1469081.27,725310.24
2517300,1529868.07,730000.31
2518200,1467120.03,708099.79
2519100,1497567.81,771115.72
2520000,1514333.59,699837.89
2520900,1659550.32,770126.4
2521800,1549344.64,707269.59
2522700,1581341.58,731574.92
2523600,1639532.04,757722.02
2524500,1668789.55,738164.79
2525400,1789554.66,869757.93
2526300,1851829.47,806830.35
2527200,1748308.69,798658.91
2528100,1812556.18,845256.32
2529000,1767472.5,799729.71
2529900,1783369.63,782559.36
2530800,1806771.61,785542.6
2531700,1843647.86,819778.47
2532600,1891407.26,867855.56
2533500,1862906.25,873504.73
2534400,1920048.61,854288.54
2535300,1924124.45,901280.64
2536200,1879825.84,872997.34
2537100,1973135.65,856002.69
2538000,1979895.54,865731.08
2538900,2018885.65,894469.85
2539800,1948724.4,878719.57
2540700,2093351.26,964389.95
2541600,2109257.08,917596.44
2542500,2009384.77,904160.25
2543400,2075204.41,893889.95
2544300,1955219.6,944240.75
2545200,2098989.9,974218.6
2546100,2012817.35,905906.98
2547000,1953266.42,863458.56
2547900,2088463.53,963109.95
2548800,2086200.53,954646.0
2549700,1934290.37,909566.16
2550600,2124525.79,1082501.13
2551500,2012615.2,937436.74
2552400,1974737.82,932710.51
2553300,2041391.05,963905.73
2554200,1889889.86,957857.12
2555100,1887635.65,964325.96
2556000,1868595.34,900851.81
2556900,1867119.69,910258.48
2557800,1819806.79,827417.72
2558700,1724576.57,825808.87
2559600,1729679.81,781138.55
2560500,1626876.25,810290.22
2561400,1743645.9,809136.38
2562300,1569994.9,743439.42
2563200,1718165.13,828523.5
2564100,1578121.49,782461.67
2565000,1634542.88,825608.18
2565900,1651972.32,833233.43
2566800,1622043.73,797453.43
2567700,1553074.58,783520.84
2568600,1559779.82,827061.58
2569500,1527928.16,714351.38
2570400,1517756.65,703645.39
2571300,1489919.49,702245.09
2572200,1492374.66,722661.62
2573100,1468271.85,709031.16
2574000,1430180.69,688976.99
2574900,1443771.51,712991.46
2575800,1451030.36,717930.91
2576700,1407126.89,687889.34
2577600,1440595.18,743896.36
2578500,1385578.67,674471.92
2579400,1399664.7,683545.53
2580300,1395502.53,714643.71
2581200,1343855.62,670450.56
2582100,1429229.55,746646.06
2583000,1372078.49,682363.04
2583900,1365394.78,695133.0
2584800,1344976.59,704354.1
2585700,1334492.25,697063.29
2586600,1358837.4,727378.69
2587500,1354028.32,679975.8
2588400,1326822.42,688034.09
2589300,1350191.44,706325.5
2590200,1343627.47,693240.88
2591100,1371601.04,731601.1
2592000,1337184.17,696847.14
2592900,1358397.22,700949.16
2593800,1368438.72,720747.8
2594700,1373526.4,715087.19
2595600,1380530.82,729596.1
2596500,1369224.33,695262.08
2597400,1391769.01,707418.46
2598300,1379736.88,726317.78
2599200,1378984.13,705825.26
2600100,1369506.41,699561.49
2601000,1400952.94,699076.72
2601900,1439466.06,720324.83
2602800,1448765.99,706097.72
2603700,1458765.66,740912.02
2604600,1524301.21,746188.48
2605500,1495193.39,747888.98
2606400,1514913.48,747733.89
2607300,1563981.54,764883.82
2608200,1542481.02,721001.4
2609100,1614329.86,714258.18
2610000,1606442.05,824640.66
2610900,1637882.08,730228.45
2611800,1656568.45,756971.65
2612700,1692576.78,771306.79
2613600,1638983.83,731053.89
2614500,1687913.09,778435.55
2615400,1700573.64,792604.52
2616300,1734115.26,803590.48
2617200,1834579.65,794477.23
2618100,1768939.18,792335.63
2619000,1847835.39,787337.59
2619900,1788470.21,808780.43
2620800,1810624.42,806690.92
2621700,1865765.44,808146.51
2622600,1864498.26,782406.19
2623500,1895090.61,784964.81
2624400,1753268.46,784695.19
2625300,1818948.67,833019.56
2626200,1915672.39,863008.39
2627100,1892938.2,908453.43
2628000,1886264.28,895389.4
2628900,1905763.92,879417.66
2629800,1799819.55,875390.72
2630700,1831363.49,870231.72
2631600,1781321.69,852531.37
2632500,1804129.39,864687.1
2633400,1822303.53,913519.96
2634300,1882279.63,863871.64
2635200,1915497.99,894500.52
2636100,1896116.91,867090.18
2637000,1774744.26,877631.38
2637900,1801446.62,886822.27
2638800,1872946.38,889590.55
2639700,1884673.46,930571.29
2640600,1706120.64,868101.2
2641500,1813946.87,860349.52
2642400,1713468.66,853857.51
2643300,1675237.34,811548.98
2644200,1702365.05,770237.64
2645100,1695198.58,786662.02
2646000,1634144.44,747028.84
2646900,1595690.46,796464.75
2647800,1529347.32,755264.47
2648700,1556650.09,804842.1
2649600,1535095.09,791125.58
2650500,1498105.59,726287.93
2651400,1531885.44,781880.31
2652300,1570600.62,773363.16
2653200,1481175.02,756878.08
2654100,1497571.93,754276.43
2655000,1492388.12,776761.14
2655900,1515258.64,784381.07
2656800,1500841.74,788625.0
2657700,1449038.91,719352.17
2658600,1451501.77,711419.59
2659500,1450802.03,709449.37
2660400,1391046.84,689332.4
2661300,1429817.78,724487.82
2662200,1392615.88,690711.0
2663100,1420612.7,714400.36
2664000,1429032.26,746034.58
2664900,1400295.41,697149.54
2665800,1337375.52,669334.17
2666700,1408695.83,721674.59
2667600,1355925.48,695224.0
2668500,1387315.25,730751.5
2669400,1323429.66,677885.56
2670300,1347007.87,709228.91
2671200,1339803.22,719365.36
2672100,1363569.49,721383.09
2673000,1324633.85,691875.64
2673900,1338288.76,716107.64
2674800,1325404.63,697315.8
2675700,1339696.2,707837.4
2676600,1361915.77,714669.53
2677500,1327343.72,682061.1
2678400,1340997.16,686911.56
2679300,1429415.13,770550.57
2680200,1348555.94,694654.91
2681100,1355118.35,717414.0
2682000,1352272.89,714967.62
2682900,1375153.66,732117.74
2683800,1384506.59,734713.07
2684700,1368252.5,721592.83
2685600,1351406.52,689676.73
2686500,1418690.37,757674.41
2687400,1402143.04,712193.39
2688300,1389532.47,705883.12
2689200,1394890.32,698714.54
2690100,1363690.61,708479.37
2691000,1399338.87,740223.36
2691900,1375278.72,711659.0
2692800,1390894.87,715476.01
2693700,1387680.18,743018.19
2694600,1384804.69,729988.13
2695500,1393487.64,743834.47
2696400,1370075.32,730929.2
2697300,1381385.01,760040.59
2698200,1355265.2,758527.31
2699100,1417571.69,805317.81
2700000,1373996.25,745096.44
2700900,1368491.46,783579.99
2701800,1429565.09,824515.14
2702700,1405760.19,803699.8
2703600,1428399.63,804891.45
2704500,1394597.35,786421.88
2705400,1455428.83,835673.49
2706300,1474266.45,866923.37
2707200,1453275.15,805147.98
2708100,1426895.14,773503.78
2709000,1463674.62,804694.7
2709900,1433089.51,781646.67
2710800,1458272.28,802393.8
2711700,1465817.96,804325.2
2712600,1493897.92,821310.97
2713500,1499500.49,842947.45
2714400,1471774.02,805450.47
2715300,1499128.33,804735.63
2716200,1498306.37,819871.58
2717100,1540919.4,838403.59
2718000,1518756.5,822813.63
2718900,1543949.8,828656.34
2719800,1534268.55,851865.6
2720700,1521184.94,809225.1
2721600,1594114.11,862933.5
2722500,1489689.51,778670.2
2723400,1565657.14,847850.19
2724300,1577027.07,853122.71
2725200,1516833.98,784504.94
2726100,1548914.25,807092.65
2727000,1587783.87,832346.37
2727900,1532494.63,807757.6
2728800,1495067.78,784557.86
2729700,1545707.89,802778.96
2730600,1482685.46,741095.31
2731500,1477850.56,755600.83
2732400,1436910.46,726104.92
2733300,1444161.35,737016.17
2734200,1510411.01,774675.38
2735100,1454828.8,704092.35
2736000,1486424.93,715573.97
2736900,1474381.62,733349.12
2737800,1456064.58,746136.57
2738700,1429438.66,715088.56
2739600,1400889.22,707883.82
2740500,1420798.65,723377.75
2741400,1420697.66,723563.87
2742300,1420091.4,723080.47
2743200,1382729.74,706990.26
2744100,1365154.17,682599.88
2745000,1382260.53,671720.67
2745900,1372125.27,670804.32
2746800,1349992.03,660150.51
2747700,1390357.82,704069.37
2748600,1330127.2,665594.6
2749500,1374672.91,692548.83
2750400,1381490.11,712737.85
2751300,1353544.1,685584.32
2752200,1344459.14,676390.69
2753100,1414906.86,745880.58
2754000,1343525.57,691720.18
2754900,1357909.15,709033.08
2755800,1330489.47,678099.43
2756700,1339841.95,675017.4
2757600,1376956.05,735507.75
2758500,1312930.02,712466.77
2759400,1342834.35,714912.6
2760300,1326055.94,708399.63
2761200,1319656.68,696669.89
2762100,1357780.33,732549.22
2763000,1329656.62,702880.83
2763900,1337462.77,721344.45
2764800,1334337.07,713990.02
2765700,1340467.25,721080.32
2766600,1339521.88,722351.9
2767500,1339325.41,716693.02
2768400,1360619.48,729797.7
2769300,1377794.86,726612.12
2770200,1367998.35,713715.82
2771100,1382451.23,727418.61
2772000,1347518.19,692512.48
2772900,1358486.57,709404.14
2773800,1378713.13,713550.38
2774700,1404701.48,736660.31
2775600,1420482.42,764741.91
2776500,1383956.36,722959.72
2777400,1364599.09,722001.25
2778300,1413941.89,807572.75
2779200,1391120.18,753469.39
2780100,1362533.48,739107.88
2781000,1361174.56,729402.92
2781900,1373549.47,749548.0
2782800,1438441.77,783783.78
2783700,1349194.52,734620.51
2784600,1359411.9,739959.05
2785500,1415366.27,769060.46
2786400,1389503.17,746629.12
2787300,1406854.34,746836.76
2788200,1413656.98,754688.14
2789100,1426410.92,753047.33
2790000,1447764.04,759501.34
2790900,1482447.78,789713.29
2791800,1444713.04,726880.55
2792700,1444935.79,752186.83
2793600,1439420.01,796179.02
2794500,1486684.3,826929.47
2795400,1491100.89,811579.1
2796300,1502126.22,810623.29
2797200,1527926.24,830479.71
2798100,1518377.29,838349.12
2799000,1504059.36,799516.2
2799900,1492643.65,773553.59
2800800,1514076.42,801334.26
2801700,1562546.17,794948.36
2802600,1543573.52,824729.37
2803500,1500504.0,795219.36
2804400,1554176.33,818798.77
2805300,1528160.8,813113.53
2806200,1567032.44,779770.39
2807100,1582739.32,836179.96
2808000,1609470.7,806978.85
2808900,1604336.43,785460.3
2809800,1514275.63,797245.15
2810700,1515506.29,801603.7
2811600,1505530.7,787253.63
2812500,1478230.77,773944.7
2813400,1506261.75,783633.18
2814300,1465921.05,733296.2
2815200,1478890.05,749523.74
2816100,1454663.09,754710.48
2817000,1472733.76,765668.98
2817900,1425848.69,713635.25
2818800,1402378.88,680098.02
2819700,1433508.18,713985.72
2820600,1447027.31,718602.72
2821500,1419044.68,710635.71
2822400,1486000.85,727724.12
2823300,1431558.29,693597.47
2824200,1419707.89,687876.53
2825100,1447345.92,675096.04
2826000,1418258.88,707927.76
2826900,1383179.08,695054.72
2827800,1405904.66,707068.18
2828700,1432050.57,731218.69
2829600,1388133.18,706056.15
2830500,1436712.89,738463.62
2831400,1383903.44,688777.5
2832300,1405829.5,707188.02
2833200,1332844.67,652291.53
2834100,1325632.14,648479.74
2835000,1384774.66,704352.45
2835900,1338130.1,670240.72
2836800,1320027.83,655369.35
2837700,1374671.91,706637.88
2838600,1308601.59,654883.94
2839500,1328319.95,673483.15
2840400,1357080.23,715019.26
2841300,1323865.26,676547.52
2842200,1322896.36,676006.44
2843100,1364362.24,720170.2
2844000,1371280.79,718330.26
2844900,1324846.98,683685.97
2845800,1323465.55,688876.28
2846700,1333875.46,704971.25
2847600,1313924.84,685112.55
2848500,1389146.85,689503.51
2849400,1323603.15,682482.6
2850300,1320734.71,696285.55
2851200,1320594.64,699933.11
2852100,1311851.9,695502.59
2853000,1330993.19,688701.51
2853900,1331840.88,692132.45
2854800,1354013.67,694968.2
2855700,1338382.6,683577.03
2856600,1415661.35,678531.37
2857500,1364544.62,695512.48
2858400,1356845.4,677688.35
2859300,1360721.1,671495.91
2860200,1370525.12,679769.71
2861100,1406145.54,711705.51
2862000,1405149.63,692517.88
2862900,1467369.78,712841.86
2863800,1518706.6,783346.98
2864700,1454143.98,737405.82
2865600,1482268.34,724039.03
2866500,1485096.31,735004.76
2867400,1540213.53,749331.48
2868300,1521137.79,728987.73
2869200,1623095.67,795794.22
2870100,1588947.42,744828.64
2871000,1572581.82,739584.23
2871900,1742729.1,782581.7
2872800,1618722.93,735979.25
2873700,1814266.2,803468.99
2874600,1696658.29,782047.85
2875500,1781525.12,846146.03
2876400,1739555.69,803473.85
2877300,1718430.91,801533.02
2878200,1729343.44,798728.85
2879100,1778498.11,831419.59
2880000,1814884.92,812944.34
2880900,1867809.17,843853.0
2881800,1775130.34,805604.92
2882700,1772109.01,807648.38
2883600,1781824.77,816303.68
2884500,1840206.02,862381.16
2885400,1855128.02,823197.51
2886300,1968240.14,864844.85
2887200,2009000.43,893643.22
2888100,1898334.5,817222.69
2889000,1958859.65,846596.92
2889900,1819000.67,828058.14
2890800,1964617.4,950153.32
2891700,1903195.31,860935.0
2892600,1889178.04,859736.85
2893500,2026668.46,886195.68
2894400,1869373.54,807810.06
2895300,1880156.43,887922.36
2896200,1845862.43,789945.28
2897100,1804760.47,818998.63
2898000,1841120.45,795579.99
2898900,1737821.14,803009.95
2899800,1767255.16,818240.66
2900700,1764407.96,725660.61
2901600,1711853.94,736142.85
2902500,1762928.47,767305.02
2903400,1690379.79,768043.85
2904300,1757759.95,784350.13
2905200,1765810.0,845535.28
2906100,1628748.23,789692.78
2907000,1694906.25,759947.11
2907900,1661742.92,770410.86
2908800,1598183.07,778205.11
2909700,1541555.6,758296.23
2910600,1605795.32,811369.81
2911500,1631532.62,790957.12
2912400,1589290.1,760376.4
2913300,1513744.9,746810.76
2914200,1507368.71,696111.6
2915100,1461641.51,669615.88
2916000,1490531.8,712373.29
2916900,1436333.5,661008.36
2917800,1500300.11,733626.98
2918700,1434429.84,688516.3
2919600,1419900.97,693368.96
2920500,1477046.36,747100.16
2921400,1406306.21,689303.38
2922300,1458558.93,739039.22
2923200,1405073.0,679774.93
2924100,1397551.67,687790.1
2925000,1366337.95,691221.77
2925900,1375490.66,731278.47
2926800,1371515.62,703861.45
2927700,1372951.35,698746.03
2928600,1367250.18,706154.94
2929500,1365771.24,696693.97
2930400,1343920.53,679026.31
2931300,1336403.05,677115.51
2932200,1327863.28,678282.53
2933100,1353194.37,683993.04
2934000,1330847.72,684465.36
2934900,1348642.91,692597.99
2935800,1349169.53,682957.12
2936700,1358349.24,692669.59
2937600,1335508.76,676905.12
2938500,1346323.79,681596.56
2939400,1318222.41,668239.11
2940300,1374881.84,691381.9
2941200,1383509.03,699529.91
2942100,1369375.21,686266.66
2943000,1347608.0,662035.03
2943900,1368690.4,690143.55
2944800,1348059.27,669372.53
2945700,1377665.31,685699.58
2946600,1403029.17,684855.93
2947500,1427437.23,683299.62
2948400,1491928.44,698485.66
2949300,1465807.89,713642.76
2950200,1475611.08,691301.79
2951100,1482285.74,709673.95
2952000,1469077.97,672647.55
2952900,1562840.42,729152.16
2953800,1622544.25,758612.18
2954700,1716481.48,784028.14
2955600,1622693.02,749158.26
2956500,1689883.48,794332.03
2957400,1735187.9,812731.66
2958300,1733253.2,787504.94
2959200,1781700.99,817543.76
2960100,1784303.47,811672.49
2961000,1877920.26,822253.6
2961900,1721379.46,797718.75
2962800,1764568.73,820073.64
2963700,1782491.82,804391.11
2964600,1823625.46,848385.41
2965500,1813593.02,795323.55
2966400,1763808.75,788104.8
2967300,1892246.34,847755.25
2968200,1896873.96,859994.84
2969100,1847495.82,898655.82
2970000,1784126.86,822540.71
2970900,2036852.6,928502.01
2971800,1976596.8,890256.87
2972700,1948445.98,907648.96
2973600,1975720.28,880350.31
2974500,1967568.51,848537.29
2975400,1999094.6,881843.35
2976300,1882730.8,863197.63
2977200,1819252.44,823353.52
2978100,1978335.11,921257.08
2979000,1904611.63,903591.71
2979900,1941105.01,870676.21
2980800,1915025.76,880521.97
2981700,1769181.7,836484.19
2982600,1878158.02,924770.6
2983500,1873683.29,884460.11
2984400,1804538.54,858554.44
2985300,1842707.52,851643.59
2986200,1875317.6,857614.65
2987100,1821918.18,854399.87
2988000,1691748.41,817432.07
2988900,1705895.69,807866.64
2989800,1726822.17,832156.49
2990700,1741377.41,776867.89
2991600,1786022.64,828848.6
2992500,1695947.94,786313.02
2993400,1588792.24,774231.72
2994300,1551185.67,740393.28
2995200,1608610.02,741410.06
2996100,1541904.42,758621.7
2997000,1509200.5,760100.83
2997900,1646092.9,766530.21
2998800,1623337.37,769220.95
2999700,1515669.25,756769.78
3000600,1510779.14,715749.39
3001500,1461059.33,694480.59
3002400,1511369.75,762006.59
3003300,1457239.56,672152.07
3004200,1450273.5,681834.69
3005100,1430410.03,669873.96
3006000,1403473.11,680283.78
3006900,1418446.56,690371.43
3007800,1535842.53,949279.27
3008700,1401547.49,688071.35
3009600,1387619.29,700966.83
3010500,1397065.34,698780.73
3011400,1364797.21,693070.4
3012300,1367337.25,688689.7
3013200,1377600.22,707372.13
3014100,1348520.14,668190.95
3015000,1360659.67,685630.19
3015900,1383209.75,700096.34
3016800,1389162.23,718198.33
3017700,1355411.96,680071.93
3018600,1365778.93,717780.03
3019500,1343971.25,671770.29
3020400,1390595.21,711061.61
3021300,1393505.77,743247.44
3022200,1335807.86,681000.73
3023100,1366708.83,692956.33
3024000,1402869.69,725649.08
3024900,1370248.99,687996.92
3025800,1349725.43,675162.69
3026700,1356136.78,678369.05
3027600,1413866.64,716339.08
3028500,1364818.82,693674.56
3029400,1336843.96,667253.91
3030300,1436233.7,744554.72
3031200,1364509.37,687664.12
3032100,1414468.32,748572.69
3033000,1521365.66,815336.79
3033900,1427889.68,729488.34
3034800,1486099.91,756721.25
3035700,1449531.74,719122.01
3036600,1522218.84,770947.63
3037500,1472623.17,726544.19
3038400,1543357.45,759297.18
3039300,1563952.33,770160.37
3040200,1662980.44,817183.14
3041100,1718412.69,838948.97
3042000,1689805.48,817973.97
3042900,1710812.35,803825.68
3043800,1633854.03,735754.39
3044700,1733806.37,817012.66
3045600,1708084.26,780059.69
3046500,1757513.67,819112.24
3047400,1716366.49,828591.98
3048300,1842611.3,842106.35
3049200,1845177.7,808091.03
3050100,1839218.9,824205.78
3051000,1748485.38,816290.77
3051900,1758011.08,813328.22
3052800,1871299.35,804588.23
3053700,1833998.11,840388.55
3054600,1915284.39,835596.77
3055500,1865060.49,799999.51
3056400,1808587.37,803796.02
3057300,1939988.89,871270.39
3058200,1861763.12,795535.58
3059100,1804769.62,791431.82
3060000,1893512.51,833781.74
3060900,1998296.26,906674.1
3061800,1868971.89,847599.79
3062700,1864676.42,861362.55
3063600,1942954.74,846831.94
3064500,1825914.46,835622.59
3065400,1891003.88,876141.82
3066300,1889898.28,805520.42
3067200,1819717.07,852461.7
3068100,1850482.73,804841.83
3069000,1904997.25,866609.16
3069900,1879367.71,835109.71
3070800,1835433.65,836857.64
3071700,1779992.52,867715.21
3072600,1773896.21,787021.27
3073500,1710108.03,784051.76
3074400,1664811.31,742817.5
3075300,1764163.33,832080.87
3076200,1836756.96,835008.73
3077100,1739390.99,841135.16
3078000,1777678.44,829877.2
3078900,1705936.89,781061.55
3079800,1647023.9,821025.51
3080700,1706150.3,800045.65
3081600,1591498.54,798059.88
3082500,1551369.32,778472.63
3083400,1577630.4,773103.79
3084300,1647322.17,774159.76
3085200,1637871.83,763412.29
3086100,1518379.03,727980.29
3087000,1480264.07,711680.97
3087900,1539603.24,761728.09
3088800,1495245.67,726509.12
3089700,1518656.34,719903.41
3090600,1476984.56,715969.67
3091500,1449272.28,692266.94
3092400,1405029.6,703424.29
3093300,1418148.01,716836.58
3094200,1447625.98,729975.31
3095100,1411236.51,726699.19
3096000,1449086.43,741556.92
3096900,1436187.01,751001.5
3097800,1381838.1,719963.01
3098700,1429146.15,748062.93
3099600,1372882.97,739203.28
3100500,1347087.16,732115.08
3101400,1359857.12,728454.35
3102300,1347405.03,722905.79
3103200,1352523.28,728770.39
3104100,1336352.33,725401.34
3105000,1371492.74,758253.11
3105900,1359807.22,737360.78
3106800,1351174.44,724007.17
3107700,1352811.58,728832.28
3108600,1351322.57,723536.32
3109500,1349338.26,717846.95
3110400,1338474.61,725201.57
3111300,1356177.98,734376.43
3112200,1360075.74,727262.97
3113100,1376591.22,717439.36
3114000,1393510.25,710956.42
3114900,1390660.49,703311.49
3115800,1386289.03,701089.32
3116700,1369780.98,699043.12
3117600,1412840.88,717388.73
3118500,1387542.85,713391.36
3119400,1429706.82,723324.46
3120300,1509996.37,741322.72
3121200,1526931.98,719214.84
3122100,1450887.45,711117.74
3123000,1450222.6,685558.23
3123900,1474558.04,736716.25
3124800,1496266.94,725622.99
3125700,1561004.33,738972.38
3126600,1598584.08,775490.39
3127500,1632405.58,760787.48
3128400,1700332.21,806896.64
3129300,1655152.77,763804.69
3130200,1774551.54,813970.64
3131100,1753421.26,796764.22
3132000,1739866.42,778218.29
3132900,1717572.24,785458.01
3133800,1734293.15,781375.49
3134700,1710688.75,761895.26
3135600,1816404.33,822372.62
3136500,1800365.2,816137.05
3137400,1799177.22,795612.49
3138300,1921443.42,854019.84
3139200,1720487.0,762869.48
3140100,1821049.99,765395.87
3141000,1717509.34,762514.62
3141900,1905595.37,827353.55
3142800,1771674.77,783058.23
3143700,1907622.16,789243.44
3144600,1999066.86,849240.23
3145500,1823753.17,778710.57
3146400,1902230.62,833494.63
3147300,1829026.98,775819.89
3148200,1944689.3,822785.61
3149100,1789386.75,783434.05
3150000,1804280.46,794778.08
3150900,1966502.93,843956.73
3151800,1905758.06,831911.13
3152700,1754083.47,774653.78
3153600,1787218.32,792285.19
3154500,1909161.62,822883.94
3155400,1883671.97,819410.34
3156300,1816147.8,837027.65
3157200,1761436.43,777268.25
3158100,1754933.26,824576.02
3159000,1743164.34,792468.93
3159900,1832456.09,817520.97
3160800,1773605.71,760485.17
3161700,1712079.53,820748.84
3162600,1772613.92,741533.48
3163500,1815279.88,798678.77
3164400,1707608.09,735229.43
3165300,1747649.41,779142.7
3166200,1717443.7,770558.07
3167100,1722498.14,798288.3
3168000,1566860.96,725567.69
3168900,1548718.51,763313.05
3169800,1546731.45,781557.4
3170700,1596757.51,764435.03
3171600,1608230.35,778178.01
3172500,1515896.03,770740.36
3173400,1499430.73,712230.47
3174300,1470988.49,711018.13
3175200,1499064.42,733722.2
3176100,1468449.92,713625.0
3177000,1533779.48,777850.71
3177900,1490307.86,702576.32
3178800,1424234.25,689054.81
3179700,1410581.91,685017.79
3180600,1431468.38,730225.16
3181500,1435524.9,708269.26
3182400,1406741.18,723231.08
3183300,1460851.04,745941.56
3184200,1386993.44,715607.57
3185100,1496205.78,799565.83
3186000,1374556.46,720701.2
3186900,1381338.04,723346.16
3187800,1400491.24,739141.11
3188700,1373947.27,717811.25
3189600,1358017.0,721526.82
3190500,1370038.97,725308.41
3191400,1357202.45,722469.91
3192300,1364240.57,717120.39
3193200,1359170.93,730074.1
3194100,1329689.58,677831.09
3195000,1346246.8,685059.17
3195900,1345661.96,683271.42
3196800,1355090.24,683833.74
3197700,1351745.73,685013.31
3198600,1357570.13,687327.03
3199500,1343920.07,670273.41
3200400,1379477.33,691257.39
3201300,1348175.08,665949.01
3202200,1367615.2,653122.83
3203100,1420851.65,692624.08
3204000,1408464.02,670976.17
3204900,1398552.98,673119.23
3205800,1420820.62,732928.44
3206700,1458947.11,708429.75
3207600,1431749.18,690588.96
3208500,1510924.9,733780.79
3209400,1526490.69,710257.6
3210300,1490660.06,725320.04
3211200,1522185.61,759083.68
3212100,1582955.02,803291.56
3213000,1570418.33,755120.18
3213900,1564803.41,737904.69
3214800,1617431.49,751914.92
3215700,1678325.04,718916.66
3216600,1695058.23,724156.04
3217500,1799652.83,789755.58
3218400,1714847.99,772312.87
3219300,1657276.89,753633.18
3220200,1708074.1,766481.41
3221100,1723055.42,777113.07
3222000,1788131.56,806438.23
3222900,1870462.92,803085.66
3223800,1773195.83,830268.4
3224700,1721082.64,770852.51
3225600,1740089.36,771957.37
3226500,1815297.91,829587.89
3227400,1855073.27,832750.4
3228300,1932229.25,894211.58
3229200,1928080.44,851127.32
3230100,1919457.55,957149.05
3231000,1900749.3,861243.9
3231900,1814894.71,848134.37
3232800,1857740.75,854979.49
3233700,1824457.21,823843.23
3234600,1802144.62,827661.35
3235500,1814070.74,833164.22
3236400,1795000.21,855002.47
3237300,1872156.74,895824.01
3238200,1808067.44,859341.43
3239100,1894535.06,869914.31
3240000,1789990.72,797958.16
3240900,1872169.1,864135.96
3241800,1762510.53,818785.58
3242700,1806582.92,805077.67
3243600,1861858.98,865384.37
3244500,1760277.47,809955.41
3245400,1644386.72,758059.39
3246300,1770306.7,809430.18
3247200,1609023.28,769122.16
3248100,1683917.18,749363.16
3249000,1566019.59,761964.84
3249900,1566649.66,753574.86
3250800,1640479.34,775370.64
3251700,1540330.54,763359.83
3252600,1543395.36,734847.75
3253500,1618459.26,790726.87
3254400,1579888.55,780563.78
3255300,1520354.55,788395.29
3256200,1496473.48,772227.08
3257100,1490322.14,772573.52
3258000,1492929.02,798030.58
3258900,1469913.02,782753.08
3259800,1485747.99,758978.58
3260700,1477363.68,741338.84
3261600,1466491.52,735731.05
3262500,1427277.37,709743.62
3263400,1463930.97,714611.57
3264300,1444001.95,712164.37
3265200,1417132.69,698002.17
3266100,1413412.08,718971.41
3267000,1423887.36,711280.33
3267900,1393349.03,683427.43
3268800,1375209.96,684371.34
3269700,1399989.81,702678.22
3270600,1398413.36,722398.96
3271500,1370165.22,701819.92
3272400,1384287.87,729492.83
3273300,1372233.58,726539.34
3274200,1325923.65,706877.66
3275100,1335049.8,697828.22
3276000,1359405.94,722323.24
3276900,1320816.1,713391.27
3277800,1336127.56,713378.08
3278700,1341982.64,728172.55
3279600,1353424.71,718041.96
3280500,1341049.71,702710.27
3281400,1373170.81,752816.62
3282300,1388734.68,726685.09
3283200,1369296.48,739325.96
3284100,1370547.18,764169.98
3285000,1378593.29,740209.81
3285900,1362371.61,718746.0
3286800,1361146.73,723297.64
3287700,1349852.05,715683.01
3288600,1371781.77,720174.59
3289500,1334841.16,688604.55
3290400,1349900.94,687698.27
3291300,1363733.92,708933.29
3292200,1391804.26,751180.21
3293100,1373362.15,734757.57
3294000,1434340.21,776851.5
3294900,1381485.44,735074.25
3295800,1368728.58,733995.21
3296700,1380721.34,734725.8
3297600,1417880.13,761459.29
3298500,1380844.12,730166.66
3299400,1387906.59,719322.78
3300300,1449527.62,765449.98
3301200,1463297.24,783351.56
3302100,1435976.17,767645.51
3303000,1428854.19,760466.77
3303900,1439526.31,767405.64
3304800,1456746.09,780120.39
3305700,1488214.69,786911.5
3306600,1463737.34,781185.24
3307500,1461483.58,754538.18
3308400,1519307.46,819657.35
3309300,1443745.88,735847.14
3310200,1474009.28,749563.2
3311100,1531571.87,811876.19
3312000,1498432.07,775957.67
3312900,1492365.05,783716.86
3313800,1535788.6,805915.28
3314700,1441758.27,720407.5
3315600,1489887.18,761629.12
3316500,1535480.26,786439.0
3317400,1486464.66,739345.0
3318300,1557117.83,782635.07
3319200,1563078.46,824050.6
3320100,1527169.83,800310.61
3321000,1569588.59,804684.27
3321900,1573084.44,806913.02
3322800,1566896.48,779616.94
3323700,1600091.49,850787.02
3324600,1577897.0,835932.86
3325500,1582563.45,839075.78
3326400,1590559.84,829668.37
3327300,1561590.64,819937.41
3328200,1550009.22,802871.25
3329100,1549377.96,820407.07
3330000,1554037.63,762977.97
3330900,1571551.94,829756.16
3331800,1485239.78,693633.82
3332700,1476663.48,722122.56
3333600,1522316.44,763549.07
3334500,1440073.79,687282.35
3335400,1488558.47,724837.01
3336300,1489121.89,739479.77
3337200,1483531.31,758550.93
3338100,1480446.81,740116.88
3339000,1456043.7,734087.77
3339900,1440375.46,722639.1
3340800,1444735.38,741055.39
3341700,1453696.84,743403.08
3342600,1393553.83,689286.99
3343500,1407799.71,717172.67
3344400,1416790.47,722014.89
3345300,1395720.52,718094.24
3346200,1374300.84,701015.62
3347100,1494259.37,802899.08
3348000,1407933.93,726185.49
3348900,1380437.07,708359.44
3349800,1387008.0,704721.95
3350700,1418617.13,709570.04
3351600,1367023.04,678403.66
3352500,1340327.45,677110.75
3353400,1356890.81,710444.82
3354300,1336502.56,680411.41
3355200,1360560.15,734398.32
3356100,1379070.37,713584.35
3357000,1360808.53,723255.71
3357900,1339165.47,691271.21
3358800,1361808.56,738804.11
3359700,1308262.85,711513.15
3360600,1345040.59,754594.39
3361500,1353032.32,752624.36
3362400,1318057.25,691760.74
3363300,1349507.81,737055.91
3364200,1303909.61,702149.96
3365100,1330657.84,708319.7
3366000,1356655.79,746964.2
3366900,1309391.33,710737.98
3367800,1338689.76,728689.0
3368700,1311075.16,727076.48
3369600,1370834.11,756028.93
3370500,1352930.15,758645.69
3371400,1340529.79,757123.44
3372300,1369443.33,730555.66
3373200,1325042.91,716172.0
3374100,1333565.09,734454.8
3375000,1370078.61,747039.55
3375900,1376378.54,765625.95
3376800,1338848.97,718580.02
3377700,1377936.95,736169.04
3378600,1360039.12,727320.37
3379500,1359153.44,722661.53
3380400,1391666.75,724152.1
3381300,1381679.44,745815.77
3382200,1355767.55,720699.1
3383100,1374719.6,735444.49
3384000,1392991.42,757262.6
3384900,1357008.09,713166.32
3385800,1391759.49,749251.01
3386700,1341460.88,719335.14
3387600,1388629.39,748807.07
3388500,1392648.1,750393.31
3389400,1392130.0,709666.17
3390300,1437908.94,741074.25
3391200,1465683.65,771500.7
3392100,1483346.83,803547.45
3393000,1500127.72,823049.1
3393900,1460052.98,787888.73
3394800,1481585.63,801922.58
3395700,1491040.37,784959.05
3396600,1513518.04,842234.07
3397500,1525730.26,833374.33
3398400,1495168.3,833320.13
3399300,1533749.18,836180.42
3400200,1523043.82,808409.82
3401100,1569770.14,800644.87
3402000,1541559.81,847905.58
3402900,1476422.33,804427.83
3403800,1540256.74,839871.46
3404700,1677339.29,870794.04
3405600,1572347.44,820621.4
3406500,1587936.22,827035.95
3407400,1619978.39,864476.17
3408300,1543484.44,823056.79
3409200,1545622.83,830535.74
3410100,1611587.49,859140.56
3411000,1537502.75,798411.9
3411900,1605529.27,872906.98
3412800,1646077.42,860804.53
3413700,1515725.74,816169.01
3414600,1656111.79,844877.11
3415500,1547569.61,839675.45
3416400,1537886.44,818679.75
3417300,1569668.43,852614.96
3418200,1590369.51,861150.51
3419100,1507138.28,783044.59
3420000,1507503.3,772722.84
3420900,1568826.69,907186.89
3421800,1468858.15,763232.57
3422700,1490023.22,784820.98
3423600,1510749.02,799336.03
3424500,1437697.36,738355.13
3425400,1498126.1,789778.38
3426300,1444358.92,774226.68
3427200,1483727.51,797824.95
3428100,1452041.29,720992.16
3429000,1451957.61,693978.7
3429900,1460305.48,691415.5
3430800,1469196.08,700524.99
3431700,1446129.91,677158.72
3432600,1416449.43,672829.19
3433500,1461177.34,704448.85
3434400,1501352.97,714605.44
3435300,1453021.27,754001.59
3436200,1451675.45,773285.61
3437100,1394235.53,685414.22
3438000,1361703.19,673489.2
3438900,1397085.3,720701.29
3439800,1409334.87,729726.93
3440700,1365814.27,711785.34
3441600,1391442.26,722300.99
3442500,1387386.02,778161.99
3443400,1379596.98,718264.43
3444300,1382225.28,734422.39
3445200,1432015.05,789198.94
3446100,1351374.11,742773.74
3447000,1343294.95,733693.91
3447900,1366586.52,767331.39
3448800,1355535.64,743260.53
3449700,1363289.61,759127.17
3450600,1373266.2,769356.54
3451500,1345834.08,748416.78
3452400,1353525.51,755291.75
3453300,1380663.76,781701.69
3454200,1418126.4,827718.84
3455100,1369633.48,767931.52
3456000,1396365.69,797067.99
3456900,1348064.3,759422.79
3457800,1376207.52,782371.67
3458700,1414912.54,813005.68
3459600,1388316.65,771370.51
3460500,1400277.65,780377.93
3461400,1427627.29,793141.48
3462300,1367396.3,746215.58
3463200,1399574.62,764251.65
3464100,1455032.5,818407.29
3465000,1434352.57,762557.1
3465900,1470648.93,760347.75
3466800,1476980.44,780942.08
3467700,1463016.72,796854.4
3468600,1454656.68,790718.26
3469500,1500936.49,797932.98
3470400,1502995.15,782676.73
3471300,1638931.92,814966.92
3472200,1541765.35,789744.14
3473100,1614948.12,796144.13
3474000,1614318.79,813235.38
3474900,1734876.8,854905.98
3475800,1688265.93,822110.5
3476700,1663065.49,797182.25
3477600,1800327.3,870009.34
3478500,1744397.09,812601.93
3479400,1897587.16,835771.55
3480300,1882837.28,873790.1
3481200,1868809.39,875633.51
3482100,1818846.41,808267.09
3483000,1918558.69,876769.04
3483900,1911431.3,866348.79
3484800,1793124.85,819419.4
3485700,1989160.58,890178.59
3486600,1981367.98,1007650.91
3487500,1974744.51,937635.31
3488400,2037036.9,964487.09
3489300,1909032.44,898716.52
3490200,1910560.36,903121.58
3491100,2128176.82,1028590.12
3492000,1981189.91,933440.92
3492900,1891831.79,894946.84
3493800,2007887.51,1009510.99
3494700,2033138.49,1022306.49
3495600,1981149.99,981369.78
3496500,1950837.34,984647.64
3497400,2045740.91,953614.84
3498300,2070182.28,986248.44
3499200,1902224.67,928418.61
3500100,2038581.39,979901.73
3501000,1892777.34,964012.76
3501900,1822102.02,883683.47
3502800,1847098.02,922910.34
3503700,1792078.49,838016.05
3504600,1869811.61,860476.41
3505500,1852298.95,914631.87
3506400,1653942.08,785289.09
3507300,1727079.16,835091.67
3508200,1761832.95,744611.21
3509100,1643911.19,759675.11
3510000,1721830.99,776877.04
3510900,1626532.65,735297.82
3511800,1763191.22,813652.31
3512700,1578663.94,704647.61
3513600,1704128.45,779785.22
3514500,1543264.71,719409.76
3515400,1576934.42,761942.96
3516300,1715880.89,809805.82
3517200,1531758.64,746433.84
3518100,1598450.78,805406.34
3519000,1550643.59,730880.22
3519900,1516570.04,683750.24
3520800,1491011.26,698011.32
3521700,1492546.05,707203.49
3522600,1524979.06,742888.64
3523500,1437794.4,674421.66
3524400,1476385.99,730054.87
3525300,1432819.34,714591.61
3526200,1425690.12,695607.6
3527100,1447798.46,729955.08
3528000,1433623.26,709358.09
3528900,1442133.09,724049.19
3529800,1455744.87,749427.52
3530700,1369713.68,694300.32
3531600,1447329.99,774762.91
3532500,1351048.1,714134.49
3533400,1371585.75,719606.14
3534300,1398048.43,741599.12
3535200,1344747.89,707814.61
3536100,1348218.48,712425.38
3537000,1430777.8,773269.32
3537900,1372266.45,728302.28
3538800,1387851.75,746570.8
3539700,1406073.3,702694.34
3540600,1346982.15,676242.37
3541500,1471630.37,914401.34
3542400,1397263.55,718848.27
3543300,1361762.42,689414.79
3544200,1424395.75,731556.15
3545100,1409033.66,721755.07
3546000,1389321.9,705767.76
3546900,1413471.5,730013.67
3547800,1371269.81,692678.56
3548700,1383892.09,697516.66
3549600,1432998.78,730477.02
3550500,1374427.55,690218.63
3551400,1420339.51,711226.23
3552300,1396123.54,684191.8
3553200,1493777.62,818488.31
3554100,1413683.26,749738.98
3555000,1408853.94,753119.38
3555900,1418840.97,758585.08
3556800,1455846.13,776443.73
3557700,1410042.3,730933.04
3558600,1413467.74,751683.84
3559500,1457323.61,803492.98
3560400,1424801.97,759091.28
3561300,1462140.38,743703.74
3562200,1457455.54,742953.19
3563100,1505210.08,773270.32
3564000,1496567.5,763097.44
3564900,1497526.34,779108.83
3565800,1532878.33,795063.54
3566700,1514892.15,812591.77
3567600,1546962.43,837608.83
3568500,1588655.73,865218.2
3569400,1541956.6,839001.34
3570300,1513279.54,817511.35
3571200,1546316.89,853459.44
3572100,1553155.52,816685.27
3573000,1550556.98,821180.24
3573900,1547746.77,817854.86
3574800,1547286.8,816139.71
3575700,1526508.36,814959.23
3576600,1533629.33,801557.74
3577500,1575285.55,823739.41
3578400,1643293.4,864023.71
3579300,1527606.35,781056.52
3580200,1583243.32,800260.16
3581100,1585707.92,824276.18
3582000,1517324.89,756933.38
3582900,1582116.12,819067.75
3583800,1617318.05,869024.78
3584700,1530320.98,791226.75
3585600,1536758.42,801531.37
3586500,1587263.03,844259.03
3587400,1545304.5,794171.36
3588300,1591378.33,799899.63
3589200,1625951.2,851278.75
3590100,1550143.07,800404.91
3591000,1559813.42,790022.0
3591900,1550951.75,800418.18
3592800,1481082.46,754792.51
3593700,1546138.18,832508.42
3594600,1486994.84,730817.96
3595500,1542062.53,798740.11
3596400,1523442.63,784637.97
3597300,1509444.03,791917.24
3598200,1496939.48,770262.36
3599100,1470527.53,770693.02
3600000,1483180.76,782369.38
3600900,1461343.69,744282.07
3601800,1544792.18,876718.14
3602700,1498665.34,733967.19
3603600,1520363.89,760373.11
3604500,1459057.53,687489.44
3605400,1428659.0,687759.7
3606300,1471618.19,721646.94
3607200,1473165.16,775297.94
3608100,1438781.25,701080.81
3609000,1429341.98,695889.5
3609900,1459915.47,723838.17
3610800,1473547.67,756253.69
3611700,1440080.47,760860.53
3612600,1459118.32,710550.38
3613500,1422630.07,689195.53
3614400,1393099.0,669544.28
3615300,1449360.53,713851.23
3616200,1360411.65,667416.69
3617100,1368939.79,652531.77
3618000,1409237.73,716271.7
3618900,1353268.62,712182.95
3619800,1402405.61,710456.45
3620700,1347493.19,665333.68
3621600,1352769.38,674565.31
3622500,1382385.41,701728.91
3623400,1352596.16,671880.34
3624300,1404681.43,707673.61
3625200,1347739.56,683815.61
3626100,1361130.71,682930.76
3627000,1386450.81,708337.46
3627900,1356605.35,684052.73
3628800,1399838.75,725737.7
3629700,1365830.02,695477.78
3630600,1361239.65,698519.99
3631500,1421537.84,737812.32
3632400,1406101.59,720484.04
3633300,1369381.26,691197.97
3634200,1384999.42,710242.31
3635100,1398363.1,704042.91
3636000,1401085.6,725057.65
3636900,1435612.34,745280.27
3637800,1496645.14,712595.49
3638700,1441723.57,707852.6
3639600,1486442.05,751159.15
3640500,1455860.6,741563.32
3641400,1465196.78,739817.78
3642300,1542256.35,816847.41
3643200,1465107.42,724054.78
3644100,1655380.74,749215.03
3645000,1681436.28,756440.83
3645900,1725168.37,831797.52
3646800,1789083.8,842895.63
3647700,1724131.44,797961.73
3648600,1731519.38,841652.8
3649500,1920101.81,869337.34
3650400,1821690.22,815167.14
3651300,1836854.46,832845.06
3652200,1954537.72,868590.55
3653100,1802936.74,859859.53
3654000,1765692.9,786622.19
3654900,1792477.48,802758.36
3655800,1846572.14,835613.07
3656700,1863127.08,786343.14
3657600,1968497.13,850081.97
3658500,1844609.53,820816.68
3659400,1973122.19,812778.26
3660300,1970342.93,868135.16
3661200,1870474.73,824077.15
3662100,2034682.43,850500.55
3663000,1869246.92,774106.38
3663900,1942428.86,843813.9
3664800,1940429.08,797943.6
3665700,1952716.92,893035.4
3666600,1946381.38,802566.74
3667500,1842106.57,817453.22
3668400,1878463.26,818417.18
3669300,1869795.96,883535.43
3670200,1852517.49,850912.81
3671100,1916721.59,842011.32
3672000,1900213.17,855180.27
3672900,1875458.59,849697.63
3673800,1911642.33,894967.71
3674700,1886853.24,879798.98
3675600,1980075.71,884958.62
3676500,1726890.56,784090.67
3677400,1760743.19,815971.44
3678300,1717852.48,768774.17
3679200,1667320.04,754920.41
3680100,1803685.27,821156.43
3681000,1794759.7,816641.6
3681900,1816895.32,842160.0
3682800,1785843.38,813833.59
3683700,1812108.58,845666.84
3684600,1669511.35,804423.43
3685500,1789402.5,840093.29
3686400,1695469.3,761127.96
3687300,1600758.54,756632.08
3688200,1610613.37,784600.16
3689100,1582562.9,773913.57
3690000,1701895.39,871251.8
3690900,1582054.96,738227.51
3691800,1497510.22,703610.78
3692700,1469888.4,673887.08
3693600,1457131.99,672011.08
3694500,1484512.39,686639.28
3695400,1453152.1,719215.3
3696300,1447882.97,683504.52
3697200,1454388.43,700760.47
3698100,1442494.26,691775.39
3699000,1429519.78,697613.25
3699900,1440359.62,703011.2
3700800,1449258.45,724573.79
3701700,1480646.67,761096.01
3702600,1395651.86,701841.52
3703500,1402182.4,709607.48
3704400,1383093.84,713875.76
3705300,1371773.16,726861.69
3706200,1376432.01,714551.42
3707100,1366161.53,698439.33
3708000,1365029.85,699228.24
3708900,1396586.24,731555.15
3709800,1357478.94,704847.47
3710700,1346013.43,706542.76
3711600,1354949.52,722771.48
3712500,1389999.39,749468.54
3713400,1370064.88,709185.06
3714300,1358490.51,705933.84
3715200,1367647.8,717896.39
3716100,1369665.99,705649.29
3717000,1343492.89,686888.21
3717900,1371230.9,733257.48
3718800,1367502.96,689574.74
3719700,1359445.86,667987.98
3720600,1380475.25,679197.33
3721500,1375786.1,678169.74
3722400,1377211.94,664641.63
3723300,1386275.39,680363.71
3724200,1460035.58,731320.86
3725100,1431239.96,701855.62
3726000,1467602.42,720348.45
3726900,1565366.0,759559.11
3727800,1473996.64,697606.57
3728700,1498698.49,704888.67
3729600,1505179.87,716214.84
3730500,1561992.92,713363.07
3731400,1583040.44,716739.81
3732300,1660853.94,755257.14
3733200,1660922.06,725165.31
3734100,1728975.49,799697.11
3735000,1678807.16,770704.47
3735900,1786957.86,831231.35
3736800,1814554.05,897612.21
3737700,1851554.63,889567.11
3738600,1927170.23,892081.6
3739500,1729033.36,819558.93
3740400,1809758.7,887417.27
3741300,1777027.31,805043.79
3742200,1843800.29,837851.44
3743100,1912694.55,817344.09
3744000,1818567.99,812354.55
3744900,1870892.85,812548.1
3745800,1962844.39,872772.77
3746700,1910161.19,874509.34
3747600,1853725.8,837458.86
3748500,1925624.18,885273.01
3749400,2025329.86,958938.45
3750300,1945501.01,920272.06
3751200,1983772.43,891013.28
3752100,1968078.0,864343.87
3753000,2004858.31,849030.85
3753900,1960934.05,866047.03
3754800,2021307.59,903890.72
3755700,1968131.29,856473.27
3756600,1917282.07,892810.73
3757500,1942433.26,872034.85
3758400,2025171.3,918796.23
3759300,1946173.19,915381.13
3760200,1811974.46,855048.43
3761100,1855982.57,907058.62
3762000,1756202.0,830141.33
3762900,1926172.03,863252.38
3763800,1806732.88,784363.22
3764700,1761916.9,826149.26
3765600,1632813.81,735540.8
3766500,1810061.55,832884.34
3767400,1811020.02,786599.49
3768300,1711741.15,818003.91
3769200,1725856.93,819301.94
3770100,1755998.2,816138.89
3771000,1740248.29,815614.84
3771900,1644055.3,816656.16
3772800,1629489.07,815188.2
3773700,1580822.85,793141.3
3774600,1633917.85,849869.84
3775500,1541426.79,807811.43
3776400,1657013.85,779952.76
3777300,1493462.59,737619.32
3778200,1556632.78,739687.32
3779100,1520836.67,711461.06
3780000,1473349.73,689379.36
3780900,1462735.47,682504.21
3781800,1499476.41,716141.88
3782700,1441269.74,668599.18
3783600,1436962.28,668353.27
3784500,1452897.4,698596.8
3785400,1442093.26,685690.61
3786300,1395842.93,676950.99
3787200,1431310.55,711007.87
3788100,1424594.97,701035.68
3789000,1381001.4,690310.36
3789900,1416801.45,728265.93
3790800,1354731.54,699913.79
3791700,1361395.29,688571.87
3792600,1386843.2,718459.44
3793500,1339904.85,719937.19
3794400,1391385.22,704456.54
3795300,1386793.12,699635.93
3796200,1337079.9,659844.18
3797100,1349973.27,665505.16
3798000,1374818.57,709660.77
3798900,1354439.48,687885.31
3799800,1405019.44,761190.31
3800700,1402712.95,753531.65
3801600,1354153.93,722387.24
3802500,1388287.45,738259.74
3803400,1370829.44,724104.49
3804300,1410421.23,737756.74
3805200,1424323.15,748614.17
3806100,1355017.18,684420.87
3807000,1392534.03,724901.73
3807900,1408925.81,741315.49
3808800,1403756.29,713530.06
3809700,1404581.54,700127.47
3810600,1508923.37,827887.85
3811500,1516436.46,745844.51
3812400,1447062.84,746197.63
3813300,1475863.31,796431.88
3814200,1501965.64,754544.49
3815100,1494543.18,771133.3
3816000,1583669.4,828929.35
3816900,1574628.3,800712.71
3817800,1597044.8,748560.33
3818700,1559398.86,762333.8
3819600,1578088.81,741690.58
3820500,1611106.11,737691.83
3821400,1648359.83,775569.67
3822300,1643046.3,753431.21
3823200,1670523.56,782155.79
3824100,1826360.14,786023.8
3825000,1789105.68,803045.47
3825900,1656733.89,723766.11
3826800,1851211.3,843215.15
3827700,1787018.92,829103.76
3828600,1818324.65,818534.18
3829500,1776983.64,791697.51
3830400,1755059.42,798446.78
3831300,1795787.84,769492.49
3832200,1769315.92,767047.3
3833100,1851532.75,826438.84
3834000,1699578.0,771456.57
3834900,1703327.64,768829.28
3835800,1731856.57,803444.18
3836700,1826964.48,804418.4
3837600,1832283.14,820522.61
3838500,1896203.34,804002.93
3839400,1915340.24,874744.81
3840300,1784899.29,806313.81
3841200,1901446.75,871435.36
3842100,1876524.63,796486.63
3843000,1891577.18,853948.7
3843900,1837560.24,804402.83
3844800,1781891.14,787813.11
3845700,1737505.55,793924.53
3846600,1768766.42,760327.33
3847500,1798106.51,786281.89
3848400,1704389.28,781826.93
3849300,1740376.83,766957.21
3850200,1744590.09,754436.37
3851100,1708209.05,764102.05
3852000,1627430.51,727472.08
3852900,1668187.32,768687.38
3853800,1677629.79,770772.58
3854700,1649716.83,752465.61
3855600,1630717.44,781003.05
3856500,1552341.61,772416.5
3857400,1503023.62,739012.39
3858300,1590238.77,765077.45
3859200,1498896.61,753309.17
3860100,1456280.82,727712.4
3861000,1476944.92,754574.43
3861900,1497856.93,766477.39
3862800,1476230.53,771715.3
3863700,1486261.96,772334.01
3864600,1456859.8,711435.79
3865500,1455386.08,707765.53
3866400,1449560.94,706985.41
3867300,1491227.6,739995.67
3868200,1446400.18,709598.33
3869100,1438379.15,719562.38
3870000,1371748.35,679892.21
3870900,1426158.42,692314.09
3871800,1422832.31,698990.94
3872700,1380040.47,651417.39
3873600,1408196.23,710590.12
3874500,1428840.55,729879.36
3875400,1361981.87,681830.11
3876300,1374813.45,721334.75
3877200,1380520.75,728548.65
3878100,1331584.44,696431.85
3879000,1347171.3,717634.83
3879900,1352575.38,730202.64
3880800,1368811.89,734139.68
3881700,1372518.31,739134.7
3882600,1365535.86,741244.08
3883500,1327003.51,697909.06
3884400,1347122.86,736027.4
3885300,1370448.49,738727.2
3886200,1351883.88,709524.35
3887100,1401673.28,753975.31
3888000,1371090.27,753379.58
3888900,1373168.98,727146.42
3889800,1350448.97,727271.39
3890700,1388918.52,786691.13
3891600,1383524.69,781159.24
3892500,1381198.15,785786.68
3893400,1384123.99,780364.75
3894300,1358486.11,733097.08
3895200,1355686.8,750208.65
3896100,1423516.75,799234.04
3897000,1417489.2,758405.91
3897900,1403328.55,770815.52
3898800,1406849.3,788658.97
3899700,1364367.55,747647.37
3900600,1379621.34,754492.77
3901500,1420786.19,780501.34
3902400,1381835.63,756853.36
3903300,1368926.15,729614.41
3904200,1389592.99,755613.92
3905100,1414772.92,776775.42
3906000,1438211.33,799522.8
3906900,1394194.79,755744.11
3907800,1433836.49,802223.05
3908700,1423012.39,819626.5
3909600,1415979.58,772409.91
3910500,1433710.88,771846.22
3911400,1444297.94,773532.07
3912300,1419911.13,746258.61
3913200,1423250.61,786792.94
3914100,1388250.82,755231.32
3915000,1393090.67,764117.16
3915900,1412166.69,764371.31
3916800,1454702.45,774591.43
3917700,1403869.54,744824.8
3918600,1420291.53,751683.29
3919500,1443965.52,791640.75
3920400,1400732.03,774921.57
3921300,1403498.66,744251.31
3922200,1439500.31,766390.14
3923100,1444184.88,762714.94
3924000,1403632.87,730226.99
3924900,1437819.58,751649.32
3925800,1413956.45,745023.19
3926700,1409576.75,736285.49
3927600,1401778.56,742256.1
3928500,1405167.3,732513.34
3929400,1451670.23,784468.32
3930300,1408925.35,756339.11
3931200,1427739.35,765584.66
3932100,1433581.7,766498.9
3933000,1428320.71,762479.74
3933900,1433780.46,759598.94
3934800,1430989.29,739143.59
3935700,1453394.62,719195.8
3936600,1447939.45,718081.05
3937500,1463951.75,736619.2
3938400,1439920.35,713670.96
3939300,1431854.74,723979.16
3940200,1434981.17,724812.84
3941100,1412747.5,717424.07
3942000,1416454.56,720992.43
3942900,1403628.2,734940.12
3943800,1483192.29,759650.12
3944700,1426972.14,696009.34
3945600,1400298.07,691427.31
3946500,1419761.08,702262.3
3947400,1391486.76,694799.38
3948300,1396314.79,698742.65
3949200,1380926.24,677361.69
3950100,1379535.0,689017.09
3951000,1364463.59,687443.3
3951900,1395328.49,722732.12
3952800,1371498.87,692206.97
3953700,1391433.84,694360.29
3954600,1410001.46,678575.13
3955500,1365022.8,654033.14
3956400,1351125.18,656465.52
3957300,1343554.23,664109.53
3958200,1342085.91,664628.08
3959100,1383261.47,696758.97
3960000,1385589.39,673493.77
3960900,1325155.43,680768.01
3961800,1329134.77,684678.77
3962700,1341641.24,682454.22
3963600,1341305.69,716553.22
3964500,1345512.27,707898.74
3965400,1339450.38,697137.82
3966300,1323346.62,676011.75
3967200,1330331.27,691292.63
3968100,1326061.52,688196.96
3969000,1337574.1,678713.56
3969900,1340154.6,692027.16
3970800,1329992.07,681335.08
3971700,1329046.6,685583.22
3972600,1380437.62,713140.05
3973500,1324816.5,677640.56
3974400,1323195.65,704299.8
3975300,1356889.98,721316.16
3976200,1335828.74,706124.91
3977100,1376157.62,726304.41
3978000,1361420.38,725134.09
3978900,1358391.54,717289.58
3979800,1362158.39,722283.6
3980700,1370239.56,724593.38
3981600,1387904.94,727396.82
3982500,1373279.02,706782.26
3983400,1398352.11,737460.75
3984300,1398031.77,728484.65
3985200,1424189.3,759315.4
3986100,1378118.77,743627.2
3987000,1401747.71,748294.19
3987900,1370387.24,722586.64
3988800,1378499.27,741985.38
3989700,1363259.67,744557.56
3990600,1461208.01,842500.31
3991500,1389574.13,743534.55
3992400,1379426.42,746445.1
3993300,1400639.28,752631.32
3994200,1394938.02,733345.83
3995100,1416767.94,754552.55
3996000,1394970.43,722642.76
3996900,1385924.1,718410.74
3997800,1423677.06,729114.81
3998700,1410649.38,736426.57
3999600,1378580.75,700151.0
4000500,1375106.78,695610.44
4001400,1419477.72,702818.12
4002300,1454618.32,735060.97
4003200,1434316.22,731235.72
4004100,1418720.95,752945.25
4005000,1419790.1,714012.45
4005900,1427182.71,733298.31
4006800,1382762.33,709033.81
4007700,1391207.34,693231.54
4008600,1395603.24,706801.03
4009500,1433536.56,737714.36
4010400,1420930.57,700244.29
4011300,1404790.83,686677.09
4012200,1443171.84,739084.9
4013100,1438209.05,720302.67
4014000,1397787.96,702516.45
4014900,1418435.3,734750.24
4015800,1426511.26,749946.44
4016700,1462577.45,761087.59
4017600,1418054.08,708701.75
4018500,1440229.98,717682.34
4019400,1439054.44,743903.05
4020300,1422184.02,715207.31
4021200,1429283.2,713349.98
4022100,1480278.53,762109.86
4023000,1457033.66,721874.82
4023900,1443614.5,714412.9
4024800,1413201.14,707528.87
4025700,1453970.31,748179.47
4026600,1445522.46,728028.99
4027500,1436419.37,710992.31
4028400,1419683.81,716283.6
4029300,1413387.27,708301.85
4030200,1460389.62,719094.27
4031100,1436254.03,667066.5
4032000,1413184.84,659059.75
4032900,1399807.89,659388.7
4033800,1397489.32,659772.67
4034700,1417492.03,670590.73
4035600,1396191.56,668890.14
4036500,1396192.75,670108.34
4037400,1404688.11,673110.99
4038300,1406642.58,691756.9
4039200,1449504.55,722275.82
4040100,1409698.52,687311.19
4041000,1364048.31,639675.2
4041900,1369529.11,655876.28
4042800,1366491.39,662648.53
4043700,1411000.31,681757.51
4044600,1341029.39,648250.76
4045500,1337704.47,646309.48
4046400,1358474.95,671083.28
4047300,1360894.13,662656.22
4048200,1358424.22,669390.84
4049100,1357485.35,671991.21
4050000,1330838.65,670796.81
4050900,1334673.52,680887.02
4051800,1372919.22,713271.51
4052700,1321141.94,674044.1
4053600,1324027.95,680640.2
4054500,1332050.08,676850.56
4055400,1339157.68,674100.4
4056300,1336414.95,672012.18
4057200,1319971.89,668008.3
4058100,1313983.06,668526.58
4059000,1313837.22,662734.86
4059900,1340232.79,674750.89
4060800,1307352.26,660358.7
4061700,1331056.55,678963.04
4062600,1365803.38,683748.69
4063500,1355801.51,659183.99
4064400,1351167.3,669414.55
4065300,1372138.46,697634.58
4066200,1353773.71,673836.27
4067100,1374347.26,686882.72
4068000,1392523.32,687455.84
4068900,1397833.65,679884.25
4069800,1430211.64,703867.22
4070700,1426723.3,703719.09
4071600,1411099.64,688746.92
4072500,1412264.83,713688.81
4073400,1449414.28,716256.23
4074300,1451840.06,707523.28
4075200,1536897.86,783072.51
4076100,1614111.05,749785.03
4077000,1563013.55,756506.84
4077900,1610259.61,728962.37
4078800,1544217.41,709014.4
4079700,1646102.78,787462.92
4080600,1589735.5,744435.52
4081500,1611381.23,723308.99
4082400,1653636.02,760000.76
4083300,1623268.8,725326.35
4084200,1596948.76,700164.18
4085100,1689058.78,800842.44
4086000,1709657.78,732792.57
4086900,1740934.94,762281.98
4087800,1684111.63,731966.58
4088700,1713020.14,732344.06
4089600,1678394.35,740508.0
4090500,1734359.89,697013.49
4091400,1761101.9,806334.14
4092300,1665428.65,721462.55
4093200,1797398.07,748950.35
4094100,1853343.29,807483.67
4095000,1800531.83,766854.86
4095900,1741546.23,759819.76
4096800,1822481.78,762837.25
4097700,1751154.88,799644.1
4098600,1855209.05,767080.17
4099500,1840159.61,783043.4
4100400,1746198.21,758176.39
4101300,1731040.01,764643.31
4102200,1737650.3,765390.2
4103100,1678601.53,698073.49
4104000,1745025.88,750434.33
4104900,1646249.54,721094.51
4105800,1734240.88,724793.52
4106700,1642243.84,746077.79
4107600,1694736.24,757345.28
4108500,1639508.06,697607.3
4109400,1603122.89,710923.28
4110300,1594241.46,707080.44
4111200,1696390.5,731228.12
4112100,1612118.41,732478.91
4113000,1761509.95,762744.96
4113900,1690261.78,735122.41
4114800,1612035.74,746841.8
4115700,1736103.61,779174.01
4116600,1665087.62,824934.45
4117500,1647805.94,728048.95
4118400,1587154.82,760221.5
4119300,1600519.78,729822.78
4120200,1552933.69,717582.73
4121100,1535512.57,713857.18
4122000,1472462.22,695444.46
4122900,1472279.11,697920.04
4123800,1450098.08,672776.09
4124700,1445140.87,660294.07
4125600,1500961.58,771007.69
4126500,1441898.8,665729.1
4127400,1407683.99,644327.36
4128300,1432281.65,675202.42
4129200,1424330.57,668227.75
4130100,1386019.78,653586.46
4131000,1404514.16,680850.68
4131900,1508283.69,896537.84
4132800,1394279.3,689542.69
4133700,1425332.52,715439.67
4134600,1403491.97,730378.33
4135500,1387753.14,678535.4
4136400,1362503.45,670555.94
4137300,1348147.43,668791.81
4138200,1353448.52,677549.01
4139100,1336147.71,663404.57
4140000,1338086.98,683424.41
4140900,1385996.89,712957.03
4141800,1393900.54,690193.36
4142700,1321199.98,686777.34
4143600,1329164.89,686955.78
4144500,1354498.08,682541.38
4145400,1324032.07,673298.77
4146300,1330500.18,668530.98
4147200,1338504.27,663223.02
4148100,1348604.74,665804.9
4149000,1384492.4,674696.32
4149900,1346484.01,653136.11
4150800,1375289.61,669922.21
4151700,1410337.83,654051.91
4152600,1408056.7,750694.15
4153500,1391560.64,725431.27
4154400,1388854.61,752406.92
4155300,1405622.5,752119.72
4156200,1450967.01,759151.79
4157100,1431632.72,751717.62
4158000,1415357.39,741273.83
4158900,1446063.17,788155.61
4159800,1443547.3,760318.45
4160700,1454002.35,774787.17
4161600,1479707.24,772684.84
4162500,1485319.43,751564.64
4163400,1550955.23,769496.7
4164300,1600519.32,784552.28
4165200,1638256.35,780101.44
4166100,1626262.85,762694.24
4167000,1746213.41,784964.17
4167900,1734182.19,748881.13
4168800,1722205.63,751459.81
4169700,1769337.89,783977.14
4170600,1699533.23,728088.5
4171500,1769602.2,751188.72
4172400,1763295.87,788438.51
4173300,1702238.07,774004.49
4174200,1638639.68,744195.83
4175100,1698666.05,777428.01
4176000,1659979.34,794155.24
4176900,1761547.76,799272.77
4177800,1647749.82,752599.91
4178700,1775143.8,777890.08
4179600,1673793.91,758307.77
4180500,1817393.01,807794.31
4181400,1859020.84,799766.24
4182300,1747434.17,784489.56
4183200,1766656.4,768145.66
4184100,1824242.34,718784.45
4185000,1833287.93,729666.23
4185900,1879350.77,814402.68
4186800,1842453.92,817594.76
4187700,1763264.65,754810.0
4188600,1756764.77,727763.67
4189500,1802267.58,791226.01
4190400,1801556.95,763415.86
4191300,1759288.7,753316.77
4192200,1715838.78,782009.86
4193100,1765121.15,728049.96
4194000,1761614.41,733094.6
4194900,1732171.42,795296.45
4195800,1659238.77,747794.22
4196700,1633076.57,754635.59
4197600,1710809.14,768252.23
4198500,1625265.38,746909.36
4199400,1629447.24,728761.05
4200300,1598839.51,709508.06
4201200,1614576.32,724691.8
4202100,1621146.97,741731.69
4203000,1642398.19,704329.38
4203900,1550538.21,725502.23
4204800,1619387.51,732479.1
4205700,1636550.54,733245.57
4206600,1571870.45,711320.53
4207500,1522200.16,730032.71
4208400,1596715.85,737310.33
4209300,1480757.81,718036.65
4210200,1435128.75,694808.44
4211100,1431711.09,653795.1
4212000,1485207.64,705336.73
4212900,1417499.36,649906.22
4213800,1438120.7,660855.29
4214700,1425374.18,693909.76
4215600,1435978.73,690138.24
4216500,1438141.11,711928.44
4217400,1381827.85,693465.64
4218300,1384742.25,683349.06
4219200,1378600.89,667041.78
4220100,1419333.8,712260.68
4221000,1371130.37,716616.12
4221900,1377872.41,743802.8
4222800,1348045.81,716811.22
4223700,1336359.56,708203.06
4224600,1361608.89,740696.78
4225500,1337858.83,714812.99
4226400,1328995.79,732281.98
4227300,1382749.88,766071.44
4228200,1356971.28,764925.48
4229100,1324717.16,725851.5
4230000,1340808.84,728780.27
4230900,1366133.97,778646.48
4231800,1318504.85,721918.21
4232700,1343066.62,724455.23
4233600,1310510.56,709016.14
4234500,1387265.26,753406.13
4235400,1340062.13,711704.22
4236300,1366907.04,714016.3
4237200,1387636.51,717664.58
4238100,1360199.07,691953.0
4239000,1377485.69,692328.19
4239900,1386235.11,725920.44
4240800,1382031.1,727111.27
4241700,1404133.12,713605.41
4242600,1429579.93,738305.69
4243500,1430915.22,759923.95
4244400,1439731.84,727890.66
4245300,1455600.86,744699.92
4246200,1478559.72,754238.34
4247100,1480252.17,747609.01
4248000,1483207.31,729016.57
4248900,1518106.11,728498.29
4249800,1595447.57,760764.77
4250700,1625803.44,763694.37
4251600,1607913.85,755984.62
4252500,1697035.68,799234.95
4253400,1723004.61,801717.96
4254300,1669519.04,757907.78
4255200,1690727.33,738101.72
4256100,1722254.88,748197.51
4257000,1692856.66,739887.91
4257900,1740459.78,768673.55
4258800,1718559.81,741786.71
4259700,1744709.66,770463.13
4260600,1773234.56,781181.85
4261500,1831947.6,796844.51
4262400,1826464.97,772850.1
4263300,1758502.53,757165.28
4264200,1738249.24,776022.13
4265100,1760864.78,793098.08
4266000,1873236.69,820410.28
4266900,1800628.42,789993.44
4267800,1826523.56,756855.65
4268700,1847088.5,782505.8
4269600,1942063.48,869475.95
4270500,1791624.11,766907.68
4271400,1839173.22,775867.22
4272300,1796116.79,802347.02
4273200,1963475.01,847030.98
4274100,1858840.12,826014.5
4275000,1969141.94,898329.99
4275900,1841541.23,770691.65
4276800,1790224.18,755992.95
4277700,1841945.07,794296.23
4278600,1702718.44,746644.5
4279500,1672009.19,724386.57
4280400,1758223.66,745516.39
4281300,1758205.54,736751.22
4282200,1791652.68,739973.97
4283100,1640422.85,695788.79
4284000,1646559.63,724647.31
4284900,1635939.88,745802.86
4285800,1746997.28,745638.89
4286700,1626149.96,731074.58
4287600,1752922.12,780777.83
4288500,1725548.68,759558.93
4289400,1593383.24,734120.36
4290300,1727228.39,963003.66
4291200,1587916.99,745878.02
4292100,1646440.43,787918.4
4293000,1559883.64,746944.15
4293900,1619886.66,755319.49
4294800,1633254.73,757962.52
4295700,1684259.4,791374.79
4296600,1528236.69,741260.1
4297500,1494705.96,726953.89
4298400,1465045.62,699960.02
4299300,1444348.11,686641.85
4300200,1459940.19,710121.19
4301100,1439555.33,683298.71
4302000,1417132.42,690932.37
4302900,1389420.68,684130.1
4303800,1404723.36,681115.08
4304700,1399046.26,687716.95
4305600,1408568.48,683926.85
4306500,1397311.52,684037.54
4307400,1376450.04,675465.82
4308300,1374845.76,668424.77
4309200,1348239.62,678130.0
4310100,1378514.74,714657.9
4311000,1355602.39,681404.94
4311900,1356867.83,679720.92
4312800,1350730.32,690153.26
4313700,1362172.3,690504.18
4314600,1332945.01,676048.1
4315500,1347859.13,688074.83
4316400,1352958.34,689081.91
4317300,1346357.03,683931.34
4318200,1342192.11,682365.51
4319100,1347495.12,694320.1
4320000,1359329.41,702929.99
4320900,1358646.15,686901.31
4321800,1405259.95,722589.66
4322700,1405074.46,708474.79
4323600,1384606.29,690194.37
4324500,1386914.89,688057.43
4325400,1405105.5,716412.14
4326300,1419492.0,719868.35
4327200,1402593.84,699887.24
4328100,1426574.98,717068.57
4329000,1465605.38,745018.89
4329900,1473392.21,772451.75
4330800,1476481.02,759352.02
4331700,1490381.2,753608.55
4332600,1557158.84,739336.03
4333500,1509719.06,745333.56
4334400,1523252.2,756357.06
4335300,1606956.21,776805.27
4336200,1650910.58,783053.83
4337100,1638496.67,743075.13
4338000,1699897.98,798476.72
4338900,1720475.1,820548.52
4339800,1688886.29,757733.83
4340700,1693799.56,765470.4
4341600,1671450.44,736138.0
4342500,1748192.6,900129.18
4343400,1665705.23,728876.59
4344300,1677454.38,720286.47
4345200,1824325.47,782124.85
4346100,1799479.71,774013.18
4347000,1727821.56,742253.91
4347900,1738884.16,758613.65
4348800,1770838.9,755318.94
4349700,1882843.23,799042.79
4350600,1832834.29,844683.65
4351500,1853919.53,771085.97
4352400,1853611.27,773416.26
4353300,1748622.34,759959.84
4354200,1890187.87,793847.63
4355100,1897293.0,780765.66
4356000,1898307.86,789147.4
4356900,1916321.78,803753.17
4357800,1820009.86,817740.78
4358700,1855255.65,882884.77
4359600,1763329.19,794654.94
4360500,1803444.76,800657.68
4361400,1928470.55,865836.64
4362300,1909023.93,812984.07
4363200,1841577.67,719544.07
4364100,1823949.46,756507.66
4365000,1888356.9,792874.88
4365900,1909552.46,804118.93
4366800,1826368.38,743635.16
4367700,1792567.84,754391.05
4368600,1681274.69,768264.04
4369500,1772299.44,754517.4
4370400,1629657.26,730943.12
4371300,1744588.26,767520.9
4372200,1756486.45,767582.34
4373100,1660264.34,768861.05
4374000,1672503.02,774127.44
4374900,1613219.79,759940.61
4375800,1690384.0,778417.51
4376700,1577238.01,777516.27
4377600,1628000.15,762259.09
4378500,1595097.29,796466.49
4379400,1549902.1,771482.76
4380300,1626930.73,778225.25
4381200,1540754.88,784462.37
4382100,1612003.97,797246.61
4383000,1487433.75,757086.82
4383900,1480619.57,722277.1
4384800,1476319.43,694978.64
4385700,1487227.57,720608.92
4386600,1452838.99,706328.06
4387500,1436156.52,710151.49
4388400,1418849.4,686939.39
4389300,1514353.09,762524.32
4390200,1399427.86,671760.04
4391100,1389880.74,673687.32
4392000,1423368.44,725207.79
4392900,1400924.38,688454.5
4393800,1361659.7,679627.99
4394700,1361041.53,678495.03
4395600,1360934.14,695049.32
4396500,1393759.92,722169.07
4397400,1348742.52,701485.93
4398300,1339618.47,679394.35
4399200,1358762.88,698519.62
4400100,1326821.69,679752.23
4401000,1359908.02,695046.66
4401900,1340855.26,691829.5
4402800,1355005.55,699901.61
4403700,1363429.41,698897.09
4404600,1361589.39,696344.7
4405500,1358552.4,702648.65
4406400,1360326.23,712852.39
4407300,1359283.54,727830.32
4408200,1365580.17,738725.46
4409100,1372190.92,708248.38
4410000,1360137.54,711901.79
4410900,1359424.71,693720.43
4411800,1397909.27,713901.49
4412700,1400576.66,715656.28
4413600,1396839.11,713010.96
4414500,1402804.41,688076.93
4415400,1463810.85,705035.8
4416300,1422903.72,734720.49
4417200,1436579.04,754976.9
4418100,1453363.95,752684.88
4419000,1533671.36,742607.48
4419900,1466891.33,754902.92
4420800,1490582.7,743148.01
4421700,1545569.92,753840.36
4422600,1583350.8,746541.87
4423500,1650078.92,790258.67
4424400,1621914.64,762796.6
4425300,1614390.01,740168.79
4426200,1701295.53,739151.18
4427100,1604267.49,735466.92
4428000,1762515.84,778959.59
4428900,1641134.03,728860.29
4429800,1708212.43,767526.86
4430700,1711075.47,749947.81
4431600,1719210.02,764924.65
4432500,1701955.54,751687.41
4433400,1762170.14,758670.23
4434300,1700236.45,766193.39
4435200,1817513.12,795502.35
4436100,1810336.3,777147.86
4437000,1815835.51,791056.64
4437900,1779774.99,779863.49
4438800,1719592.9,781539.55
4439700,1757564.76,743762.79
4440600,1692038.18,748784.64
4441500,1778642.03,759104.64
4442400,1773936.68,737248.99
4443300,1751069.0,737346.95
4444200,1680084.87,756799.9
4445100,1695981.99,752295.23
4446000,1781403.63,795763.18
4446900,1778854.71,757155.12
4447800,1722881.56,731486.76
4448700,1696547.88,793197.51
4449600,1646619.23,752037.14
4450500,1678362.49,771935.49
4451400,1731385.8,734416.99
4452300,1724675.17,742890.84
4453200,1681991.46,727988.8
4454100,1593626.22,692507.26
4455000,1691790.34,708396.7
4455900,1660380.52,724110.81
4456800,1558792.14,704458.28
4457700,1645228.91,720768.95
4458600,1520101.04,705490.08
4459500,1569376.83,720420.41
4460400,1632163.24,720957.73
4461300,1596523.22,724722.29
4462200,1501879.21,711885.77
4463100,1547740.36,713641.11
4464000,1476434.6,714071.23
4464900,1520338.9,735931.92
4465800,1469401.7,703154.66
4466700,1493677.64,740577.94
4467600,1463429.53,728388.43
4468500,1471331.73,726011.99
4469400,1451475.49,725412.78
4470300,1440624.39,707199.65
4471200,1435795.72,676645.94
4472100,1404388.92,665328.92
4473000,1454434.3,737448.67
4473900,1391134.0,665749.6
4474800,1396361.57,682434.54
4475700,1412374.6,706636.69
4476600,1389931.09,667575.44
4477500,1392851.99,670138.64
4478400,1364480.16,664556.76
4479300,1376617.77,668909.27
4480200,1354420.53,670507.32
4481100,1366087.55,666779.3
4482000,1325945.34,664353.61
4482900,1319318.94,664534.24
4483800,1334259.16,673250.89
4484700,1324097.81,674951.75
4485600,1331602.39,684355.59
4486500,1318926.91,682282.1
4487400,1332134.86,695195.34
4488300,1316813.6,673082.24
4489200,1371433.96,714801.27
4490100,1405033.91,744249.94
4491000,1334116.15,699488.89
4491900,1349872.19,711587.59
4492800,1352334.59,708089.81
4493700,1332157.38,700672.76
4494600,1363114.01,712158.05
4495500,1365121.86,711665.41
4496400,1372692.35,715745.0
4497300,1366187.07,718974.06
4498200,1371450.62,730092.13
4499100,1482681.06,963490.45
4500000,1405038.12,715735.11
4500900,1389606.45,739202.64
4501800,1403139.59,713087.31
4502700,1400517.97,730294.46
4503600,1413547.85,735355.22
4504500,1387221.5,722206.51
4505400,1402368.9,721344.73
4506300,1402581.85,719315.55
4507200,1375542.85,713149.48
4508100,1389835.78,743954.77
4509000,1391713.71,740073.94
4509900,1391027.89,745040.22
4510800,1414800.66,768158.29
4511700,1395433.14,749657.78
4512600,1414235.6,745702.88
4513500,1412896.09,746223.27
4514400,1425056.85,743307.5
4515300,1390979.0,733653.17
4516200,1348594.02,704244.96
4517100,1305959.75,680701.81
4518000,1278288.67,689111.3
4518900,1324396.27,698769.93
4519800,1287412.26,654212.04
4520700,1402844.6,700521.88
4521600,1407599.21,707205.14
4522500,1372047.18,700426.76
4523400,1422548.95,749470.92
4524300,1358591.4,713810.12
4525200,1371235.02,720067.93
4526100,1413959.01,711846.59
4527000,1386045.41,692657.04
4527900,1369897.61,707733.31
4528800,1386202.33,713736.15
4529700,1409078.34,770070.28
4530600,1410535.58,728832.18
4531500,1465926.54,769733.28
4532400,1466870.18,790924.16
4533300,1418189.48,701785.31
4534200,1402318.63,717400.73
4535100,1429945.31,719432.65
4536000,1456445.98,738898.77
4536900,1428009.52,725291.02
4537800,1416098.97,714470.95
4538700,1453904.39,730370.36
4539600,1460069.18,743327.82
4540500,1439638.28,680154.69
4541400,1442273.07,675709.44
4542300,1446609.92,679680.73
4543200,1437245.82,674007.93
4544100,1472705.66,730419.16
4545000,1420432.71,700716.8
4545900,1424082.46,705296.63
4546800,1458973.11,715361.85
4547700,1448109.01,723421.51
4548600,1413342.22,698829.07
4549500,1418149.2,700459.63
4550400,1418651.46,721937.71
4551300,1430360.32,678034.79
4552200,1383550.6,654541.35
4553100,1366878.3,654037.45
4554000,1420424.56,701034.3
4554900,1390015.59,677184.27
4555800,1361272.98,652055.42
4556700,1396591.09,653288.54
4557600,1371584.38,650993.41
4558500,1398756.96,687456.21
4559400,1364957.34,655916.75
4560300,1372810.09,671674.9
4561200,1364721.5,658940.92
4562100,1409967.68,694379.88
4563000,1356089.81,666630.8
4563900,1362447.6,670477.84
4564800,1363044.62,662790.34
4565700,1397712.25,709584.78
4566600,1356076.72,663255.43
4567500,1390674.22,714665.68
4568400,1345564.54,690310.55
4569300,1347378.66,688478.94
4570200,1362746.89,709889.37
4571100,1349146.0,701221.16
4572000,1358136.57,710349.88
4572900,1345769.26,697894.5
4573800,1340405.46,704471.28
4574700,1351165.74,708917.45
4575600,1338878.63,700960.42
4576500,1342667.54,708918.09
4577400,1336972.23,703818.7
4578300,1333707.28,690780.03
4579200,1339941.19,694209.41
4580100,1345520.23,723916.17
4581000,1347735.81,731067.63
4581900,1357700.78,723549.04
4582800,1369827.85,736408.45
4583700,1359496.58,719625.18
4584600,1389390.11,718385.93
4585500,1368341.95,703842.5
4586400,1377050.26,720468.02
4587300,1365139.43,715332.0
4588200,1428260.28,739406.52
4589100,1391035.4,743883.36
4590000,1401411.44,734448.03
4590900,1386380.22,732021.06
4591800,1386442.75,720434.14
4592700,1368958.28,701030.91
4593600,1372171.51,704195.34
4594500,1392778.29,731872.56
4595400,1400852.6,731292.3
4596300,1372080.69,729501.16
4597200,1363793.98,732918.55
4598100,1384152.47,743938.29
4599000,1352845.09,731220.89
4599900,1364483.0,730485.81
4600800,1345151.82,719315.09
4601700,1349626.92,709662.96
4602600,1415412.78,740119.08
4603500,1368457.12,698035.31
4604400,1365007.51,705810.88
4605300,1400131.62,720201.6
4606200,1420580.75,734146.91
4607100,1376123.29,701869.35
4608000,1387823.91,717212.59
4608900,1438032.53,751127.56
4609800,1424401.25,726050.45
4610700,1395019.13,705313.57
4611600,1401329.5,719620.61
4612500,1452218.17,771021.33
4613400,1449603.7,750412.17
4614300,1428660.1,713872.1
4615200,1503175.87,725271.88
4616100,1489466.49,742270.29
4617000,1412203.22,702620.0
4617900,1409027.34,714208.28
4618800,1469289.0,762038.45
4619700,1484786.96,774882.57
4620600,1457629.03,748032.17
4621500,1433128.88,721743.07
4622400,1495358.92,769732.54
4623300,1583604.4,792936.95
4624200,1482221.74,746805.36
4625100,1485335.82,768240.23
4626000,1493961.46,743133.54
4626900,1490630.58,715640.44
4627800,1450895.69,736796.91
4628700,1500455.11,763284.03
4629600,1443841.64,716357.57
4630500,1459412.11,728687.99
4631400,1484122.19,746928.86
4632300,1470447.6,721560.33
4633200,1440977.05,714668.98
4634100,1454921.26,730657.1
4635000,1423114.56,714548.77
4635900,1426057.8,714350.92
4636800,1450188.35,752995.97
4637700,1467355.5,714470.31
4638600,1429031.8,682581.85
4639500,1407014.47,661532.32
4640400,1492545.32,674773.59
4641300,1422527.8,687789.46
4642200,1439214.75,690496.95
4643100,1460487.95,675687.38
4644000,1444812.29,690122.59
4644900,1398495.85,673702.97
4645800,1445304.84,680328.64
4646700,1390416.32,688753.14
4647600,1388716.83,730060.09
4648500,1455842.47,701721.41
4649400,1363762.94,678564.06
4650300,1377024.17,688410.28
4651200,1359934.3,671906.98
4652100,1347057.86,680409.67
4653000,1383222.75,708724.46
4653900,1375052.31,711840.36
4654800,1348338.59,706493.41
4655700,1338545.84,674009.58
4656600,1345958.95,665543.43
4657500,1344492.19,679647.4
4658400,1343398.13,685470.43
4659300,1326724.0,671696.14
4660200,1335974.4,665559.27
4661100,1349971.71,668063.51
4662000,1326494.38,665044.01
4662900,1340624.54,680370.67
4663800,1335621.0,685005.25
4664700,1331633.15,681309.27
4665600,1360803.04,686886.29
4666500,1321882.69,673909.79
4667400,1342060.27,667927.83
4668300,1358745.21,661390.23
4669200,1366286.5,668928.68
4670100,1383048.61,663372.34
4671000,1364139.95,655578.83
4671900,1387336.3,715886.26
4672800,1400322.78,716803.71
4673700,1389088.26,737244.42
4674600,1421866.33,732194.0
4675500,1462595.86,764876.68
4676400,1459294.28,733646.85
4677300,1429482.15,730889.1
4678200,1454931.98,725406.01
4679100,1439148.93,725968.69
4680000,1476972.56,748659.48
4680900,1524081.57,763233.12
4681800,1525330.26,724416.32
4682700,1507277.25,743072.57
4683600,1561321.11,731980.59
4684500,1642857.79,799267.46
4685400,1601620.15,754466.77
4686300,1725977.97,752826.51
4687200,1648208.4,792041.38
4688100,1675536.16,802972.87
4689000,1766385.96,791098.57
4689900,1682320.77,766988.34
4690800,1736861.66,811113.19
4691700,1721188.02,771226.59
4692600,1780863.65,773583.44
4693500,1701755.77,757160.06
4694400,1715798.68,763681.73
4695300,1713492.46,762127.44
4696200,1815738.37,783001.1
4697100,1822433.9,794357.39
4698000,1767935.85,751348.48
4698900,1747695.1,764326.45
4699800,1833773.99,833434.48
4700700,1877050.69,779681.76
4701600,1840789.03,772555.39
4702500,1806458.31,780921.57
4703400,1910556.15,803127.87
4704300,1864324.95,819652.95
4705200,1826995.7,820260.96
4706100,1803720.34,791990.2
4707000,1993055.24,829101.84
4707900,1914024.44,791243.59
4708800,1831790.41,794681.21
4709700,1944852.45,831840.27
4710600,1780845.61,774881.2
4711500,1738382.54,767806.73
4712400,1807150.09,779861.94
4713300,1702741.97,725522.55
4714200,1747161.53,719132.9
4715100,1684533.97,759244.63
4716000,1688913.39,708266.78
4716900,1741136.72,757296.84
4717800,1761550.87,756350.28
4718700,1772282.68,773855.16
4719600,1768913.45,769061.74
4720500,1659736.45,754927.83
4721400,1602043.58,725972.35
4722300,1590249.39,721069.06
4723200,1595896.73,719899.93
4724100,1592412.41,719382.84
4725000,1579902.83,722479.61
4725900,1707801.73,766786.19
4726800,1558184.97,743695.13
4727700,1534706.63,718344.09
4728600,1519699.68,731470.09
4729500,1498489.01,725245.7
4730400,1471414.58,726595.55
4731300,1471338.32,730702.51
4732200,1454797.67,728283.14
4733100,1485477.91,754789.4
4734000,1412899.11,726717.04
4734900,1403753.81,723230.44
4735800,1401179.72,695270.32
4736700,1424457.82,713303.56
4737600,1422834.69,691081.79
4738500,1397677.37,692592.41
4739400,1369945.22,685185.15
4740300,1366667.91,691834.81
4741200,1345463.47,692848.39
4742100,1359641.24,705984.1
4743000,1343927.03,703075.93
4743900,1333952.55,705566.62
4744800,1372681.46,731454.99
4745700,1358893.43,723298.65
4746600,1363309.11,706610.69
4747500,1354398.74,704656.04
4748400,1341812.53,705420.87
4749300,1362269.17,712113.92
4750200,1346836.03,703398.38
4751100,1342361.48,705054.66
4752000,1344551.42,694655.0
4752900,1343218.6,702269.26
4753800,1354475.01,703199.34
4754700,1380448.33,713042.27
4755600,1370215.3,709113.74
4756500,1399043.43,747290.04
4757400,1371557.46,705290.13
4758300,1386899.96,702005.95
4759200,1374890.08,689674.26
4760100,1387758.36,690305.79
4761000,1440566.89,701090.33
4761900,1416906.65,703468.6
4762800,1451364.9,720766.2
4763700,1440668.79,725229.68
4764600,1457253.02,717613.31
4765500,1526156.34,708604.16
4766400,1477475.83,730514.1
4767300,1589598.54,817102.11
4768200,1586338.9,723216.16
4769100,1685870.64,722986.45
4770000,1625071.11,726162.69
4770900,1665156.74,778299.41
4771800,1676761.87,753942.72
4772700,1761968.44,741305.42
4773600,1655513.4,728122.92
4774500,1661286.44,767901.67
4775400,1744200.07,817659.03
4776300,1722099.88,769876.1
4777200,1735161.71,763273.68
4778100,1748177.86,746425.14
4779000,1773217.44,774725.83
4779900,1782781.04,752303.74
4780800,1804673.68,738457.21
4781700,1803891.17,784509.06
4782600,1777773.19,752423.31
4783500,1818702.48,762994.9
4784400,1806213.87,810965.52
4785300,1830138.98,788489.96
4786200,1843943.85,875543.52
4787100,1895046.57,863875.12
4788000,1777674.22,773406.92
4788900,1950692.87,815272.71
4789800,1904658.51,812627.01
4790700,1950803.47,839480.53
4791600,1913617.68,843411.35
4792500,1799095.46,791443.36
4793400,1838646.24,811478.21
4794300,1834830.32,828327.76
4795200,1815503.72,797622.53
4796100,1879741.42,809012.24
4797000,1794814.73,841935.61
4797900,1860043.12,815898.01
4798800,1725306.61,781735.57
4799700,1705653.9,767664.92
4800600,1664153.05,738351.01
4801500,1668180.36,749964.39
4802400,1710521.48,736490.02
4803300,1687084.35,808748.66
4804200,1755456.94,831368.68
4805100,1672295.38,768697.81
4806000,1658918.24,799655.82
4806900,1633661.68,766738.59
4807800,1764588.32,801561.58
4808700,1571223.63,744589.14
4809600,1543486.82,744424.53
4810500,1588727.97,775834.99
4811400,1560359.8,769281.92
4812300,1526515.69,765792.66
4813200,1667529.6,787365.6
4814100,1502821.84,787469.42
4815000,1498601.35,758191.22
4815900,1534405.7,795837.16
4816800,1455633.64,731936.46
4817700,1436673.89,686648.53
4818600,1430022.13,684050.63
4819500,1415865.69,689398.41
4820400,1410030.58,699235.66
4821300,1406862.85,693022.71
4822200,1399130.95,702937.04
4823100,1410606.54,706753.78
4824000,1414772.09,732529.91
4824900,1426330.99,726532.84
4825800,1364135.47,705962.77
4826700,1348707.73,704291.47
4827600,1341745.06,715354.34
4828500,1372794.25,756683.62
4829400,1338092.74,720841.28
4830300,1329255.89,687534.3
4831200,1320712.19,687906.01
4832100,1363632.57,716803.07
4833000,1327775.76,711684.72
4833900,1324187.62,701525.02
4834800,1346123.57,726025.45
4835700,1351364.96,742550.17
4836600,1339167.21,726209.47
4837500,1346116.15,738209.56
4838400,1338067.93,735424.62
4839300,1367410.22,758684.23
4840200,1340324.25,735624.76
4841100,1330881.32,719841.52
4842000,1364121.46,720764.74
4842900,1369100.28,718341.89
4843800,1351276.98,698612.27
4844700,1368539.43,724287.51
4845600,1369869.51,720127.9
4846500,1406646.61,738329.68
4847400,1439353.18,727870.79
4848300,1473237.4,739500.82
4849200,1414047.82,727584.5
4850100,1437007.42,738475.25
4851000,1449592.44,719620.33
4851900,1461680.24,727665.44
4852800,1457138.58,720276.31
4853700,1522743.9,720180.82
4854600,1508861.76,756786.07
4855500,1484861.48,759116.18
4856400,1501160.43,743984.25
4857300,1513114.56,775486.36
4858200,1591183.59,741308.62
4859100,1647620.27,749275.63
4860000,1570243.65,769623.32
4860900,1646596.34,761151.03
4861800,1686709.44,790189.27
4862700,1599431.58,756139.25
4863600,1591016.42,744161.87
4864500,1718697.42,791105.07
4865400,1660967.56,784915.19
4866300,1722492.28,766444.98
4867200,1732268.92,780704.04
4868100,1774195.5,945160.13
4869000,1759318.63,791933.17
4869900,1686952.06,784691.07
4870800,1735498.35,783543.09
4871700,1790300.9,823966.83
4872600,1765029.24,791519.17
4873500,1754489.78,795059.14
4874400,1742168.52,787577.18
4875300,1755543.73,759097.32
4876200,1615217.74,733268.83
4877100,1753887.73,765692.6
4878000,1728323.09,788118.07
4878900,1751390.81,792550.05
4879800,1697433.2,810858.03
4880700,1827237.21,834515.72
4881600,1759230.47,792686.37
4882500,1664631.23,769087.83
4883400,1616099.49,765695.8
4884300,1698367.49,797298.89
4885200,1648218.66,794571.62
4886100,1701074.25,770779.45
4887000,1643893.98,743198.27
4887900,1625489.78,722869.45
4888800,1644673.1,757479.68
4889700,1575644.53,765564.24
4890600,1601882.63,730214.36
4891500,1547693.85,746535.92
4892400,1550175.48,740819.09
4893300,1500861.88,734873.57
4894200,1481850.4,799941.47
4895100,1454391.63,730952.27
4896000,1432132.87,715662.23
4896900,1503652.31,799649.32
4897800,1458276.21,788839.05
4898700,1443810.79,754996.03
4899600,1399857.42,729436.61
4900500,1418812.77,743790.16
4901400,1412239.93,728491.79
4902300,1400940.95,727944.12
4903200,1438363.77,773625.64
4904100,1390282.84,739223.88
4905000,1407081.12,744944.82
4905900,1391043.82,723282.44
4906800,1373544.71,687376.01
4907700,1365813.9,706816.31
4908600,1369259.03,718804.78
4909500,1352152.22,699553.62
4910400,1370872.1,705553.25
4911300,1396896.33,746708.31
4912200,1372441.68,743397.31
4913100,1353149.78,709311.95
4914000,1335773.44,723387.91
4914900,1334622.8,721989.62
4915800,1314191.16,717123.05
4916700,1329542.08,730573.97
4917600,1344401.18,754672.49
4918500,1309812.01,720232.09
4919400,1300635.68,640183.5
4920300,1309369.45,666467.19
4921200,1286163.3,647664.92
4922100,1304329.1,653103.24
4923000,1296409.97,651669.89
4923900,1294096.89,652288.15
4924800,1354179.11,696297.91
4925700,1334930.33,700547.88
4926600,1321036.56,672014.47
4927500,1322266.2,675264.13
4928400,1324472.44,673645.48
4929300,1326849.52,671982.42
4930200,1334843.17,674385.04
4931100,1344487.06,672551.61
4932000,1331965.76,657833.04
4932900,1347185.85,662965.85
4933800,1367745.21,663310.18
4934700,1372273.96,681046.97
4935600,1346881.9,672456.02
4936500,1339076.66,670301.33
4937400,1345628.63,671969.7
4938300,1361118.07,687181.27
4939200,1345348.39,680475.31
4940100,1349212.19,678234.56
4941000,1335269.81,681085.14
4941900,1347530.64,683327.09
4942800,1326361.18,683091.06
4943700,1354042.6,745675.6
4944600,1347556.18,743595.06
4945500,1335064.18,731796.94
4946400,1402447.17,800924.56
4947300,1326453.46,730080.32
4948200,1361595.89,741457.76
4949100,1346356.02,730119.87
4950000,1369646.85,740434.84
4950900,1353215.61,721214.45
4951800,1373630.4,731945.53
4952700,1392248.93,753140.35
4953600,1399855.68,754739.5
4954500,1399778.59,769666.99
4955400,1421132.54,778979.92
4956300,1401811.16,734339.36
4957200,1414804.6,747785.71
4958100,1415150.21,766494.14
4959000,1433493.07,770440.06
4959900,1385034.12,740866.52
4960800,1422255.98,757763.95
4961700,1413763.92,749136.66
4962600,1420182.4,759924.32
4963500,1445206.79,771819.76
4964400,1420337.86,775488.1
4965300,1430100.68,767240.39
4966200,1427790.89,783709.63
4967100,1443546.57,809988.28
4968000,1422951.51,808054.41
4968900,1437270.45,802435.55
4969800,1462583.04,823415.59
4970700,1413332.89,773341.55
4971600,1398392.49,776209.44
4972500,1403385.5,749050.14
4973400,1439901.03,796036.83
4974300,1440139.43,782434.75
4975200,1413530.0,768580.08
4976100,1427272.43,797339.63
4977000,1434948.94,791725.34
4977900,1401921.3,761416.81
4978800,1392072.51,757898.71
4979700,1407187.41,777381.32
4980600,1409871.92,772307.92
4981500,1360439.76,686026.25
4982400,1416185.58,726972.84
4983300,1382613.46,702205.17
4984200,1365145.75,680961.91
4985100,1365068.94,675473.14
4986000,1360252.26,683081.45
4986900,1373065.16,671541.05
4987800,1351056.98,644866.42
4988700,1411466.95,683954.41
4989600,1377439.0,669317.96
4990500,1363958.31,662130.07
4991400,1367015.62,664222.78
4992300,1384181.4,692121.55
4993200,1349160.0,667310.12
4994100,1341594.64,673465.76
4995000,1338319.61,681214.6
4995900,1335931.0,685456.79
4996800,1338763.82,687562.41
4997700,1361491.15,698428.34
4998600,1323011.72,683502.5
4999500,1316362.52,676457.61
5000400,1304516.6,697637.79
5001300,1317250.4,742374.48
5002200,1281382.23,703712.31
5003100,1285847.9,698867.98
5004000,1307936.92,704750.06
5004900,1302401.82,704104.61
5005800,1303315.98,703952.55
5006700,1329845.49,722507.35
5007600,1328712.62,726278.87
5008500,1331814.97,709367.52
5009400,1292885.65,683895.08
5010300,1299425.54,685419.62
5011200,1299047.52,684361.72
5012100,1300934.6,688171.14
5013000,1322955.96,690794.68
5013900,1310704.65,684676.03
5014800,1350234.56,705983.73
5015700,1318383.45,682526.46
5016600,1312427.58,670183.59
5017500,1321300.14,677506.16
5018400,1322647.71,675517.55
5019300,1321261.78,665051.06
5020200,1390903.84,687081.67
5021100,1367725.71,698593.32
5022000,1397444.27,748143.49
5022900,1336378.51,709762.02
5023800,1368478.64,718881.87
5024700,1359653.23,705174.5
5025600,1366779.14,723833.86
5026500,1353948.85,717622.28
5027400,1356110.87,734453.25
5028300,1359562.87,759132.57
5029200,1372256.01,766666.35
5030100,1344451.72,754794.43
5031000,1336467.77,737940.67
5031900,1313824.58,750395.23
5032800,1326911.22,764177.58
5033700,1340060.85,774832.12
5034600,1351348.66,781236.51
5035500,1330024.84,734078.25
5036400,1357355.26,747795.04
5037300,1353645.26,756535.03
5038200,1352259.98,740709.59
5039100,1358812.41,721422.55
5040000,1362795.32,753333.89
5040900,1355735.96,752060.3
5041800,1349947.45,743816.25
5042700,1402822.63,771163.42
5043600,1398894.01,793707.0
5044500,1372552.73,758572.91
5045400,1404847.6,763099.09
5046300,1357595.03,744121.22
5047200,1401409.06,779307.22
5048100,1430458.1,801698.64
5049000,1396080.14,773307.22
5049900,1414015.59,766082.98
5050800,1412647.8,777583.65
5051700,1440063.45,806303.28
5052600,1410522.49,787862.37
5053500,1382002.72,769785.55
5054400,1411896.42,765819.03
5055300,1458951.51,799595.12
5056200,1459479.13,798818.39
5057100,1419916.9,758984.53
5058000,1437483.03,754078.95
5058900,1417910.61,732496.67
5059800,1397828.8,702385.16
5060700,1381603.27,699630.8
5061600,1412493.62,734175.75
5062500,1396235.23,731722.87
5063400,1408458.25,737715.09
5064300,1417454.41,732940.7
5065200,1384487.82,723079.1
5066100,1398687.47,738382.87
5067000,1401523.68,758755.28
5067900,1377870.67,727643.01
5068800,1377025.18,712912.72
5069700,1371537.41,711931.55
5070600,1362288.12,711931.0
5071500,1387226.17,735557.74
5072400,1393216.46,747029.94
5073300,1365404.3,719019.38
5074200,1381203.55,744016.3
5075100,1359015.47,728442.17
5076000,1352353.36,658184.69
5076900,1366773.83,674823.76
5077800,1368294.89,661814.21
5078700,1343519.53,648303.41
5079600,1345241.18,661474.27
5080500,1359276.76,666094.48
5081400,1330818.15,657600.4
5082300,1355285.98,677278.93
5083200,1326562.23,659338.44
5084100,1329890.99,668044.1
5085000,1321320.65,667590.0
5085900,1318745.18,667602.63
5086800,1318666.44,657014.47
5087700,1285889.47,654265.05
5088600,1293692.32,662777.62
5089500,1286997.25,665520.17
5090400,1300648.41,675671.54
5091300,1294303.8,677757.75
5092200,1296014.74,684445.04
5093100,1317388.46,692480.26
5094000,1300987.88,659709.14
5094900,1320629.52,689717.83
5095800,1320661.01,700842.77
5096700,1325488.59,744118.19
5097600,1313975.19,722852.42
5098500,1305051.45,712699.58
5099400,1313614.75,718291.99
5100300,1311886.87,715037.75
5101200,1318730.71,713194.24
5102100,1329485.41,708900.79
5103000,1320863.89,704557.43
5103900,1343137.39,712634.86
5104800,1309218.66,695349.88
5105700,1332247.19,700831.88
5106600,1378528.47,719385.86
5107500,1375966.64,751247.22
5108400,1357858.89,735198.39
5109300,1364972.81,748104.13
5110200,1376935.46,723973.94
5111100,1374335.63,772917.39
5112000,1360141.11,742703.43
5112900,1345212.43,730890.2
5113800,1345483.8,747645.08
5114700,1348565.55,744920.93
5115600,1323029.85,735771.97
5116500,1350803.56,759754.21
5117400,1353341.22,759215.06
5118300,1330143.49,739032.53
5119200,1323097.96,745218.48
5120100,1316899.84,748857.79
5121000,1341432.59,746514.77
5121900,1324490.66,729929.9
5122800,1328172.09,731862.95
5123700,1320400.36,737229.77
5124600,1334741.0,725466.52
5125500,1330349.58,718670.65
5126400,1359852.36,738722.44
5127300,1334431.18,720895.39
5128200,1339500.18,721020.9
5129100,1318752.32,700571.96
5130000,1347719.88,725825.23
5130900,1331407.38,703491.49
5131800,1337038.88,720916.9
5132700,1353443.12,707440.06
5133600,1336961.33,735799.44
5134500,1344756.87,726485.96
5135400,1415407.93,791020.57
5136300,1412896.73,779545.17
5137200,1386820.77,722535.74
5138100,1366027.5,727581.39
5139000,1351718.9,728473.48
5139900,1430152.31,769461.09
5140800,1425452.36,783405.58
5141700,1358473.57,727294.65
5142600,1380701.93,729654.6
5143500,1391838.68,733116.85
5144400,1423354.52,760200.07
5145300,1394950.01,681748.35
5146200,1394413.7,707543.7
5147100,1394829.99,702174.22
5148000,1430985.99,748523.62
5148900,1380424.53,723652.13
5149800,1371266.78,702627.14
5150700,1418274.72,744482.76
5151600,1371452.73,691522.8
5152500,1367109.83,696813.81
5153400,1363595.67,693425.35
5154300,1354038.39,698653.47
5155200,1360893.31,698672.7
5156100,1361889.59,696805.3
5157000,1315869.23,643089.75
5157900,1352933.44,662421.75
5158800,1339558.69,660168.82
5159700,1328415.44,673019.53
5160600,1309757.63,655640.99
5161500,1336794.25,667726.41
5162400,1322321.69,656322.24
5163300,1309623.05,667293.27
5164200,1323780.3,672157.84
5165100,1351923.89,697502.93
5166000,1319225.28,643302.34
5166900,1298582.06,655367.34
5167800,1319604.4,657331.24
5168700,1298061.86,649936.61
5169600,1299532.56,651252.59
5170500,1335021.79,681083.31
5171400,1310638.09,684239.59
5172300,1310630.68,688669.46
5173200,1305400.18,685649.6
5174100,1299118.47,669536.13
5175000,1293558.11,681043.4
5175900,1297128.2,698091.06
5176800,1317985.02,682833.53
5177700,1328256.04,679533.05
5178600,1317490.54,693533.75
5179500,1320546.94,720936.22
5180400,1308731.96,715623.41
5181300,1310483.37,711972.84
5182200,1309478.12,714703.86
5183100,1298307.4,710561.1
5184000,1323275.67,720894.93
5184900,1305477.36,705401.28
5185800,1323976.78,724696.84
5186700,1335348.45,714232.09
5187600,1334105.35,729326.93
5188500,1321265.9,731130.71
5189400,1333066.13,735468.29
5190300,1352564.12,746197.36
5191200,1346199.74,739556.4
5192100,1353238.22,734972.99
5193000,1385014.25,732330.05
5193900,1372131.77,746524.66
5194800,1373874.94,737647.71
5195700,1374071.5,737800.87
5196600,1363402.95,741580.26
5197500,1354196.41,747306.88
5198400,1355339.9,754884.43
5199300,1332264.04,728842.25
5200200,1357751.4,736321.66
5201100,1351524.35,715036.38
5202000,1309584.78,704298.34
5202900,1325983.34,714121.67
5203800,1304801.88,706199.8
5204700,1313903.41,701330.66
5205600,1310421.84,697155.85
5206500,1328685.06,711364.65
5207400,1303820.89,696777.56
5208300,1328383.85,692056.82
5209200,1295818.63,679894.68
5210100,1322832.37,701078.25
5211000,1340536.93,706014.68
5211900,1349943.88,714052.28
5212800,1319869.9,686522.46
5213700,1378552.09,687473.69
5214600,1333305.27,678786.8
5215500,1337797.58,690782.87
5216400,1415869.63,681510.04
5217300,1347215.06,702802.64
5218200,1355424.22,680958.34
5219100,1360382.26,677638.0
5220000,1365129.64,691840.48
5220900,1384940.55,701856.35
5221800,1374692.32,680379.0
5222700,1436980.87,695398.32
5223600,1367009.49,682774.66
5224500,1405491.85,727095.52
5225400,1374566.99,691655.18
5226300,1406526.95,679493.68
5227200,1395383.33,699768.04
5228100,1499624.82,718201.81
5229000,1444916.75,699413.73
5229900,1366799.65,672045.32
5230800,1376216.95,681757.87
5231700,1384585.14,662479.43
5232600,1442814.61,724795.53
5233500,1399604.64,723711.55
5234400,1381156.31,715743.53
5235300,1391785.95,728476.41
5236200,1418625.0,758172.91
5237100,1374445.04,694797.18
5238000,1392244.54,718006.53
5238900,1410867.74,697798.55
5239800,1414179.84,741415.37
5240700,1399466.31,727296.57
5241600,1359102.17,694367.07
5242500,1367021.12,697407.35
5243400,1372138.64,691114.65
5244300,1349739.35,681918.18
5245200,1371776.18,686971.8
5246100,1352175.29,689158.72
5247000,1378926.54,702130.83
5247900,1377186.31,711124.42
5248800,1376119.26,698973.45
5249700,1360719.09,700208.68
5250600,1357579.56,675446.23
5251500,1329343.87,657075.81
5252400,1322492.61,647010.86
5253300,1330310.76,654166.99
5254200,1319527.31,652892.58
5255100,1323579.44,664443.24
5256000,1363442.96,634902.37
5256900,1315244.29,643471.44
5257800,1329977.51,657612.49
5258700,1336531.77,667164.28
5259600,1331913.48,682948.88
5260500,1288549.8,639396.06
5261400,1315328.8,646262.42
5262300,1373196.35,650429.35
5263200,1309637.6,647096.47
5264100,1310471.74,664959.41
5265000,1320469.67,659768.92
5265900,1326596.47,669971.56
5266800,1317920.75,666654.05
5267700,1317420.14,670970.86
5268600,1319721.31,669969.18
5269500,1303245.03,668733.49
5270400,1321097.17,647026.61
5271300,1316366.09,649338.87
5272200,1318139.19,657354.58
5273100,1419147.95,670878.57
5274000,1329682.62,665083.01
5274900,1343113.04,683297.7
5275800,1346348.33,673450.01
5276700,1360072.54,685533.97
5277600,1453354.52,708472.87
5278500,1387356.45,689928.86
5279400,1434777.65,735822.42
5280300,1424510.19,748655.09
5281200,1419870.39,733855.41
5282100,1398854.0,734033.84
5283000,1425764.01,747871.4
5283900,1467122.04,729192.9
5284800,1458619.35,749347.23
5285700,1505017.91,747311.46
5286600,1584937.68,750830.57
5287500,1612920.68,752299.07
5288400,1516154.3,751374.02
5289300,1542813.26,748692.44
5290200,1636416.69,761977.11
5291100,1584408.51,746293.3
5292000,1577603.12,748697.02
5292900,1698143.65,780067.38
5293800,1590540.89,759331.05
5294700,1722443.85,777493.65
5295600,1810714.51,779270.6
5296500,1681478.39,770566.68
5297400,1672572.97,780225.59
5298300,1700955.96,772675.51
5299200,1689649.48,782078.7
5300100,1764738.92,760810.09
5301000,1672598.33,732377.66
5301900,1704663.21,759129.18
5302800,1734052.92,727375.4
5303700,1691194.7,744456.57
5304600,1714991.64,767336.43
5305500,1782267.88,762420.78
5306400,1830518.92,822319.79
5307300,1770341.86,768500.89
5308200,1792294.19,773968.32
5309100,1722269.62,784916.02
5310000,1817313.17,802833.34
5310900,1763922.64,745057.16
5311800,1675721.83,740884.0
5312700,1747005.71,793921.88
5313600,1789310.67,757693.36
5314500,1744970.12,742033.81
5315400,1672669.46,738956.54
5316300,1704988.49,765751.74
5317200,1758518.28,765466.46
5318100,1681896.79,727857.42
5319000,1627776.95,722481.08
5319900,1647546.66,718126.19
5320800,1598183.81,704227.39
5321700,1582150.09,700812.84
5322600,1668263.58,716602.2
5323500,1678213.17,759135.41
5324400,1546976.81,737999.36
5325300,1630077.21,740668.67
5326200,1502921.08,719768.55
5327100,1501282.75,718521.06
5328000,1470861.05,709226.62
5328900,1542644.07,732173.68
5329800,1467571.29,720515.17
5330700,1577543.15,736344.36
5331600,1544075.23,724249.6
5332500,1453853.3,726672.0
5333400,1443552.98,676922.97
5334300,1437171.2,681016.48
5335200,1431273.93,692383.39
5336100,1421881.9,678300.29
5337000,1416112.15,679429.14
5337900,1397695.13,675001.65
5338800,1399323.85,671197.54
5339700,1375533.69,659700.44
5340600,1390057.43,661938.54
5341500,1398881.65,689048.68
5342400,1393091.67,684469.57
5343300,1416336.64,677294.49
5344200,1401702.67,685956.3
5345100,1363859.16,671031.56
5346000,1361089.51,669988.77
5346900,1340371.4,681571.66
5347800,1338118.19,673966.19
5348700,1349077.97,683715.55
5349600,1331298.71,647218.14
5350500,1341794.77,663131.2
5351400,1316061.04,644842.8
5352300,1325860.47,648559.3
5353200,1326000.92,651853.0
5354100,1321775.94,648521.48
5355000,1324728.79,644065.98
5355900,1329783.42,650112.95
5356800,1320051.54,643633.21
5357700,1361448.58,656365.17
5358600,1345770.72,650463.59
5359500,1348205.93,655203.28
5360400,1371298.65,665497.56
5361300,1373585.08,658705.63
5362200,1338797.88,669092.83
5363100,1368290.86,692937.47
5364000,1388780.82,695748.78
5364900,1413870.39,724165.56
5365800,1400417.45,699978.24
5366700,1454468.44,725662.26
5367600,1433028.08,710594.7
5368500,1425320.62,700829.59
5369400,1526960.45,714634.09
5370300,1436173.92,703736.76
5371200,1496581.05,757144.5
5372100,1530234.19,754678.62
5373000,1529236.54,744205.9
5373900,1621848.91,770685.61
5374800,1584940.52,769280.18
5375700,1569186.68,747832.21
5376600,1601104.16,714602.05
5377500,1637101.96,711279.51
5378400,1668229.98,728028.17
5379300,1724307.13,744421.97
5380200,1649378.36,736056.79
5381100,1713073.06,712310.39
5382000,1677987.95,779551.03
5382900,1648873.08,736732.27
5383800,1782953.16,806301.18
5384700,1717016.14,762117.19
5385600,1654373.2,727541.66
5386500,1797251.59,748102.39
5387400,1787535.46,713682.4
5388300,1783893.86,778287.69
5389200,1849806.61,771818.21
5390100,1827416.93,770814.33
5391000,1742898.47,745701.78
5391900,1766532.81,797133.73
5392800,1890796.23,793515.29
5393700,1728714.57,762280.24
5394600,1797315.12,827235.81
5395500,1896779.3,818098.3
5396400,1882917.3,827931.24
5397300,1751139.22,772159.52
5398200,1765433.62,786295.44
5399100,1773208.01,816554.08
5400000,1833103.27,779373.78
5400900,1880713.53,807134.49
5401800,1732970.4,778822.54
5402700,1663820.43,729711.82
5403600,1722614.69,726398.71
5404500,1688019.74,715704.62
5405400,1705117.4,702447.24
5406300,1637464.69,714390.66
5407200,1705566.28,728854.16
5408100,1620159.39,753933.47
5409000,1586000.61,709365.14
5409900,1665959.66,715368.44
5410800,1667734.31,755486.57
5411700,1549457.89,748544.86
5412600,1612186.71,737325.81
5413500,1564798.92,770519.81
5414400,1611189.33,747603.88
5415300,1599666.32,782395.75
5416200,1502286.9,742106.51
5417100,1497108.58,745611.24
5418000,1564496.06,751000.67
5418900,1495766.42,737168.7
5419800,1529658.87,720488.16
5420700,1482716.31,770369.2
5421600,1447285.13,732123.5
5422500,1411637.6,737763.89
5423400,1412810.21,644733.86
5424300,1420274.6,652355.16
5425200,1399355.99,651728.76
5426100,1408480.77,668389.8
5427000,1371360.26,649907.41
5427900,1396130.95,680215.12
5428800,1404591.98,674638.82
5429700,1390163.45,671611.45
5430600,1371843.29,684764.47
5431500,1366115.66,678460.69
5432400,1333653.63,690388.46
5433300,1355133.91,695376.16
5434200,1329259.37,685651.7
5435100,1348947.33,684290.59
5436000,1321756.44,674904.42
5436900,1329449.43,671706.76
5437800,1330282.1,660118.84
5438700,1335236.48,664850.46
5439600,1335746.06,666856.11
5440500,1320922.76,654637.39
5441400,1336618.1,663927.34
5442300,1315088.56,661237.52
5443200,1335592.62,668132.08
5444100,1340486.66,676851.56
5445000,1327270.02,652255.1
5445900,1331641.94,648091.0
5446800,1330417.24,643558.23
5447700,1339200.71,650664.28
5448600,1355692.93,662115.78
5449500,1355398.04,658178.56
5450400,1359001.56,662099.58
5451300,1370059.66,676926.73
5452200,1398640.05,674740.36
5453100,1415407.29,710139.59
5454000,1411882.87,756303.22
5454900,1395497.59,735849.61
5455800,1481410.58,740880.34
5456700,1474172.79,744721.62
5457600,1456304.26,761305.21
5458500,1488790.37,762802.55
5459400,1539229.61,782899.29
5460300,1519577.64,756636.57
5461200,1541178.5,767860.29
5462100,1578697.27,785602.29
5463000,1621474.27,761838.87
5463900,1710888.24,774070.95
5464800,1645765.69,774371.06
5465700,1651018.52,760026.4
5466600,1636244.38,764651.82
5467500,1697031.56,822449.34
5468400,1675954.38,791030.82
5469300,1676164.86,784904.94
5470200,1681609.77,772777.68
5471100,1769596.89,787377.69
5472000,1667965.94,745361.85
5472900,1758859.41,760679.63
5473800,1708466.31,778312.87
5474700,1681058.81,764959.63
5475600,1844130.07,815928.22
5476500,1749800.99,755211.46
5477400,1878267.15,835662.6
5478300,1796103.52,785654.21
5479200,1730522.83,758704.93
5480100,1755189.88,802271.12
5481000,1793806.82,754617.74
5481900,1870184.6,843677.76
5482800,1786198.88,820731.35
5483700,1766307.13,800481.26
5484600,1734087.89,772971.22
5485500,1759278.17,818981.96
5486400,1796795.1,765889.07
5487300,1777088.29,777837.16
5488200,1872099.33,796706.63
5489100,1818690.4,801988.95
5490000,1769620.15,774749.73
5490900,1686594.73,730766.05
5491800,1719574.58,708060.97
5492700,1710334.9,726022.34
5493600,1554963.59,707106.72
5494500,1593635.1,739167.39
5495400,1596607.73,746612.18
5496300,1560000.0,738806.95
5497200,1651282.1,742460.63
5498100,1646430.91,761347.14
5499000,1484212.74,722738.8
5499900,1493283.69,731208.16
5500800,1512433.23,744838.53
5501700,1498368.16,732732.42
5502600,1500629.79,775342.25
5503500,1634843.26,763127.01
5504400,1554917.36,742006.9
5505300,1515443.66,792598.75
5506200,1448858.73,748192.11
5507100,1432316.35,743365.26
5508000,1419302.4,689009.03
5508900,1418467.44,693886.96
5509800,1435614.44,692768.55
5510700,1429157.41,688103.21
5511600,1397406.74,672459.41
5512500,1378187.81,655149.26
5513400,1373226.93,688753.05
5514300,1374622.92,665490.51
5515200,1383570.56,673441.86
5516100,1391915.31,668662.54
5517000,1350086.24,667193.76
5517900,1356282.44,677006.1
5518800,1313990.02,669219.73
5519700,1332198.3,675942.26
5520600,1346294.04,699737.55
5521500,1320809.14,671040.34
5522400,1320449.89,679702.06
5523300,1351967.29,700208.77
5524200,1377898.5,732992.43
5525100,1328370.57,679047.09
5526000,1328665.01,696916.44
5526900,1332177.06,670115.2
5527800,1333961.15,668036.77
5528700,1349073.03,681322.27
5529600,1366366.88,690599.95
5530500,1333621.77,689922.73
5531400,1339276.34,686779.27
5532300,1388460.39,733431.43
5533200,1359565.7,681867.83
5534100,1380436.8,689763.89
5535000,1346218.78,689178.86
5535900,1377092.38,688752.78
5536800,1374309.72,683402.25
5537700,1393951.9,694487.92
5538600,1428014.01,692911.56
5539500,1425661.56,711286.1
5540400,1458916.17,704778.17
5541300,1415609.07,693396.88
5542200,1425095.76,704504.88
5543100,1456032.07,723029.02
5544000,1539955.54,738127.26
5544900,1558477.11,754479.22
5545800,1503074.62,727514.65
5546700,1502870.45,719208.8
5547600,1519322.11,733611.42
5548500,1624265.26,792398.62
5549400,1620992.43,731846.83
5550300,1724521.64,819548.31
5551200,1584388.09,741175.96
5552100,1617173.68,764522.09
5553000,1671827.0,775407.07
5553900,1693662.23,802809.91
5554800,1761792.39,746910.55
5555700,1720864.29,726940.06
5556600,1737344.7,786994.63
5557500,1775325.53,718668.27
5558400,1794421.33,780681.24
5559300,1664556.61,734601.2
5560200,1754691.38,813063.26
5561100,1729628.72,767983.34
5562000,1701989.41,775490.2
5562900,1803535.86,778423.55
5563800,1817026.61,765368.41
5564700,1872739.38,769791.23
5565600,1834425.93,800500.76
5566500,1713638.21,743083.56
5567400,1740846.5,765900.05
5568300,1695082.12,733047.82
5569200,1823533.08,764424.13
5570100,1798417.79,756041.66
5571000,1759056.06,817868.87
5571900,1717249.24,774394.96
5572800,1894956.85,788912.93
5573700,1828665.8,796029.88
5574600,1857648.28,779690.37
5575500,1718427.25,766222.41
5576400,1688741.36,726355.22
5577300,1679989.29,736644.56
5578200,1747754.97,743921.54
5579100,1641750.09,736191.93
5580000,1616588.01,730125.46
5580900,1724932.07,756044.95
5581800,1677788.91,720217.8
5582700,1670451.97,732121.4
5583600,1569584.01,715044.98
5584500,1644710.82,727318.45
5585400,1535123.93,719140.5
5586300,1605105.56,741508.85
5587200,1506714.84,727487.0
5588100,1606476.65,731798.4
5589000,1580786.77,753688.57
5589900,1533152.62,761341.92
5590800,1572026.18,743499.02
5591700,1471304.9,731647.61
5592600,1434592.35,685167.39
5593500,1430919.71,659582.34
5594400,1414302.06,649093.69
5595300,1412645.6,644355.1
5596200,1432803.96,668779.91
5597100,1415192.05,650500.85
5598000,1402473.54,656445.19
5598900,1400539.12,677929.5
5599800,1439298.43,721169.22
5600700,1394575.65,678472.23
5601600,1405901.28,713682.4
5602500,1404445.59,698196.17
5603400,1358938.02,693072.78
5604300,1339382.72,680300.17
5605200,1309394.26,682232.3
5606100,1328343.66,692469.09
5607000,1329770.6,704324.98
5607900,1317886.96,703121.8
5608800,1335094.02,688268.46
5609700,1324904.21,683637.54
5610600,1351972.14,682071.99
5611500,1325510.38,681871.67
5612400,1306967.93,681983.83
5613300,1315074.1,679280.36
5614200,1354000.4,707530.88
5615100,1343682.4,703111.18
5616000,1335560.21,703852.84
5616900,1322750.61,688642.27
5617800,1336615.91,689819.55
5618700,1348643.46,681990.6
5619600,1358640.75,708398.07
5620500,1373767.46,716225.28
5621400,1335060.88,687807.86
5622300,1371100.62,728180.33
5623200,1357509.43,726449.71
5624100,1418312.99,739364.78
5625000,1420329.99,742753.05
5625900,1419756.77,762105.65
5626800,1417714.05,753419.77
5627700,1464294.53,784303.25
5628600,1428206.91,732413.91
5629500,1428551.42,737426.24
5630400,1458091.74,723842.83
5631300,1472670.04,740528.14
5632200,1540295.1,751676.42
5633100,1540483.98,760215.55
5634000,1515969.54,744175.23
5634900,1559519.9,794667.39
5635800,1571174.1,746269.59
5636700,1573590.82,755379.46
5637600,1666773.38,801272.64
5638500,1735548.07,816465.91
5639400,1624537.08,767343.2
5640300,1693996.95,772231.75
5641200,1598472.93,765456.3
5642100,1729351.5,782452.15
5643000,1669370.09,804506.01
5643900,1614298.55,748000.4
5644800,1782401.55,798162.51
5645700,1638153.08,789866.91
5646600,1788355.5,798062.71
5647500,1719849.33,819774.26
5648400,1747541.29,790157.32
5649300,1712107.91,800784.67
5650200,1786730.35,793607.85
5651100,1681032.53,788018.28
5652000,1809394.13,801042.94
5652900,1820313.26,815273.62
5653800,1749872.77,840783.51
5654700,1708807.53,800528.78
5655600,1656158.84,755392.27
5656500,1745049.41,825739.84
5657400,1708247.31,797731.66
5658300,1776686.83,826634.31
5659200,1847378.63,831309.72
5660100,1772351.26,816050.45
5661000,1781311.16,822783.05
5661900,1794825.62,841526.46
5662800,1790280.03,820867.86
5663700,1737300.02,754558.32
5664600,1703291.2,753638.58
5665500,1679985.63,760943.02
5666400,1616225.83,774923.58
5667300,1563782.87,762833.22
5668200,1651679.08,789612.4
5669100,1558262.51,770972.17
5670000,1669422.55,814992.65
5670900,1634685.79,762097.41
5671800,1594306.18,738978.7
5672700,1521237.76,742297.76
5673600,1548947.85,742667.63
5674500,1457262.18,717327.12
5675400,1481484.47,706915.01
5676300,1444519.59,699619.72
5677200,1481433.01,734339.08
5678100,1415744.57,709606.93
5679000,1429660.86,687853.45
5679900,1420219.76,664816.96
5680800,1425769.87,694301.51
5681700,1399179.02,674744.2
5682600,1391736.6,653952.3
5683500,1418148.47,667398.38
5684400,1389397.8,669129.64
5685300,1397194.61,697681.64
5686200,1400120.45,688164.83
5687100,1364614.47,685996.03
5688000,1370229.49,692479.25
5688900,1368875.7,691700.87
5689800,1342579.65,699619.17
5690700,1364121.37,698410.03
5691600,1326689.85,707597.63
5692500,1324364.59,707721.77
5693400,1328972.17,725753.81
5694300,1379492.07,746580.41
5695200,1344082.4,741128.08
5696100,1348488.37,725991.67
5697000,1352627.66,711828.19
5697900,1334576.66,693447.05
5698800,1339492.13,707234.99
5699700,1370611.72,699921.2
5700600,1339184.42,678127.08
5701500,1337278.66,695653.2
5702400,1326229.98,690489.99
5703300,1345698.3,695325.44
5704200,1330309.11,687156.19
5705100,1356532.47,710602.57
5706000,1347266.88,697752.14
5706900,1369547.97,738836.06
5707800,1356620.82,695661.53
5708700,1368385.25,704559.81
5709600,1386896.85,741032.5
5710500,1356152.44,738895.66
5711400,1399395.54,738279.33
5712300,1386943.63,740223.45
5713200,1378265.62,749374.51
5714100,1371083.68,739211.88
5715000,1398271.27,736967.83
5715900,1299583.28,641760.31
5716800,1308581.36,662330.02
5717700,1296207.55,662402.25
5718600,1320084.05,662466.8
5719500,1329575.78,670140.93
5720400,1291795.53,635558.9
5721300,1287696.9,635691.28
5722200,1286188.39,634902.28
5723100,1311795.04,650026.52
5724000,1369053.41,689418.09
5724900,1362976.14,692993.87
5725800,1286860.66,659438.14
5726700,1347733.52,667855.59
5727600,1395454.47,679549.8
5728500,1385977.48,729920.1
5729400,1392944.92,691725.86
5730300,1441157.23,699548.4
5731200,1420180.57,695847.11
5732100,1394585.82,697982.67
5733000,1460824.4,748176.82
5733900,1389926.79,676898.25
5734800,1426854.58,718058.99
5735700,1388398.77,695687.9
5736600,1428895.84,706848.63
5737500,1393517.03,678378.75
5738400,1454048.13,736418.52
5739300,1445096.28,716825.13
5740200,1437993.35,713602.48
5741100,1400089.51,703244.38
5742000,1442623.08,730082.43
5742900,1468144.04,745926.45
5743800,1431684.54,727221.5
5744700,1451651.18,749541.41
5745600,1510473.36,784674.04
5746500,1485376.01,771124.33
5747400,1461769.68,753165.99
5748300,1460531.07,732314.3
5749200,1451885.19,702883.48
5750100,1463859.92,708291.41
5751000,1421364.9,663659.36
5751900,1472184.72,701057.37
5752800,1427500.95,667446.44
5753700,1462129.67,731618.87
5754600,1454975.56,718272.13
5755500,1410337.46,668924.74
5756400,1397181.06,676260.13
5757300,1398886.05,672548.03
5758200,1426637.05,681770.51
5759100,1369050.02,665971.53
5760000,1390064.12,672325.84
5760900,1438277.34,675698.82
5761800,1389191.53,624600.77
5762700,1371227.42,629427.43
5763600,1388356.57,630223.94
5764500,1372926.36,616890.29
5765400,1371534.48,626039.15
5766300,1388029.45,642333.98
5767200,1373581.24,651575.96
5768100,1367423.4,653863.04
5769000,1352729.28,656010.77
5769900,1355796.66,664287.14
5770800,1336475.19,658581.48
5771700,1344362.37,654660.0
5772600,1337925.75,664376.4
5773500,1324225.34,670215.45
5774400,1351111.54,667246.58
5775300,1333121.61,674350.07
5776200,1316298.43,674121.83
5777100,1321538.54,658998.5
5778000,1324829.41,664597.32
5778900,1307969.24,665799.59
5779800,1339690.8,678528.63
5780700,1304486.85,670100.01
5781600,1324892.94,683555.6
5782500,1322306.21,674966.95
5783400,1328127.78,674801.79
5784300,1327297.03,679511.9
5785200,1328558.35,684024.9
5786100,1359142.27,683535.74
5787000,1313949.83,680658.14
5787900,1318611.79,689749.42
5788800,1316994.23,698539.31
5789700,1323972.2,693944.73
5790600,1333996.49,719893.89
5791500,1374342.13,703043.79
5792400,1384807.71,712687.5
5793300,1365186.68,709598.97
5794200,1345248.96,691070.25
5795100,1361759.86,695223.45
5796000,1378098.91,711327.85
5796900,1352681.67,693289.22
5797800,1401157.29,690458.59
5798700,1371331.51,693315.4
5799600,1354814.12,700861.72
5800500,1353776.46,690565.25
5801400,1353303.31,688868.96
5802300,1364599.27,716504.33
5803200,1361054.08,681289.31
5804100,1353409.88,704643.49
5805000,1365266.51,684584.75
5805900,1361230.77,692769.65
5806800,1331704.74,677285.98
5807700,1349229.86,673210.33
5808600,1353869.02,690155.46
5809500,1314530.09,692354.55
5810400,1342415.22,701351.99
5811300,1332899.87,683985.35
5812200,1316447.85,677764.53
5813100,1348843.23,684979.8
5814000,1349268.49,677925.2
5814900,1358764.71,674651.64
5815800,1370334.23,684033.05
5816700,1339231.2,686632.87
5817600,1379198.18,690620.45
5818500,1421676.45,680558.9
5819400,1442648.8,704770.02
5820300,1438827.76,721727.05
5821200,1364491.61,666373.54
5822100,1374992.71,670837.55
5823000,1483529.21,697288.33
5823900,1411419.34,688964.36
5824800,1411172.97,687693.42
5825700,1392642.15,661458.16
5826600,1413554.99,679315.25
5827500,1442367.92,710371.95
5828400,1460040.34,725155.52
5829300,1549040.68,715588.71
5830200,1452744.6,667453.86
5831100,1433959.9,675519.65
5832000,1460118.53,701547.82
5832900,1561027.86,711061.25
5833800,1511687.62,699630.62
5834700,1454425.32,684092.19
5835600,1444357.36,673309.66
5836500,1459675.05,662287.63
5837400,1414493.04,629599.27
5838300,1462057.71,648678.77
5839200,1425835.51,692676.64
5840100,1396845.15,655862.64
5841000,1425911.13,660274.29
5841900,1446330.87,686540.86
5842800,1395827.45,658938.81
5843700,1410245.0,676209.5
5844600,1402320.01,666410.98
5845500,1417124.73,701952.58
5846400,1425462.16,689545.35
5847300,1390546.51,649824.55
5848200,1523490.23,680600.01
5849100,1401053.1,629153.41
5850000,1381698.58,631006.9
5850900,1391550.93,626139.86
5851800,1386856.84,625030.7
5852700,1357441.13,628872.53
5853600,1410964.78,646179.29
5854500,1405955.47,658378.42
5855400,1340456.91,651121.03
5856300,1378664.34,660923.03
5857200,1367947.08,684518.46
5858100,1317327.03,632568.97
5859000,1334923.74,652127.93
5859900,1340690.19,637157.04
5860800,1312520.42,662442.44
5861700,1342622.68,670402.86
5862600,1324872.07,610215.64
5863500,1334804.72,629322.42
5864400,1334995.24,620435.3
5865300,1316210.54,626758.76
5866200,1327471.98,648484.31
5867100,1312171.6,641698.15
5868000,1296451.35,638120.45
5868900,1305593.81,633955.17
5869800,1350996.19,684595.09
5870700,1297290.8,640625.52
5871600,1318938.63,642133.03
5872500,1329783.51,665915.31
5873400,1357893.04,644695.22
5874300,1315012.39,630982.91
5875200,1299959.2,623054.35
5876100,1350712.37,648456.02
5877000,1320890.99,636787.17
5877900,1316462.59,633131.29
5878800,1366450.65,639767.4
5879700,1333991.36,621002.38
5880600,1376818.27,619514.56
5881500,1378889.65,650797.58
5882400,1358122.92,613381.71
5883300,1335186.04,608490.05
5884200,1409892.97,622449.01
5885100,1427397.86,642491.55
5886000,1393846.07,647050.51
5886900,1414654.54,710010.96
5887800,1395078.74,692032.93
5888700,1446201.23,716447.02
5889600,1453669.28,716942.41
5890500,1479425.63,753713.75
5891400,1491597.93,696606.63
5892300,1487738.43,670782.81
5893200,1484004.0,687562.32
5894100,1540790.5,692322.42
5895000,1560167.27,706560.06
5895900,1594115.11,717221.28
5896800,1617990.42,712689.42
5897700,1586733.58,696176.51
5898600,1603975.43,714240.23
5899500,1689860.05,731346.59
5900400,1719526.61,708607.45
5901300,1624974.7,684872.77
5902200,1682489.41,737686.89
5903100,1661367.1,725878.42
5904000,1718376.34,742790.95
5904900,1904108.83,822105.93
5905800,1762501.46,755029.72
5906700,1803609.56,752891.88
5907600,1863234.47,774571.75
5908500,1793304.66,816061.71
5909400,1767542.45,746254.67
5910300,1777805.24,733412.02
5911200,1814177.31,751683.2
5912100,1682861.11,716594.7
5913000,1766127.04,720485.23
5913900,1697830.26,725491.24
5914800,1733794.01,739837.65
5915700,1834885.44,791022.31
5916600,1762819.34,714531.56
5917500,1792505.22,733781.71
5918400,1682652.01,744856.48
5919300,1677454.56,741473.6
5920200,1734161.04,720133.94
5921100,1755768.49,742080.69
5922000,1709989.2,712995.85
5922900,1718483.55,683109.01
5923800,1624899.44,692588.47
5924700,1601547.91,689129.52
5925600,1718092.71,713560.46
5926500,1581165.44,689018.92
5927400,1639227.63,741826.17
5928300,1616592.04,659939.03
5929200,1549990.36,694026.58
5930100,1569108.49,718213.71
5931000,1599826.81,699743.41
5931900,1518877.35,690523.68
5932800,1656495.21,742975.25
5933700,1492563.45,686884.28
5934600,1581637.66,689953.31
5935500,1589116.24,722425.69
5936400,1553347.69,699709.99
5937300,1468558.78,690383.88
5938200,1453774.29,629543.33
5939100,1438010.83,618011.63
5940000,1456771.82,657045.32
5940900,1445051.42,647266.75
5941800,1411644.01,632645.87
5942700,1413024.9,616357.73
5943600,1406620.24,628321.75
5944500,1397089.14,643304.08
5945400,1394050.96,643284.03
5946300,1372267.55,672668.61
5947200,1393525.63,649601.26
5948100,1382680.85,624315.22
5949000,1361847.02,624742.68
5949900,1344982.64,615712.46
5950800,1328953.22,624785.71
5951700,1332832.12,626229.13
5952600,1340240.3,629371.22
5953500,1347272.55,647760.77
5954400,1338461.15,649128.3
5955300,1305498.23,644259.52
5956200,1335515.17,652897.52
5957100,1346625.55,646203.64
5958000,1334642.94,642081.21
5958900,1341609.65,651576.23
5959800,1332419.68,647048.22
5960700,1344825.71,652240.36
5961600,1330679.08,650125.12
5962500,1319860.66,648435.06
5963400,1327843.69,641745.3
5964300,1353506.01,635878.05
5965200,1322056.0,620310.7
5966100,1352652.1,625009.0
5967000,1323682.43,617198.64
5967900,1354477.57,643422.36
5968800,1371191.99,631528.84
5969700,1371963.96,626598.08
5970600,1419649.57,625912.99
5971500,1395751.46,629667.76
5972400,1392610.47,674740.91
5973300,1393703.16,662065.25
5974200,1466196.53,644630.86
5975100,1424660.16,657097.96
5976000,1466153.96,668603.12
5976900,1483346.83,695287.45
5977800,1474640.26,642778.02
5978700,1524983.83,697125.37
5979600,1518288.3,710514.13
5980500,1529406.1,685773.93
5981400,1570045.72,695951.93
5982300,1597152.01,720788.64
5983200,1581147.4,707987.82
5984100,1657191.1,706274.41
5985000,1705039.76,697584.87
5985900,1756462.92,698587.37
5986800,1708835.91,730047.45
5987700,1689918.91,731845.46
5988600,1704134.58,766450.1
5989500,1770266.97,781331.09
5990400,1719941.99,734800.23
5991300,1728092.65,762732.6
5992200,1701119.2,766596.13
5993100,1735312.96,790159.06
5994000,1799470.28,770995.24
5994900,1739196.17,796630.0
5995800,1663614.17,708652.04
5996700,1756789.95,777518.83
5997600,1820858.46,754523.25
5998500,1858873.35,828415.47
5999400,1794491.46,812747.68
6000300,1784547.18,729456.48
6001200,1799332.86,781547.15
6002100,1873445.98,812509.55
6003000,1719339.2,753529.54
6003900,1789297.58,778924.8
6004800,1769487.4,777498.32
6005700,1731108.76,778528.47
6006600,1717252.72,755908.63
6007500,1710944.73,786831.48
6008400,1642125.82,727049.93
6009300,1720051.76,757901.92
6010200,1681375.03,748857.97
6011100,1661520.81,719560.0
6012000,1579453.95,669159.58
6012900,1533656.16,669031.59
6013800,1696648.96,721509.7
6014700,1620284.09,683190.12
6015600,1558980.38,705695.43
6016500,1556110.57,720340.21
6017400,1489745.45,687770.78
6018300,1488885.77,698093.54
6019200,1526860.29,731477.6
6020100,1719983.37,851674.71
6021000,1557023.62,698999.27
6021900,1479891.27,706478.49
6022800,1462889.56,730663.33
6023700,1492081.33,741682.25
6024600,1474181.03,680602.57
6025500,1422761.26,634244.48
6026400,1451215.94,654922.76
6027300,1428251.95,631757.63
6028200,1406878.23,636441.93
6029100,1417401.49,639369.05
6030000,1479996.92,672661.93
6030900,1389451.08,647955.6
6031800,1446271.45,707147.55
6032700,1388644.59,656170.9
6033600,1394704.74,680711.15
6034500,1401723.36,709917.66
6035400,1352223.72,658706.09
6036300,1390053.13,688129.3
6037200,1345426.3,671907.07
6038100,1301532.9,642583.28
6039000,1336278.26,664629.91
6039900,1316830.99,653242.13
6040800,1332312.74,668480.16
6041700,1356935.58,690943.82
6042600,1317224.85,665231.78
6043500,1332545.47,676343.54
6044400,1305918.64,645890.99
6045300,1347260.28,677228.3
6046200,1343437.32,671475.95
6047100,1309551.64,660671.91
6048000,1327425.11,659293.67
6048900,1319086.58,669960.85
6049800,1380717.96,707873.47
6050700,1351357.73,648132.66
6051600,1322820.74,680517.97
6052500,1329298.55,666809.33
6053400,1347885.31,670330.81
6054300,1361410.68,671301.18
6055200,1368263.58,662680.21
6056100,1361381.2,658804.32
6057000,1397904.24,695570.89
6057900,1454741.64,724845.15
6058800,1467770.87,698044.1
6059700,1403535.55,693542.54
6060600,1411055.79,666308.35
6061500,1415874.11,670191.65
6062400,1459776.12,674716.92
6063300,1522297.21,700697.75
6064200,1500206.54,668167.14
6065100,1600074.74,696231.72
6066000,1590643.07,687554.08
6066900,1562128.42,734861.11
6067800,1542789.09,683489.59
6068700,1540002.04,701630.31
6069600,1608576.32,743515.41
6070500,1655534.82,756960.39
6071400,1625424.5,724419.34
6072300,1723073.0,791976.38
6073200,1674629.52,770064.06
6074100,1698113.25,776684.78
6075000,1727405.91,792906.37
6075900,1655835.85,757076.39
6076800,1819221.22,777913.79
6077700,1753852.84,782853.15
6078600,1816551.54,783092.93
6079500,1811334.05,763940.09
6080400,1756561.43,761898.56
6081300,1703583.8,793240.54
6082200,1768529.94,779249.08
6083100,1748505.98,809538.94
6084000,1820251.1,798174.77
6084900,1818915.16,814548.34
6085800,1748429.81,781717.53
6086700,1837261.51,779306.95
6087600,1827006.68,763431.61
6088500,1924255.0,834805.39
6089400,1809640.59,790594.57
6090300,1872754.67,813902.34
6091200,1879508.51,809958.53
6092100,1742091.06,767511.29
6093000,1865833.92,796553.65
6093900,1848325.2,792297.36
6094800,1723933.78,764228.58
6095700,1777113.56,748238.89
6096600,1740415.65,778857.42
6097500,1648947.14,741854.37
6098400,1588174.9,715811.74
6099300,1645931.21,734600.65
6100200,1594113.65,718776.03
6101100,1644951.05,733509.7
6102000,1699698.39,761015.9
6102900,1552313.6,760526.18
6103800,1547858.64,697685.12
6104700,1552747.56,745229.1
6105600,1480778.87,712007.63
6106500,1475275.73,731584.99
6107400,1513468.96,760992.65
6108300,1555582.95,728004.64
6109200,1534568.76,728263.37
6110100,1486827.3,757000.03
6111000,1493765.08,724087.28
6111900,1425289.67,650816.89
6112800,1474128.85,674368.01
6113700,1436772.86,652740.14
6114600,1423329.44,639818.3
6115500,1442422.3,647073.49
6116400,1394671.42,632067.9
6117300,1407704.41,663114.81
6118200,1416703.95,651130.46
6119100,1373855.16,633120.39
6120000,1442903.87,696416.66
6120900,1391579.5,665786.87
6121800,1362861.24,657483.4
6122700,1362458.04,653781.83
6123600,1344448.24,666384.16
6124500,1333505.77,659559.91
6125400,1367717.1,683165.77
6126300,1313146.64,656495.73
6127200,1340486.21,674163.76
6128100,1357875.82,681624.02
6129000,1328325.71,683608.43
6129900,1344417.94,682304.9
6130800,1340518.52,736096.44
6131700,1362747.53,702398.99
6132600,1339822.27,658919.77
6133500,1323892.46,649599.33
6134400,1319027.16,655308.47
6135300,1369933.5,677448.03
6136200,1328849.12,658566.01
6137100,1359636.2,651638.85
6138000,1364128.05,668160.0
6138900,1329929.63,639707.43
6139800,1370248.35,654567.35
6140700,1351461.18,642398.07
6141600,1346763.43,648360.35
6142500,1409734.41,656874.85
6143400,1441002.04,658981.38
6144300,1410261.66,644835.3
6145200,1420453.22,671404.17
6146100,1413594.73,649782.99
6147000,1441102.66,669224.49
6147900,1419937.23,648405.58
6148800,1464369.51,675322.91
6149700,1476477.81,682154.39
6150600,1522812.84,727518.22
6151500,1517119.35,678124.42
6152400,1553837.59,708981.72
6153300,1554722.81,705173.13
6154200,1615742.25,754920.5
6155100,1591013.49,715170.68
6156000,1620969.64,728679.57
6156900,1709216.4,726160.95
6157800,1621471.89,740189.85
6158700,1679573.73,761297.7
6159600,1722603.61,735130.83
6160500,1800175.69,788956.33
6161400,1680516.17,741414.28
6162300,1696469.7,758420.2
6163200,1715558.9,771009.34
6164100,1729660.77,766351.59
6165000,1719516.27,758528.05
6165900,1706162.84,756114.53
6166800,1762389.13,786501.71
6167700,1817719.94,787898.35
6168600,1788332.15,736391.24
6169500,1856407.47,779656.31
6170400,1718741.27,750672.73
6171300,1748270.14,750014.1
6172200,1868146.91,795868.84
6173100,1696087.01,702411.8
6174000,1766065.98,771966.25
6174900,1882910.89,806443.08
6175800,1702471.98,740724.15
6176700,1805801.51,735269.9
6177600,1857388.18,808492.95
6178500,1685987.18,737148.28
6179400,1736717.38,832072.91
6180300,1826207.43,799083.07
6181200,1730539.49,726760.44
6182100,1806227.51,775660.13
6183000,1718849.85,748651.7
6183900,1608603.88,723857.94
6184800,1573590.82,701992.68
6185700,1616092.44,743961.91
6186600,1692804.29,731215.12
6187500,1623615.23,691643.83
6188400,1582824.46,731510.93
6189300,1583212.92,753271.64
6190200,1488139.34,676791.78
6191100,1543640.17,736600.43
6192000,1452224.3,682205.02
6192900,1570842.59,690981.9
6193800,1544394.93,726735.9
6194700,1523210.36,676141.39
6195600,1450860.26,702739.11
6196500,1508840.24,739845.7
6197400,1448544.25,659983.52
6198300,1425003.3,634752.69
6199200,1462879.85,670255.28
6200100,1458404.57,667098.45
6201000,1410385.44,634159.06
6201900,1461152.62,668273.99
6202800,1400916.14,653228.58
6203700,1385899.2,631881.77
6204600,1415969.33,648441.56
6205500,1384496.06,643278.35
6206400,1355254.94,637650.33
6207300,1401187.41,670889.92
6208200,1357439.94,640755.89
6209100,1361319.03,652506.59
6210000,1323515.53,652232.03
6210900,1320164.98,634416.41
6211800,1354417.42,679011.66
6212700,1335591.25,643436.74
6213600,1320470.49,646693.91
6214500,1321033.17,648416.38
6215400,1331892.43,654203.16
6216300,1331789.61,653199.74
6217200,1323006.68,680845.73
6218100,1324295.56,650924.56
6219000,1341624.02,671365.45
6219900,1336378.33,647112.03
6220800,1342290.16,669191.71
6221700,1349577.67,702055.02
6222600,1339715.88,667097.35
6223500,1371598.57,693669.62
6224400,1342552.28,679620.94
6225300,1318372.01,658901.18
6226200,1346849.58,670771.27
6227100,1362383.79,691237.7
6228000,1377007.14,687110.6
6228900,1359549.41,672008.42
6229800,1407611.57,657114.9
6230700,1446561.58,680017.55
6231600,1403933.9,729272.19
6232500,1418629.76,761850.59
6233400,1468088.2,719958.25
6234300,1441510.99,718935.42
6235200,1511075.04,732964.69
6236100,1447617.46,712922.24
6237000,1465102.94,714836.33
6237900,1476288.48,709553.1
6238800,1484296.78,739100.92
6239700,1527629.15,748840.12
6240600,1520030.91,726057.04
6241500,1582699.49,749958.98
6242400,1573958.13,738367.95
6243300,1558808.44,710927.4
6244200,1627069.89,761681.4
6245100,1584187.41,714668.61
6246000,1655489.32,704569.43
6246900,1615514.83,761662.17
6247800,1697122.83,753908.02
6248700,1674478.09,749253.11
6249600,1630221.86,778461.09
6250500,1675895.97,795520.11
6251400,1672385.83,758490.14
6252300,1688220.61,778342.35
6253200,1803358.15,764945.71
6254100,1674805.21,753437.26
6255000,1768255.46,804150.97
6255900,1747346.01,746232.97
6256800,1831997.5,798746.43
6257700,1685798.49,705166.17
6258600,1725465.82,756033.42
6259500,1630545.87,728508.09
6260400,1665142.46,762731.6
6261300,1626658.91,767382.02
6262200,1775275.73,804635.1
6263100,1661701.45,774531.92
6264000,1679505.62,824642.94
6264900,1714475.01,798200.04
6265800,1617944.64,765571.2
6266700,1605846.95,740380.28
6267600,1670775.88,720919.46
6268500,1686564.24,741582.18
6269400,1685229.86,774197.57
6270300,1602522.95,698688.72
6271200,1625808.11,724823.64
6272100,1587965.33,725916.14
6273000,1600428.41,715369.9
6273900,1631006.01,742414.22
6274800,1577964.94,705467.65
6275700,1529185.91,706159.24
6276600,1473114.44,734435.76
6277500,1457680.85,738488.53
6278400,1437597.56,699688.75
6279300,1471291.53,750732.51
6280200,1452561.31,745834.08
6281100,1427981.96,721214.54
6282000,1423707.37,716913.57
6282900,1422416.38,714295.53
6283800,1444526.46,709529.94
6284700,1389217.16,647900.85
6285600,1401742.49,665642.58
6286500,1386458.86,628185.79
6287400,1387291.99,618757.6
6288300,1441887.08,647212.92
6289200,1409658.05,660962.4
6290100,1399190.73,654643.52
6291000,1368828.0,659196.44
6291900,1371576.78,653607.06
6292800,1406024.32,682714.97
6293700,1354827.3,672341.31
6294600,1335505.0,660585.48
6295500,1325092.9,663134.22
6296400,1317643.71,682917.3
6297300,1362520.11,719409.85
6298200,1323683.81,733609.5
6299100,1320874.42,698633.97
6300000,1290223.02,697972.05
6300900,1307661.25,685788.85
6301800,1321789.22,646386.29
6302700,1298415.53,641776.7
6303600,1306848.72,642808.59
6304500,1322616.03,649944.85
6305400,1316834.38,650946.26
6306300,1319410.4,640286.22
6307200,1315151.92,643210.6
6308100,1319725.62,641156.89
6309000,1301725.52,629959.63
6309900,1333773.83,657386.63
6310800,1329298.19,643192.2
6311700,1301605.59,645216.06
6312600,1313591.03,668793.27
6313500,1323162.69,670120.51
6314400,1363616.82,690605.35
6315300,1342925.35,667081.88
6316200,1360090.03,680850.49
6317100,1361365.45,672426.64
6318000,1332824.98,686338.99
6318900,1341757.6,676458.16
6319800,1367833.37,718317.99
6320700,1349935.82,671392.82
6321600,1359215.24,678407.14
6322500,1330400.39,683787.05
6323400,1363534.52,694631.93
6324300,1332154.27,707288.64
6325200,1331607.42,719535.92
6326100,1325560.91,706906.86
6327000,1328993.5,699275.67
6327900,1338615.78,705221.01
6328800,1314474.24,698235.08
6329700,1343119.54,709465.58
6330600,1368072.97,742277.16
6331500,1334475.77,726601.87
6332400,1335004.67,701045.38
6333300,1324421.91,709136.08
6334200,1375890.75,737695.77
6335100,1334310.52,698595.98
6336000,1343722.23,703432.71
6336900,1380174.68,725008.21
6337800,1371843.84,712406.89
6338700,1361308.41,702417.11
6339600,1342977.91,672473.88
6340500,1350445.68,679948.43
6341400,1397862.03,722708.04
6342300,1380465.45,689877.96
6343200,1378489.2,733596.13
6344100,1376541.05,687580.9
6345000,1383757.97,711265.41
6345900,1393124.36,708515.35
6346800,1392598.85,692168.06
6347700,1428884.58,747213.5
6348600,1413507.66,723499.42
6349500,1409326.45,710606.14
6350400,1454053.62,702895.75
6351300,1441880.58,706856.32
6352200,1429418.43,692274.81
6353100,1421356.75,692189.85
6354000,1430770.66,682721.1
6354900,1389630.43,629300.45
6355800,1377254.88,625032.71
6356700,1394995.88,649078.31
6357600,1362887.05,624928.25
6358500,1367042.54,630792.76
6359400,1395873.5,663441.83
6360300,1376965.67,650563.93
6361200,1388385.5,679008.09
6362100,1389111.88,686608.98
6363000,1347477.17,608567.78
6363900,1359345.34,618192.72
6364800,1390442.78,654764.28
6365700,1378432.89,637226.72
6366600,1359063.45,636774.08
6367500,1354958.13,656112.49
6368400,1308785.8,627534.58
6369300,1382646.15,675726.65
6370200,1348624.79,648676.39
6371100,1390263.61,706102.39
6372000,1330108.61,650269.68
6372900,1356126.98,659732.85
6373800,1337202.85,660944.73
6374700,1329110.41,657194.92
6375600,1349020.66,663573.21
6376500,1318942.75,666077.45
6377400,1334427.98,699370.7
6378300,1342540.92,691753.6
6379200,1292103.7,676702.42
6380100,1337115.51,653813.78
6381000,1308360.63,654078.64
6381900,1301412.05,646671.2
6382800,1338566.71,666804.02
6383700,1281983.09,637903.38
6384600,1340480.16,658313.87
6385500,1279658.2,654493.1
6386400,1308456.94,654678.5
6387300,1325873.2,664896.33
6388200,1316415.71,700657.01
6389100,1334336.79,682838.47
6390000,1271828.25,648640.78
6390900,1329176.97,680521.91
6391800,1304949.01,673510.53
6392700,1292779.82,671593.23
6393600,1318591.37,674098.75
6394500,1304367.19,657005.58
6395400,1310668.4,678806.95
6396300,1302761.17,675671.91
6397200,1344040.01,698930.6
6398100,1335407.59,687341.77
6399000,1329442.57,675912.32
6399900,1327890.2,694183.04
6400800,1337265.93,695360.05
6401700,1329765.01,687278.78
6402600,1340107.82,629813.14
6403500,1363829.13,670989.26
6404400,1353055.21,686092.35
6405300,1322304.66,676374.39
6406200,1352766.72,693125.61
6407100,1321362.03,664229.55
6408000,1370434.94,669570.65
6408900,1331340.36,664391.69
6409800,1308496.77,678260.65
6410700,1333339.42,673581.57
6411600,1318748.38,690751.37
6412500,1330101.1,692129.88
6413400,1342879.39,687987.85
6414300,1322116.15,666496.77
6415200,1308781.68,667434.27
6416100,1321663.51,694781.34
6417000,1331713.71,684469.85
6417900,1356277.77,709292.91
6418800,1315161.53,670698.49
6419700,1326561.13,671137.21
6420600,1346535.0,683513.67
6421500,1396513.55,723266.88
6422400,1364852.14,719397.49
6423300,1338209.11,709067.05
6424200,1358809.11,708650.21
6425100,1406584.99,742045.72
6426000,1374356.6,722259.06
6426900,1343071.56,701056.09
6427800,1358146.82,695905.43
6428700,1350953.25,706447.36
6429600,1413306.15,735852.54
6430500,1418553.13,729904.45
6431400,1377362.27,704941.41
6432300,1404231.54,720618.26
6433200,1437727.11,787167.76
6434100,1379217.13,707279.48
6435000,1397298.52,713239.01
6435900,1403664.55,752038.51
6436800,1438154.66,747161.87
6437700,1390706.36,718735.93
6438600,1384593.11,738795.5
6439500,1451647.61,758847.84
6440400,1427666.47,744262.66
6441300,1398394.87,702034.7
6442200,1416175.42,686327.73
6443100,1410311.55,689839.69
6444000,1431584.56,703741.88
6444900,1396409.55,666796.51
6445800,1368104.83,710826.42
6446700,1456243.01,756574.04
6447600,1369869.96,722360.23
6448500,1382216.58,721743.44
6449400,1433902.77,784131.87
6450300,1368379.3,734850.86
6451200,1393823.36,738509.58
6452100,1376131.99,742780.98
6453000,1387707.37,721592.01
6453900,1374593.44,726501.07
6454800,1350163.06,716677.46
6455700,1371202.79,710989.29
6456600,1357190.19,714906.92
6457500,1385371.31,726450.16
6458400,1343693.57,641486.57
6459300,1385746.12,694554.02
6460200,1330352.05,674549.56
6461100,1313923.19,665955.23
6462000,1347465.0,688792.24
6462900,1321204.47,700297.03
6463800,1352216.67,715584.87
6464700,1319368.19,706685.03
6465600,1314938.69,708977.51
6466500,1352064.51,702823.06
6467400,1309050.11,694757.81
6468300,1325219.97,706168.67
6469200,1307601.56,716810.58
6470100,1341199.77,670387.21
6471000,1315871.06,688444.98
6471900,1294378.42,662367.46
6472800,1309005.89,667129.12
6473700,1299683.53,678219.73
6474600,1321137.18,708361.54
6475500,1287533.84,696419.86
6476400,1343641.39,731860.2
6477300,1315985.96,701043.27
6478200,1302425.45,692609.07
6479100,1307588.1,703373.75
6480000,1274780.0,680351.72
6480900,1307857.91,679445.25
6481800,1339950.81,722375.15
6482700,1361462.59,716999.45
6483600,1309631.56,701214.84
6484500,1353406.4,708040.37
6485400,1332751.56,711114.35
6486300,1373037.05,758120.91
6487200,1359699.92,716516.78
6488100,1365435.15,707763.98
6489000,1392904.17,680429.63
6489900,1383032.14,700086.27
6490800,1458729.86,722730.65
6491700,1374862.79,708763.64
6492600,1409039.79,725340.73
6493500,1386822.42,675929.35
6494400,1427309.05,716227.29
6495300,1446706.97,749070.92
6496200,1512378.85,720561.68
6497100,1437561.58,697513.73
6498000,1504529.48,753945.65
6498900,1462996.4,777372.99
6499800,1451173.28,790474.46
6500700,1496974.09,801684.36
6501600,1475101.14,780588.23
6502500,1478974.27,758147.74
6503400,1589545.72,736132.97
6504300,1552526.37,729284.0
6505200,1772.28,-5069.37
6506100,1744.45,-5050.87
6507000,961.67,-3376.01
6507900,884.95,-3407.14
6508800,1068.88,-3345.52
6509700,1590.27,-3195.92
6510600,0.0,0.0
6511500,0.0,0.0
6512400,932.1,-3390.01
6513300,296.36,0.0
6514200,1753.51,-3149.6
6515100,1783.17,-3126.62
6516000,0.0,0.0
6516900,1611.33,-3190.16
6517800,1814.94,-3134.49
6518700,1832.43,-3249.48
6519600,1545.87,-3222.56
6520500,1718.08,-3164.79
6521400,1431.24,-3268.43
6522300,1828.95,-3182.83
6523200,1215.45,-3322.45
6524100,1415.59,-3264.95
6525000,0.0,0.0
6525900,880.19,-3413.82
6526800,0.0,0.0
6527700,0.0,0.0
6528600,0.0,0.0
6529500,0.0,0.0
6530400,0.0,0.0
6531300,0.0,0.0
6532200,0.0,0.0
6533100,0.0,0.0
6534000,0.0,0.0
6534900,0.0,0.0
6535800,0.0,0.0
6536700,0.0,0.0
6537600,0.0,0.0
6538500,0.0,0.0
6539400,0.0,0.0
6540300,0.0,0.0
6541200,0.0,0.0
6542100,0.0,0.0
6543000,0.0,0.0
6543900,0.0,0.0
6544800,0.0,0.0
6545700,0.0,0.0
6546600,1981.48,-3735.63
6547500,2733.4,-4254.73
6548400,2814.61,-4291.44
6549300,2843.35,-4252.08
6550200,2696.78,-4093.41
6551100,2647.98,-4116.21
6552000,2762.88,-4133.33
6552900,2767.82,-4150.82
6553800,2793.91,-4115.84
6554700,2706.48,-4062.74
6555600,2677.73,-4041.6
6556500,2408.48,-3906.46
6557400,2596.71,-4005.98
6558300,2680.66,-4004.43
6559200,3147.31,-3565.89
6560100,2610.08,-3840.36
6561000,2603.3,-3856.11
6561900,2454.8,-3883.12
6562800,2293.58,-3703.12
6563700,0.0,0.0
6564600,0.0,0.0
6565500,0.0,0.0
6566400,0.0,0.0
6567300,0.0,0.0
6568200,0.0,0.0
6569100,0.0,0.0
6570000,0.0,0.0
6570900,0.0,0.0
6571800,0.0,0.0
6572700,0.0,0.0
6573600,0.0,0.0
6574500,0.0,0.0
6575400,0.0,0.0
6576300,0.0,0.0
6577200,0.0,0.0
6578100,0.0,0.0
6579000,0.0,0.0
6579900,0.0,0.0
6580800,0.0,0.0
6581700,982.09,-3421.88
6582600,1125.82,-3401.28
6583500,1317.17,-3357.51
6584400,192.81,0.0
6585300,1521.88,-3343.23
6586200,1303.62,-3352.2
6587100,1487.64,-3378.39
6588000,1515.93,-3404.57
6588900,0.0,0.0
6589800,0.0,0.0
6590700,1327.61,-3281.89
6591600,1716.06,-3150.15
6592500,0.0,0.0
6593400,0.0,0.0
6594300,869.38,-3402.37
6595200,1449.46,-3228.52
6596100,1576.9,-3186.13
6597000,711.09,0.0
6597900,1413.02,-3239.23
6598800,0.0,0.0
6599700,1698.58,-3153.63
6600600,1514.74,-3212.4
6601500,1720.55,-3153.17
6602400,1624.79,-3191.35
6603300,1557.77,-3196.2
6604200,1557.95,-3208.01
6605100,1668.91,-3184.11
6606000,1793.33,-3138.79
6606900,1819.24,-3248.47
6607800,1739.41,-3201.97
6608700,1284.85,-3288.94
6609600,1509.8,-3225.68
6610500,1543.4,-3221.56
6611400,1716.61,-3196.29
6612300,1748.11,-3170.29
6613200,1237.24,-3336.18
6614100,1164.64,-3341.03
6615000,864.35,-3409.52
6615900,0.0,0.0
6616800,0.0,0.0
6617700,0.0,0.0
6618600,0.0,0.0
6619500,0.0,0.0
6620400,0.0,0.0
6621300,0.0,0.0
6622200,0.0,0.0
6623100,0.0,0.0
6624000,0.0,0.0
6624900,0.0,0.0
6625800,0.0,0.0
6626700,0.0,0.0
6627600,0.0,0.0
6628500,0.0,0.0
6629400,0.0,0.0
6630300,0.0,0.0
6631200,0.0,0.0
6632100,0.0,0.0
6633000,2386.96,-3815.83
6633900,2689.27,-4171.42
6634800,2717.29,-4222.96
6635700,2827.79,-4301.15
6636600,2770.84,-4204.19
6637500,2797.58,-4134.16
6638400,2665.74,-4060.64
6639300,2764.43,-4039.86
6640200,2732.57,-4035.28
6641100,2737.7,-4078.31
6642000,2798.13,-4040.59
6642900,2766.91,-4024.93
6643800,3294.34,-3330.14
6644700,2892.52,-3680.6
6645600,2604.13,-3917.45
6646500,2551.48,-3904.08
6647400,2333.5,-3856.2
6648300,2335.14,-3814.64
6649200,2279.02,-3784.97
6650100,2220.7,-3758.42
6651000,0.0,0.0
6651900,0.0,0.0
6652800,0.0,0.0
6653700,0.0,0.0
6654600,0.0,0.0
6655500,0.0,0.0
6656400,0.0,0.0
6657300,0.0,0.0
6658200,0.0,0.0
6659100,0.0,0.0
6660000,0.0,0.0
6660900,0.0,0.0
6661800,0.0,0.0
6662700,0.0,0.0
6663600,0.0,0.0
6664500,0.0,0.0
6665400,0.0,0.0
6666300,0.0,0.0
6667200,0.0,0.0
6668100,0.0,0.0
6669000,0.0,0.0
6669900,0.0,0.0
6670800,0.0,0.0
6671700,0.0,0.0
6672600,0.0,0.0
6673500,0.0,0.0
6674400,0.0,0.0
6675300,0.0,0.0
6676200,0.0,0.0
6677100,0.0,0.0
6678000,0.0,0.0
6678900,0.0,0.0
6679800,0.0,0.0
6680700,0.0,0.0
6681600,0.0,0.0
6682500,0.0,0.0
6683400,0.0,0.0
6684300,0.0,0.0
6685200,0.0,0.0
6686100,0.0,0.0
6687000,0.0,0.0
6687900,0.0,0.0
6688800,0.0,0.0
6689700,0.0,0.0
6690600,0.0,0.0
6691500,0.0,0.0
6692400,0.0,0.0
6693300,0.0,0.0
6694200,0.0,0.0
6695100,0.0,0.0
6696000,0.0,0.0
6696900,0.0,0.0
6697800,0.0,0.0
6698700,0.0,0.0
6699600,0.0,0.0
6700500,0.0,0.0
6701400,0.0,0.0
6702300,0.0,0.0
6703200,0.0,0.0
6704100,0.0,0.0
6705000,0.0,0.0
6705900,0.0,0.0
6706800,0.0,0.0
6707700,0.0,0.0
6708600,0.0,0.0
6709500,0.0,0.0
6710400,0.0,0.0
6711300,0.0,0.0
6712200,0.0,0.0
6713100,0.0,0.0
6714000,0.0,0.0
6714900,0.0,0.0
6715800,0.0,0.0
6716700,0.0,0.0
6717600,0.0,0.0
6718500,0.0,0.0
6719400,0.0,0.0
6720300,0.0,0.0
6721200,0.0,0.0
6722100,0.0,0.0
6723000,0.0,0.0
6723900,0.0,0.0
6724800,0.0,0.0
6725700,0.0,0.0
6726600,0.0,0.0
6727500,0.0,0.0
6728400,0.0,0.0
6729300,0.0,0.0
6730200,0.0,0.0
6731100,0.0,0.0
6732000,0.0,0.0
6732900,0.0,0.0
6733800,0.0,0.0
6734700,0.0,0.0
6735600,0.0,0.0
6736500,0.0,0.0
6737400,0.0,0.0
6738300,0.0,0.0
6739200,0.0,0.0
6740100,0.0,0.0
6741000,0.0,0.0
6741900,0.0,0.0
6742800,0.0,0.0
6743700,0.0,0.0
6744600,0.0,0.0
6745500,0.0,0.0
6746400,0.0,0.0
6747300,0.0,0.0
6748200,0.0,0.0
6749100,0.0,0.0
6750000,0.0,0.0
6750900,0.0,0.0
6751800,0.0,0.0
6752700,0.0,0.0
6753600,0.0,0.0
6754500,0.0,0.0
6755400,0.0,0.0
6756300,0.0,0.0
6757200,0.0,0.0
6758100,0.0,0.0
6759000,0.0,0.0
6759900,0.0,0.0
6760800,0.0,0.0
6761700,0.0,0.0
6762600,720.89,-3532.47
6763500,767.3,-3535.77
6764400,4785384.98,1720446.62
6765300,4764341.77,1756803.96
6766200,4931702.91,1825362.3
6767100,4821214.51,1715144.07
6768000,5004220.0,1820390.72
6768900,5013892.46,1869115.54
6769800,4884443.66,1720621.58
6770700,5071142.4,1888290.62
6771600,5018083.74,1829373.69
6772500,4903162.81,1802468.35
6773400,4903364.96,1779024.81
6774300,5026751.4,1963196.32
6775200,5105647.8,1915428.68
6776100,5126590.58,1893663.02
6777000,4965837.89,1841503.6
6777900,5257824.28,1989716.95
6778800,5220943.91,1882820.98
6779700,5125741.33,1902397.25
6780600,5220268.89,2004892.36
6781500,5187654.42,1885257.66
6782400,5209693.54,2006238.1
6783300,5050626.07,1991954.77
6784200,5097709.63,1887805.02
6785100,5169245.27,1986777.92
6786000,5009329.56,1861577.82
6786900,4980622.38,1879646.85
6787800,5039130.16,1956394.04
6788700,4834202.73,1834924.62
6789600,4809861.15,1866768.59
6790500,4797193.82,1905004.85
6791400,4766635.53,1898474.58
6792300,4764615.42,1911877.99
6793200,4759739.32,1879533.97
6794100,4698974.95,1831248.32
6795000,4621954.28,1823026.79
6795900,4665455.02,1853437.41
6796800,4560339.02,1717795.44
6797700,4583579.77,1775266.75
6798600,4625576.02,1773710.82
6799500,4584263.31,1757181.52
6800400,4577903.87,1764849.52
6801300,4467744.78,1775894.44
6802200,4414055.6,1659042.02
6803100,4456228.55,1593717.59
6804000,4599056.49,1684898.8
6804900,4485254.06,1667544.71
6805800,4522186.89,1732686.86
6806700,4406395.57,1592354.28
6807600,4450864.65,1625807.01
6808500,4355527.31,1652623.54
6809400,4051928.56,1600228.09
6810300,3982837.55,1515536.32
6811200,3947330.2,1505121.37
6812100,3922804.5,1483055.24
6813000,3855836.98,1448719.02
6813900,3840254.43,1419653.96
6814800,3879478.27,1484321.41
6815700,3870053.01,1502343.57
6816600,3867639.86,1478356.38
6817500,3995784.76,1524601.87
6818400,3990542.27,1513976.62
6819300,4024947.6,1573054.05
6820200,4069558.41,1586523.74
6821100,4065315.77,1564522.71
6822000,4041730.87,1552270.66
6822900,4083954.99,1558491.03
6823800,4136943.79,1597921.51
6824700,4238890.59,1648912.81
6825600,4249917.02,1631154.69
6826500,4306835.54,1723656.56
6827400,4359304.69,1678180.3
6828300,4417661.59,1657583.5
6829200,4421437.87,1717293.0
6830100,4489170.59,1741232.76
6831000,4576801.12,1761786.44
6831900,4266881.84,1630150.18
6832800,4275497.68,1673929.14
6833700,4285337.04,1660336.03
6834600,4477276.61,1709201.84
6835500,4489592.1,1700147.09
6836400,4419671.72,1677230.9
6837300,4459481.14,1765768.25
6838200,4483646.21,1766020.66
6839100,4630567.11,1805909.91
6840000,4651468.23,1802846.47
6840900,4690874.82,1998488.71
6841800,4713260.01,1873908.97
6842700,4733668.67,1859713.62
6843600,4819493.59,1879979.0
6844500,4668552.61,1846591.55
6845400,4663656.19,1850075.41
6846300,4614288.21,1790962.55
6847200,4719708.71,1835758.12
6848100,4736716.74,1860446.04
6849000,4770208.28,1828989.72
6849900,4866552.8,1871495.91
6850800,4857607.45,1861788.12
6851700,4788959.93,1907241.85
6852600,4959044.77,1956046.05
6853500,4817851.32,1878916.99
6854400,4846113.1,1855495.79
6855300,4825640.9,1918454.13
6856200,4771760.93,1868460.75
6857100,4836488.89,1917442.84
6858000,4844189.03,1919949.65
6858900,4834687.87,1826979.22
6859800,4822366.79,1795789.12
6860700,5103603.52,1852586.06
6861600,5061210.02,2027868.53
6862500,5194345.09,1949991.3
6863400,5057125.4,1873737.95
6864300,5046879.91,1878025.73
6865200,5028522.13,1894383.09
6866100,4934249.18,1852935.15
6867000,4984279.45,1839024.63
6867900,4923777.47,1910300.63
6868800,4897784.91,1824694.52
6869700,4911615.51,1790323.88
6870600,4989919.46,1872609.56
6871500,4990392.61,1829858.37
6872400,4910044.65,1782569.27
6873300,4930365.69,1822940.92
6874200,4857276.12,1798343.81
6875100,4811299.16,1836338.01
6876000,4720448.55,1744868.77
6876900,4655148.74,1737615.23
6877800,4692938.42,1819642.09
6878700,4678319.27,1846292.08
6879600,4610519.35,1795098.91
6880500,4542544.28,1785676.3
6881400,4450669.46,1806516.63
6882300,4422959.29,1757429.53
6883200,4434616.42,1779121.77
6884100,4362093.75,1762060.82
6885000,4366983.58,1778119.72
6885900,4401236.3,1848761.17
6886800,4384426.67,1854543.46
6887700,4332997.65,1823121.73
6888600,4332731.6,1693995.67
6889500,4233630.89,1588000.21
6890400,4250294.86,1585586.7
6891300,4131368.87,1595956.05
6892200,4105218.75,1579505.31
6893100,4105834.99,1601360.5
6894000,4236031.86,1579817.23
6894900,4221098.97,1621512.82
6895800,4029154.91,1530222.56
6896700,4026638.85,1547750.89
6897600,4045704.44,1569846.41
6898500,4032952.7,1559228.49
6899400,3901142.76,1544981.69
6900300,3850633.67,1546008.36
6901200,3933389.28,1595064.97
6902100,3848161.38,1578634.09
6903000,3823562.07,1544551.57
6903900,3837547.58,1518131.74
6904800,3905248.54,1568304.11
6905700,3824187.38,1555671.84
6906600,3858941.99,1578433.87
6907500,3862660.4,1574739.81
6908400,3853548.34,1584460.33
6909300,3854779.91,1617954.62
6910200,4020125.34,1711872.16
6911100,4055191.77,1751320.13
6912000,4099996.77,1730347.5
6912900,4063313.51,1741970.58
6913800,4175117.25,1728298.28
6914700,4152041.38,1709182.25
6915600,4158608.64,1750903.93
6916500,4365094.94,1792249.05
6917400,4278985.84,1705340.06
6918300,4250556.52,1792682.37
6919200,4254142.73,1732404.51
6920100,4280063.96,1725240.14
6921000,4175575.01,1721610.63
6921900,4186805.33,1708149.26
6922800,4129679.35,1786188.54
6923700,4089828.37,1782051.45
6924600,4156835.36,1845798.52
6925500,4121704.93,1811417.18
6926400,4094612.46,1815148.86
6927300,4072352.97,1818458.22
6928200,4129456.42,1799666.93
6929100,4129037.2,1832037.87
6930000,4058391.82,1735503.57
6930900,4046326.54,1742818.54
6931800,4030245.21,1739510.47
6932700,4019677.28,1769486.48
6933600,4023317.05,1743855.29
6934500,3965191.59,1767305.69
6935400,3951757.87,1758518.01
6936300,4010304.11,1785453.92
6937200,3969233.46,1722215.06
6938100,4007288.36,1818573.49
6939000,4012273.59,1776319.43
6939900,4037305.94,1790233.8
6940800,3993855.47,1776518.1
6941700,3998861.94,1783179.38
6942600,3998150.39,1772384.67
6943500,4016437.77,1789198.79
6944400,4084731.26,1779365.11
6945300,3998853.97,1727995.06
6946200,4004464.69,1743021.97
6947100,4128976.04,1779547.67
6948000,4052231.05,1710028.02
6948900,4088297.42,1730889.77
6949800,4106522.37,1701640.23
6950700,4146895.39,1780177.09
6951600,4147899.26,1720184.14
6952500,4200181.82,1729287.78
6953400,4346923.92,1748488.77
6954300,4405040.22,1760093.72
6955200,4381006.99,1733312.26
6956100,4408581.39,1761168.0
6957000,4524588.59,1730451.69
6957900,4472682.95,1744892.85
6958800,4499629.76,1686538.06
6959700,4425418.4,1637354.46
6960600,4445298.34,1632455.11
6961500,4417594.12,1657033.81
6962400,4413930.36,1658832.92
6963300,4399521.79,1662689.58
6964200,4390556.58,1684642.55
6965100,4338405.94,1649318.94
6966000,4349220.43,1660269.01
6966900,4199748.32,1706978.49
6967800,4159869.51,1633036.38
6968700,4187714.63,1678021.18
6969600,4101217.53,1633710.48
6970500,4247610.99,1671455.84
6971400,4268052.34,1667673.98
6972300,4277753.63,1662905.91
6973200,4186654.91,1645659.58
6974100,4228326.87,1628293.58
6975000,4138968.75,1611741.76
6975900,4181221.34,1692717.13
6976800,4025307.22,1670442.99
6977700,3951908.02,1560529.82
6978600,3892423.28,1526120.73
6979500,3891644.9,1597976.35
6980400,3873613.86,1588515.84
6981300,3847329.16,1601287.72
6982200,3871962.8,1547140.96
6983100,3879469.12,1534462.65
6984000,3891012.18,1557278.14
6984900,3861604.34,1558820.16
6985800,3910616.64,1568697.88
6986700,3904662.78,1546926.27
6987600,3769131.32,1542278.14
6988500,3726388.0,1510879.3
6989400,3743333.04,1545756.59
6990300,3736225.34,1561665.25
6991200,3787386.29,1594748.47
6992100,3773523.28,1590730.5
6993000,3819399.63,1587114.35
6993900,3839091.61,1674390.11
6994800,3795298.92,1668243.9
6995700,3869166.14,1714324.68
6996600,3926646.97,1718244.14
6997500,3995160.46,1732789.12
6998400,4013975.74,1753486.72
6999300,4013406.1,1733673.16
7000200,3878108.83,1680956.36
7001100,4039643.46,1676764.07
7002000,3892535.8,1672446.26
7002900,3896909.09,1665436.89
7003800,3960354.49,1679545.99
7004700,3932671.97,1675003.14
7005600,4020025.18,1684489.75
7006500,4107189.97,1689999.48
7007400,4101524.96,1706619.69
7008300,4216046.17,1836441.38
7009200,4148288.27,1760081.54
7010100,4146624.39,1790655.4
7011000,4009133.15,1764376.92
7011900,3956835.66,1779054.02
7012800,3974484.01,1806821.69
7013700,3973259.67,1858303.62
7014600,3994758.82,1859441.44
7015500,3971874.11,1860277.59
7016400,3919817.87,1801810.73
7017300,3902589.75,1798775.3
7018200,3962494.45,1781608.34
7019100,3880741.15,1802773.32
7020000,3950156.16,1815197.11
7020900,3868683.11,1796323.43
7021800,3848172.64,1777177.19
7022700,3892866.39,1819559.42
7023600,3857366.82,1799333.22
7024500,3856239.72,1815661.65
7025400,3963538.51,1761373.26
7026300,3846962.86,1773643.71
7027200,3943923.43,1794853.0
7028100,3996484.5,1784576.84
7029000,4027379.79,1773898.77
7029900,3917166.6,1847377.44
7030800,3938286.99,1784719.39
7031700,3904188.81,1745708.86
7032600,3928400.02,1780433.07
7033500,3957751.56,1762543.67
7034400,3988658.2,1791633.0
7035300,4065136.69,1890100.25
7036200,3993990.69,1749235.11
7037100,3998547.55,1725616.88
7038000,4129423.1,1792134.25
7038900,4051830.41,1743069.95
7039800,4120287.41,1774664.89
7040700,4174040.04,1830162.78
7041600,4219999.69,1829338.07
7042500,4368562.04,1862780.18
7043400,4413925.51,1770881.65
7044300,4411520.42,1748910.1
7045200,4475591.03,1741772.64
7046100,4493544.62,1742940.4
7047000,4435591.92,1691014.43
7047900,4286720.49,1657758.45
7048800,4332143.37,1733856.72
7049700,4294889.83,1738426.3
7050600,4328450.87,1778158.54
7051500,4319892.61,1780928.47
7052400,4263671.81,1747967.83
7053300,4231579.47,1743705.78
7054200,4228790.59,1710003.2
7055100,4178647.61,1677326.66
7056000,4270706.91,1702351.96
7056900,4309487.46,1761136.51
7057800,4253353.91,1707780.3
7058700,4283675.63,1754969.15
7059600,4284697.63,1728023.35
7060500,4155273.74,1750435.55
7061400,4169806.82,1762377.87
7062300,4138342.25,1749158.02
7063200,4139301.36,1778824.95
7064100,4065972.56,1742925.48
7065000,3998427.43,1582950.81
7065900,4040013.34,1602889.25
7066800,4012126.37,1576101.29
7067700,4014372.71,1610540.13
7068600,3827335.97,1532712.8
7069500,3804440.46,1518770.14
7070400,3733154.57,1480211.88
7071300,3754400.76,1512213.41
7072200,3787300.51,1540072.08
7073100,3906089.45,1579695.74
7074000,3859328.16,1583123.11
7074900,3953114.59,1610915.22
7075800,3842282.96,1579026.86
7076700,3948830.47,1594556.21
7077600,3870455.93,1538451.6
7078500,3715024.02,1525490.02
7079400,3780047.33,1554700.74
7080300,3876213.13,1652672.42
7081200,3847455.51,1600242.19
7082100,3816599.4,1628281.4
7083000,3958087.55,1753354.52
7083900,3997848.18,1751501.68
7084800,4024977.81,1757405.36
7085700,4059137.51,1822105.04
7086600,4172296.33,1785000.73
7087500,4181520.63,1769752.72
7088400,4039524.35,1679254.39
7089300,4093019.53,1682000.61
7090200,4171648.59,1733985.44
7091100,4220736.05,1728615.51
7092000,4192203.74,1710842.83
7092900,4320649.29,1792078.49
7093800,4346636.08,1743424.26
7094700,4401363.19,1724745.85
7095600,4414028.78,1762535.25
7096500,4315017.33,1761360.26
7097400,4307665.65,1750170.41
7098300,4461008.7,1783993.01
7099200,4561524.9,1836051.64
7100100,4679318.76,1902730.5
7101000,4654855.68,1815220.46
7101900,4665328.31,1837594.39
7102800,4578356.69,1934671.78
7103700,4600007.08,2018287.08
7104600,4472046.39,1953428.38
7105500,4636958.95,2031686.37
7106400,2276702.18,1071935.03
7107300,2357997.62,1004012.42
7108200,2302314.97,994127.84
7109100,2314466.58,974764.98
7110000,2415739.84,1014096.86
7110900,2343964.32,1001691.56
7111800,2341618.47,996743.96
7112700,2355246.09,997408.72
7113600,2364622.92,1045335.94
7114500,2373620.36,1028536.01
7115400,2375364.26,994660.68
7116300,2419473.63,968526.67
7117200,2487437.53,1011284.82
7118100,2444209.26,1003014.04
7119000,2429802.15,1023932.83
7119900,2408004.55,1018517.49
7120800,2426538.12,1007202.67
7121700,2385428.28,983564.39
7122600,2403035.16,1011961.67
7123500,2491869.14,1055864.87
7124400,2574815.73,1120565.92
7125300,2495830.44,1065818.76
7126200,2401921.78,989019.93
7127100,2483203.58,1099366.7
7128000,2459525.3,1050159.94
7128900,2406791.66,1038173.31
7129800,2386702.97,1016429.63
7130700,2425085.36,1070302.64
7131600,2455588.44,1014616.24
7132500,2352633.09,943757.54
7133400,2350994.66,951540.71
7134300,2431314.24,1065473.14
7135200,2371246.31,977056.46
7136100,2328208.19,970933.78
7137000,2322820.59,1002348.36
7137900,2317469.33,1036859.62
7138800,2313137.51,985148.16
7139700,2307878.81,974951.2
7140600,2267597.72,978351.56
7141500,2343561.68,1032552.52
7142400,2264995.15,977416.99
7143300,2241313.11,968038.06
7144200,2253271.64,974884.0
7145100,2237116.24,967128.94
7146000,2279602.75,900536.04
7146900,2221076.39,899972.63
7147800,2236808.44,837230.99
7148700,2249497.38,905244.42
7149600,2185022.92,851048.03
7150500,2238501.71,937976.72
7151400,2219755.28,904192.57
7152300,2189715.36,914183.53
7153200,2216758.3,948090.27
7154100,2185720.46,930305.79
7155000,2158629.09,889378.88
7155900,2206999.6,936316.5
7156800,2179232.39,927830.47
7157700,2170895.78,905117.52
7158600,2135682.59,866542.42
7159500,2138345.31,881335.78
7160400,2117237.37,870183.2
7161300,2121410.8,876283.54
7162200,2199611.76,1032321.81
7163100,2133704.22,880801.85
7164000,2085965.79,864692.14
7164900,2108527.13,883677.25
7165800,2088211.12,878073.12
7166700,2086620.85,857696.87
7167600,2086311.31,858438.45
7168500,2128509.7,895945.5
7169400,2136930.45,917974.82
7170300,2096417.91,875174.65
7171200,2129336.33,884707.4
7172100,2084298.71,859250.98
7173000,2084763.7,874837.65
7173900,2104623.96,865319.46
7174800,2139938.69,893398.96
7175700,2129593.32,881156.52
7176600,2092501.83,850169.95
7177500,2142590.61,880435.46
7178400,2126393.83,873607.18
7179300,2143654.63,847358.92
7180200,2182114.93,915162.05
7181100,2217999.94,987223.48
7182000,2252626.28,1012697.57
7182900,2221073.27,999553.16
7183800,2199613.95,986329.74
7184700,2194782.99,951378.85
7185600,2208955.08,944047.03
7186500,2194826.29,919944.21
7187400,2303238.01,935026.7
7188300,2248243.84,952350.77
7189200,2264237.64,946501.92
7190100,2228857.54,972492.19
7191000,2242880.77,959264.56
7191900,2241726.38,911757.57
7192800,2316241.79,995085.39
7193700,2254199.25,918292.42
7194600,2270716.83,943849.0
7195500,2308397.92,966701.84
7196400,2305981.29,962168.33
7197300,2278418.24,943813.29
7198200,2281579.38,951953.52
7199100,2314852.66,950892.43
7200000,2321343.02,965052.8
7200900,2357332.4,1041161.41
7201800,2444276.92,997645.11
7202700,2314438.75,982000.95
7203600,2416627.35,989907.07
7204500,2278848.27,975063.54
7205400,2289732.42,968904.79
7206300,2293027.77,929108.73
7207200,2434578.28,992757.84
7208100,2316050.9,934213.35
7209000,2278638.7,954091.74
7209900,2304796.42,974825.5
7210800,2297183.62,965167.79
7211700,2337840.55,1036699.95
7212600,2337693.33,953196.26
7213500,2278734.56,924599.3
7214400,2288000.34,986188.75
7215300,2260585.14,983615.02
7216200,2287533.97,1009993.29
7217100,2239973.97,975588.32
7218000,2284826.11,951620.0
7218900,2262188.96,939773.07
7219800,2253074.07,935245.97
7220700,2258556.98,940492.03
7221600,2275046.36,976731.63
7222500,2216505.98,943658.84
7223400,2207527.31,941451.23
7224300,2213804.17,981644.62
7225200,2274923.31,1011174.22
7226100,2255744.11,991819.52
7227000,2177442.9,938953.58
7227900,2178618.07,975437.81
7228800,2183496.64,977174.84
7229700,2157517.18,980440.98
7230600,2203225.98,1008470.95
7231500,2195613.37,996765.38
7232400,2202281.52,978385.16
7233300,2193406.31,979048.92
7234200,2196998.47,913880.31
7235100,2133800.9,849123.96
7236000,2174291.02,907168.58
7236900,2163264.04,885138.43
7237800,2139335.17,864247.83
7238700,2173028.5,892822.91
7239600,2155692.44,886233.49
7240500,2139750.18,874678.07
7241400,2115147.95,903193.73
7242300,2123085.21,924793.76
7243200,2136133.67,907581.12
7244100,2130125.15,910068.97
7245000,2084063.23,880408.26
7245900,2080956.02,910532.59
7246800,2114794.1,918266.97
7247700,2041607.21,926412.96
7248600,2044032.81,887958.89
7249500,2036470.64,854176.57
7250400,2069673.25,887319.95
7251300,2044822.08,827152.59
7252200,2036677.46,857791.08
7253100,2040846.5,874414.31
7254000,2145387.73,888872.59
7254900,2045160.19,889034.09
7255800,2032089.11,855780.67
7256700,2049628.23,848309.97
7257600,2066492.8,868066.13
7258500,2051452.42,877212.52
7259400,2046714.75,872627.47
7260300,2070079.19,875526.31
7261200,2084267.85,862820.53
7262100,2088797.42,875329.74
7263000,2056422.45,871083.71
7263900,2145015.75,905578.58
7264800,2130762.08,906048.52
7265700,2091741.67,885526.89
7266600,2139510.86,913742.98
7267500,2138852.87,893878.69
7268400,2163390.38,926030.55
7269300,2128431.06,902656.77
7270200,2131241.09,963365.94
7271100,2167150.63,988250.43
7272000,2144718.57,970866.49
7272900,2135466.71,970046.36
7273800,2101823.73,956776.15
7274700,2135383.76,947640.11
7275600,2173585.78,944478.33
7276500,2113859.53,921131.1
7277400,2139251.5,921074.16
7278300,2129454.35,931995.48
7279200,2140904.02,973882.32
7280100,2175897.77,977161.74
7281000,2143231.84,937402.95
7281900,2161188.9,927650.12
7282800,2178065.92,967207.4
7283700,2241301.03,976851.38
7284600,2152754.24,944177.49
7285500,2148620.0,946618.93
7286400,2219486.21,968660.43
7287300,2147971.34,934635.68
7288200,2188570.31,956530.06
7289100,2172297.64,953725.16
7290000,2191136.99,972584.56
7290900,2145291.5,948966.89
7291800,2156561.19,938382.48
7292700,2202588.96,948246.73
7293600,2195108.0,951544.74
7294500,2160235.75,963045.32
7295400,2156622.16,945333.62
7296300,2160975.13,970300.32
7297200,2147219.79,950073.85
7298100,2131765.5,955214.54
7299000,2148304.05,952695.56
7299900,2145841.64,963090.0
7300800,2168807.37,944241.21
7301700,2143763.31,980995.42
7302600,2145105.38,948185.94
7303500,2159435.67,959085.66
7304400,2158315.52,943296.48
7305300,2188557.86,925913.09
7306200,2151298.92,941029.91
7307100,2152685.21,913837.19
7308000,2190723.27,957213.87
7308900,2186039.43,977260.8
7309800,2183482.09,950510.38
7310700,2171105.99,956334.41
7311600,2172683.35,986399.05
7312500,2162243.32,962288.36
7313400,2165314.0,954201.69
7314300,2180736.88,977230.68
7315200,2163928.89,973433.9
7316100,2156459.75,977093.08
7317000,2132378.17,967723.75
7317900,2176819.24,980441.44
7318800,2167689.42,975545.1
7319700,2135274.08,976925.45
7320600,2117609.07,970400.02
7321500,2159589.48,911105.99
7322400,2159446.84,877766.05
7323300,2126167.24,878203.77
7324200,2118447.69,851742.46
7325100,2094479.28,859639.89
7326000,2151268.07,868411.83
7326900,2172773.99,902451.87
7327800,2118062.81,884330.38
7328700,2057324.8,844869.05
7329600,2096537.75,872174.1
7330500,2112343.14,895677.61
7331400,2073645.72,897527.25
7332300,2057169.53,897347.81
7333200,2049212.95,883261.6
7334100,2058118.74,885147.31
7335000,2060492.89,887112.4
7335900,2038398.93,883681.46
7336800,2035508.15,887646.7
7337700,2060936.0,906377.38
7338600,2083028.96,921970.64
7339500,2075044.56,923961.73
7340400,2115369.05,932494.81
7341300,2116676.79,944754.55
7342200,2060911.56,920874.94
7343100,2053370.82,897099.43
7344000,2037684.81,906486.05
7344900,2033667.02,911280.21
7345800,2080523.71,947647.25
7346700,2027398.96,893265.47
7347600,2059711.94,910721.74
7348500,2046454.38,890767.91
7349400,2052881.65,898076.66
7350300,2056265.62,891882.66
7351200,2071248.6,885992.07
7352100,2059496.98,906805.3
7353000,2207021.03,953254.49
7353900,2135369.66,944132.17
7354800,2125865.84,928723.3
7355700,2114562.84,938287.17
7356600,2115228.15,934203.28
7357500,2088737.0,929897.37
7358400,2140047.73,988620.3
7359300,2087473.21,909315.49
7360200,2078534.55,928836.18
7361100,2102273.71,937275.33
7362000,2120307.95,934560.15
7362900,2118972.66,959605.22
7363800,2043811.98,928631.93
7364700,2087654.94,969502.81
7365600,2078402.89,973750.67
7366500,2051044.83,923826.14
7367400,2068491.39,956201.48
7368300,2080672.67,936904.82
7369200,2316862.98,1199261.35
7370100,2645961.27,1287511.78
7371000,2440617.55,1205888.4
7371900,2485016.97,1201087.65
7372800,2444232.06,1250466.52
7373700,2437086.0,1216169.4
7374600,2539959.32,1220785.58
7375500,2519642.76,1208557.62
7376400,2524773.28,1195686.68
7377300,2399218.96,1204089.94
7378200,2386388.85,1189284.67
7379100,2507439.51,1192778.14
7380000,2558234.53,1247434.94
7380900,2437083.25,1189217.74
7381800,2446483.52,1168871.7
7382700,2489672.88,1240545.96
7383600,2514347.53,1216842.32
7384500,2508452.0,1250175.38
7385400,2528734.22,1218134.22
7386300,2545869.6,1258310.3
7387200,2548147.52,1257970.92
7388100,2515613.43,1199304.29
7389000,2530636.78,1237593.11
7389900,2554958.59,1240831.05
7390800,2582793.55,1203291.5
7391700,2537270.23,1147648.41
7392600,2553269.07,1182834.32
7393500,2531505.25,1174629.27
7394400,2544050.99,1180419.43
7395300,2534630.68,1206218.44
7396200,2577347.99,1217503.23
7397100,2612212.01,1222771.09
7398000,2547816.65,1214764.8
7398900,2469462.16,1150690.89
7399800,2532341.58,1187685.52
7400700,2522594.88,1198678.07
7401600,2574430.48,1217737.88
7402500,2507340.09,1213367.34
7403400,2504632.6,1204463.1
7404300,2526681.98,1229624.27
7405200,2509179.02,1228881.32
7406100,2471114.04,1197780.3
7407000,2461604.28,1199738.43
7407900,2464669.28,1156691.16
7408800,2459081.91,1097321.14
7409700,2376190.52,1051770.36
7410600,2380371.55,1040323.79
7411500,2381734.31,1051610.6
7412400,2435810.21,1104264.59
7413300,2376818.21,1083105.83
7414200,2367888.61,1030151.92
7415100,2356694.0,1086069.95
7416000,2312141.51,1031875.4
7416900,2308570.4,1041244.81
7417800,2317114.2,1040112.12
7418700,2239191.28,1018133.97
7419600,2274316.68,1068844.57
7420500,2244232.91,1023129.36
7421400,2264936.46,1032615.69
7422300,2221103.85,1001241.3
7423200,2271918.0,1059112.7
7424100,2256625.85,1056678.31
7425000,2255498.38,1054023.47
7425900,2274903.44,1067475.59
7426800,2273290.19,1103659.33
7427700,2272878.85,1107367.03
7428600,2252117.25,1094162.57
7429500,2268357.79,1093089.11
7430400,2273977.29,1075850.83
7431300,2270150.76,1084649.23
7432200,2250601.87,1070079.35
7433100,2322266.97,1072995.12
7434000,2319011.81,1106451.51
7434900,2359226.72,1120020.63
7435800,2362531.68,1064817.9
7436700,2323214.54,1090902.01
7437600,2359841.86,1099334.11
7438500,2355185.39,1073391.63
7439400,2528020.39,1157781.37
7440300,2483357.85,1115873.29
7441200,2518379.52,1151082.82
7442100,2438167.33,1122203.34
7443000,2506456.88,1192586.98
7443900,2474656.86,1136363.8
7444800,2497148.53,1201095.98
7445700,2465920.26,1221005.04
7446600,2492158.63,1206422.88
7447500,2475688.2,1197228.61
7448400,2482811.83,1161419.04
7449300,2457236.11,1152113.07
7450200,2482089.11,1150800.11
7451100,2471816.16,1133811.77
7452000,2484436.89,1129951.63
7452900,2494721.28,1170102.91
7453800,2485319.55,1171870.61
7454700,2521944.85,1134489.72
7455600,2501800.69,1141151.46
7456500,2530204.93,1154654.85
7457400,2547602.97,1123799.56
7458300,2612681.3,1133233.06
7459200,2510385.04,1157370.67
7460100,2503310.39,1153441.04
7461000,2533036.38,1143580.72
7461900,2531452.88,1173048.98
7462800,2564862.76,1182707.98
7463700,2533518.59,1174946.87
7464600,2507351.07,1136429.9
7465500,2475470.95,1135400.48
7466400,2556093.11,1150698.12
7467300,2484675.02,1133781.83
7468200,2545174.26,1181040.8
7469100,2547705.6,1179341.49
7470000,2558617.86,1204331.91
7470900,2554798.55,1227864.17
7471800,2534800.6,1185574.86
7472700,2559068.12,1237475.46
7473600,2548280.91,1173761.63
7474500,2575595.03,1175534.73
7475400,2562190.52,1175340.27
7476300,2554308.93,1159927.28
7477200,2587412.93,1169410.77
7478100,2571087.43,1115249.63
7479000,2595837.89,1108533.14
7479900,2615416.53,1142428.07
7480800,2621965.94,1118531.98
7481700,2575591.64,1147909.79
7482600,2607630.52,1166017.0
7483500,2568290.41,1131172.21
7484400,2546536.93,1149872.77
7485300,2553308.99,1164654.05
7486200,2568892.55,1164598.85
7487100,2551607.48,1169057.19
7488000,2514226.23,1160682.77
7488900,2515987.52,1167201.97
7489800,2515272.77,1175631.32
7490700,2520815.83,1164643.71
7491600,2597158.26,1216007.26
7492500,2541387.91,1136748.23
7493400,2453862.67,1117519.68
7494300,2464632.2,1109600.37
7495200,2460808.41,1092149.69
7496100,2468218.69,1120497.07
7497000,2423009.77,1110166.53
7497900,2419437.84,1110634.0
7498800,2417812.87,1096157.5
7499700,2405171.54,1047410.89
7500600,2374902.28,1064899.29
7501500,2316296.91,990954.16
7502400,2319659.36,985290.16
7503300,2332768.62,1002666.05
7504200,2305092.96,1010382.66
7505100,2268869.29,964545.87
7506000,2301023.8,988619.57
7506900,2263987.52,975038.36
7507800,2271391.02,986894.17
7508700,2278413.39,994273.96
7509600,2279986.91,1013189.48
7510500,2259165.44,1000924.53
7511400,2281716.61,1024651.98
7512300,2287084.72,1049320.77
7513200,2282529.97,1046340.0
7514100,2270488.22,1025190.58
7515000,2300881.26,1048710.85
7515900,2310562.59,1053574.13
7516800,2374541.38,1117439.39
7517700,2349900.05,1136928.96
7518600,2346702.58,1121364.9
7519500,2401813.93,1124734.59
7520400,2403315.95,1131366.67
7521300,2433527.34,1096200.9
7522200,2427792.11,1126590.36
7523100,2421042.39,1102963.53
7524000,2374938.81,1069207.76
7524900,2369714.36,1103324.07
7525800,2441467.16,1124137.76
7526700,2455773.38,1124353.45
7527600,2430435.33,1127406.01
7528500,2454322.63,1212297.09
7529400,2483879.52,1189237.15
7530300,2439694.89,1202725.71
7531200,2458703.61,1205989.84
7532100,2432426.61,1169048.13
7533000,2442922.49,1188853.55
7533900,2421007.23,1188702.21
7534800,2396234.71,1158299.47
7535700,2396021.48,1204318.27
7536600,2394339.29,1190938.02
7537500,2397465.82,1215449.25
7538400,2391940.25,1221372.34
7539300,2382839.08,1210429.78
7540200,2364562.5,1201968.93
7541100,2371235.78,1204955.66
7542000,2382445.59,1218228.7
7542900,2353995.03,1159928.56
7543800,2380436.37,1164268.8
7544700,2438810.94,1200004.03
7545600,2378402.89,1184966.67
7546500,2376284.45,1166897.19
7547400,2382766.75,1180942.84
7548300,2379340.03,1183528.75
7549200,2402707.67,1186500.55
7550100,2353843.05,1144199.07
7551000,2391397.16,1154475.04
7551900,2398980.19,1163477.69
7552800,2458893.22,1172391.08
7553700,2495855.62,1180994.66
7554600,2477059.2,1187365.54
7555500,2441507.08,1140196.75
7556400,2458059.81,1141112.27
7557300,2460133.76,1154410.68
7558200,2498339.26,1193052.52
7559100,2496603.15,1182999.11
7560000,2518177.0,1206089.81
7560900,2505618.26,1192109.89
7561800,2552244.42,1183510.44
7562700,2485378.05,1151023.59
7563600,2533103.49,1155124.6
7564500,2507511.29,1130023.04
7565400,2537530.52,1147128.57
7566300,2544366.67,1160947.81
7567200,2565596.47,1164363.37
7568100,2538399.17,1228361.21
7569000,2528863.86,1175600.01
7569900,2547310.64,1235484.47
7570800,2505847.05,1162854.22
7571700,2475164.7,1163059.48
7572600,2498846.19,1209461.06
7573500,2473026.21,1191684.81
7574400,2488465.85,1160029.54
7575300,2462173.28,1170516.91
7576200,2454516.45,1182833.31
7577100,2491529.66,1226117.61
7578000,2457751.92,1170409.52
7578900,2486921.17,1132915.37
7579800,2436819.03,1064699.07
7580700,2438743.84,1021584.5
7581600,2410940.73,1029184.2
7582500,2400677.58,1043918.79
7583400,2357227.94,994855.96
7584300,2373980.71,1027831.6
7585200,2373889.71,1040005.28
7586100,2340792.21,1061546.54
7587000,2309126.86,1047585.57
7587900,2309794.37,1040447.39
7588800,2334470.03,1056308.72
7589700,2316569.37,1050642.33
7590600,2283772.98,1046698.97
7591500,2271488.16,1059585.21
7592400,2301437.53,1111646.67
7593300,2269770.9,1067989.38
7594200,2281916.02,1070884.09
7595100,2283245.36,1103277.47
7596000,2338574.34,1114009.37
7596900,2271881.65,1029172.85
7597800,2251774.57,1007014.25
7598700,2268988.86,1036571.32
7599600,2326707.82,1055355.29
7600500,2249722.41,1016942.23
7601400,2314249.79,1063276.25
7602300,2336582.61,1055986.54
7603200,2321733.31,1057352.33
7604100,2302174.35,1050102.36
7605000,2305477.2,1036671.39
7605900,2350208.31,1058885.19
7606800,2348652.56,1023160.49
7607700,2405528.5,1053601.5
7608600,2460449.43,1072577.36
7609500,2387139.5,1011602.6
7610400,2371703.8,1025765.81
7611300,2379903.35,1029691.77
7612200,2428613.34,1055101.04
7613100,2459192.78,1058854.8
7614000,2387128.88,1018692.26
7614900,2404094.24,1059950.41
7615800,2463023.16,1102550.54
7616700,2442882.48,1088538.85
7617600,2454288.3,1120842.32
7618500,2456936.92,1114548.34
7619400,2441468.35,1144483.06
7620300,2427463.44,1123728.7
7621200,2441831.82,1211327.0
7622100,2403025.54,1173509.77
7623000,2356638.24,1108978.64
7623900,2453102.42,1163161.29
7624800,2336683.69,1135630.37
7625700,2348190.86,1153080.23
7626600,2349681.98,1132694.92
7627500,2364593.99,1153031.52
7628400,2372391.08,1152697.81
7629300,2339711.15,1104386.26
7630200,2391773.62,1199809.66
7631100,2348032.01,1142052.25
7632000,2341683.75,1142796.84
7632900,2384533.72,1180373.11
7633800,2385112.06,1143702.39
7634700,2352248.02,1169887.66
7635600,2382197.48,1149790.01
7636500,2366286.44,1207156.68
7637400,2378695.4,1146127.26
7638300,2368710.94,1135079.5
7639200,2392889.74,1157501.86
7640100,2353413.12,1085545.9
7641000,2358208.47,1107323.27
7641900,2458617.65,1147631.56
7642800,2425537.35,1170221.65
7643700,2451867.19,1153023.1
7644600,2417579.5,1136191.68
7645500,2451142.73,1153735.2
7646400,2413307.65,1090319.0
7647300,2430374.36,1084467.86
7648200,2451754.03,1084446.72
7649100,2480222.26,1072955.66
7650000,2513881.99,1087106.69
7650900,2521341.43,1114473.82
7651800,2476486.91,1071460.42
7652700,2514196.93,1048288.79
7653600,2585881.07,1122762.27
7654500,2485586.79,1128924.41
7655400,2503682.28,1145969.24
7656300,2518331.27,1125054.84
7657200,2491128.66,1120102.66
7658100,2465195.16,1111377.41
7659000,2470378.78,1085060.21
7659900,2518380.89,1121474.3
7660800,2488956.67,1122283.26
7661700,2490675.11,1140796.69
7662600,2453919.34,1110690.77
7663500,2450823.49,1144038.21
7664400,2518197.88,1182128.27
7665300,2447745.76,1112410.86
7666200,2472696.17,1112412.41
7667100,2473818.42,1102765.87
7668000,2470121.06,1124852.23
7668900,2395021.36,1128880.55
7669800,2393014.07,1012751.04
7670700,2375630.95,1036153.75
7671600,2403528.72,1060166.84
7672500,2380700.87,1072946.96
7673400,2315446.84,987650.57
7674300,2314411.29,1026532.75
7675200,2424449.62,1094717.29
7676100,2320025.57,1018128.85
7677000,2333210.91,1063974.43
7677900,2314888.92,1024472.26
7678800,2286036.71,983341.0
7679700,2284186.34,1009977.54
7680600,2329720.55,1027039.76
7681500,2291893.43,1029941.16
7682400,2339744.2,1082422.12
7683300,2271447.78,1001009.12
7684200,2286651.86,1015548.16
7685100,2282704.65,1021321.47
7686000,2255345.86,926393.65
7686900,2294106.45,974490.6
7687800,2275637.05,976630.74
7688700,2292912.23,947568.6
7689600,2286125.61,936140.17
7690500,2289998.66,946311.4
7691400,2367662.66,960079.83
7692300,2359908.78,995964.29
7693200,2358072.97,983699.34
7694100,2408700.16,1019969.88
7695000,2427938.32,1068748.17
7695900,2441543.52,1085641.2
7696800,2448304.32,1044834.05
7697700,2424715.58,1009465.67
7698600,2506065.86,1045212.43
7699500,2521416.78,1050820.77
7700400,2523891.45,1092713.2
7701300,2483284.15,1086604.8
7702200,2584978.09,1156734.83
7703100,2527814.94,1099129.49
7704000,2627404.63,1183168.3
7704900,2597662.81,1170780.76
7705800,2545857.33,1212881.56
7706700,2503308.93,1167510.77
7707600,2520832.03,1192335.94
7708500,2517913.15,1232703.0
7709400,2551080.05,1220849.21
7710300,2549202.21,1252704.35
7711200,2543895.72,1205248.63
7712100,2515221.5,1245820.5
7713000,2532243.35,1159146.15
7713900,2502149.05,1189920.41
7714800,2563577.18,1207310.21
7715700,2483669.68,1177738.59
7716600,2490509.31,1176971.28
7717500,2539461.27,1197385.53
7718400,2507292.39,1181822.02
7719300,2502900.15,1169660.71
7720200,2518465.21,1191082.4
7721100,2545496.06,1205721.41
7722000,2570943.79,1194998.84
7722900,2578717.99,1226617.95
7723800,2514108.95,1147006.99
7724700,2539609.31,1178670.41
7725600,2542818.97,1178109.1
7726500,2541735.63,1134274.75
7727400,2526163.88,1165204.38
7728300,2562671.17,1179193.45
7729200,2604720.79,1170054.29
7730100,2604973.94,1170881.01
7731000,2614138.37,1182624.02
7731900,2597255.31,1175654.57
7732800,2616728.76,1189009.83
7733700,2607610.57,1192587.71
7734600,2611835.82,1164323.18
7735500,2589547.67,1167056.85
7736400,2631120.57,1160109.1
7737300,2624328.0,1144083.98
7738200,2648713.99,1122634.09
7739100,2649803.74,1125481.02
7740000,2667213.04,1124541.5
7740900,2590044.62,1138205.47
7741800,2663806.73,1214611.18
7742700,2620004.43,1222300.78
7743600,2571502.72,1167890.99
7744500,2569144.78,1160985.17
7745400,2591663.64,1214282.23
7746300,2542074.74,1154862.58
7747200,2594794.19,1185156.28
7748100,2533875.73,1152672.55
7749000,2598602.97,1235730.47
7749900,2551515.93,1187583.62
7750800,2592151.79,1193984.25
7751700,2485774.66,1131312.47
7752600,2497219.94,1101758.15
7753500,2573706.12,1130844.09
7754400,2477095.28,1105524.72
7755300,2479534.15,1097915.41
7756200,2435904.69,1079799.41
7757100,2483161.1,1144801.3
7758000,2390831.91,1065631.16
7758900,2387735.87,1117142.58
7759800,2314821.99,1060296.94
7760700,2355520.29,1086190.98
7761600,2389251.8,1104230.53
7762500,2373155.55,1069520.42
7763400,2299055.69,1036363.77
7764300,2308329.62,1062898.41
7765200,2319770.23,1089956.36
7766100,2323098.72,1080926.33
7767000,2274691.96,1091752.08
7767900,2293810.09,969390.93
7768800,2327482.64,976809.27
7769700,2274285.74,981744.23
7770600,2286627.87,953122.01
7771500,2292040.65,983218.96
7772400,2247591.52,935925.02
7773300,2287133.06,981047.52
7774200,2307705.23,996162.41
7775100,2284550.72,977908.36
7776000,2284288.06,960151.98
7776900,2300224.37,967350.31
7777800,2301863.98,979349.3
7778700,2318408.11,943361.02
7779600,2362555.85,970172.52
7780500,2374918.3,1021450.2
7781400,2425179.66,1040470.09
7782300,2421800.81,1027880.49
7783200,2494813.75,1068101.99
7784100,2416606.2,1011350.56
7785000,2471222.26,1035048.71
7785900,2533650.79,1092283.36
7786800,2544827.09,1068772.06
7787700,2537873.66,1167911.5
7788600,2538747.99,1188491.73
7789500,2584970.76,1169813.96
7790400,2553870.21,1172099.95
7791300,2596968.57,1235807.01
7792200,2544916.63,1203152.71
7793100,2524263.89,1177679.08
7794000,2503911.62,1169463.5
7794900,2582160.46,1229470.64
7795800,2541000.82,1216127.47
7796700,2491863.37,1155508.85
7797600,2520742.22,1237638.61
7798500,2528081.27,1225720.37
7799400,2558977.66,1165757.35
7800300,2558724.33,1134841.28
7801200,2561251.46,1179501.07
7802100,2558133.73,1173666.32
7803000,2566678.71,1189310.12
7803900,2596769.53,1184823.03
7804800,2549882.35,1144370.0
7805700,2584731.26,1236346.8
7806600,2632275.6,1248704.96
7807500,2591848.66,1190472.56
7808400,2603261.08,1225039.67
7809300,2557111.36,1200486.51
7810200,2610275.57,1185690.49
7811100,2600475.95,1232939.67
7812000,2569077.39,1184418.27
7812900,2609393.01,1202556.34
7813800,2580285.83,1214381.65
7814700,2579610.72,1192608.03
7815600,2559731.05,1156360.29
7816500,2564738.8,1162350.22
7817400,2558260.07,1181007.84
7818300,2557627.81,1149258.91
7819200,2584931.76,1181440.06
7820100,2596829.32,1167804.47
7821000,2574169.46,1172575.74
7821900,2606829.8,1179852.36
7822800,2649356.14,1170702.21
7823700,2614065.67,1109821.11
7824600,2633702.27,1082053.16
7825500,2627576.39,1124379.09
7826400,2613616.7,1156955.11
7827300,2614945.68,1163472.84
7828200,2573490.69,1182997.56
7829100,2604022.8,1169800.32
7830000,2602290.25,1188637.3
7830900,2590114.93,1211980.87
7831800,2589377.75,1197921.94
7832700,2575577.45,1208794.19
7833600,2577187.13,1195502.84
7834500,2582866.7,1233555.36
7835400,2654096.19,1256475.13
7836300,2597391.72,1209214.97
7837200,2565779.48,1226876.59
7838100,2491473.72,1145331.12
7839000,2549590.21,1178151.21
7839900,2535512.7,1158566.89
7840800,2488209.5,1165530.49
7841700,2480671.51,1158984.83
7842600,2471914.4,1097372.86
7843500,2439557.83,1074705.14
7844400,2419989.26,1082674.99
7845300,2385191.8,1042178.56
7846200,2377863.01,1048488.01
7847100,2341717.16,1003593.29
7848000,2365136.81,995899.84
7848900,2333761.23,1006550.99
7849800,2289611.57,984932.37
7850700,2283893.19,975419.04
7851600,2267561.28,986689.73
7852500,2261406.37,1012638.43
7853400,2295588.68,1023328.22
7854300,2282219.06,1016823.67
7855200,2298627.14,1051298.95
7856100,2311871.52,1125264.95
7857000,2318406.56,1052891.05
7857900,2278445.07,1006175.17
7858800,2300673.43,1033958.77
7859700,2258503.97,1057263.15
7860600,2277679.69,1020554.53
7861500,2276640.66,1043969.33
7862400,2319215.42,1057726.87
7863300,2337538.88,1081998.5
7864200,2376443.66,1053868.01
7865100,2310262.94,1000741.79
7866000,2371539.18,1052596.34
7866900,2332918.12,1000215.09
7867800,2432953.67,1061947.81
7868700,2409210.94,1057044.16
7869600,2476914.46,1135048.92
7870500,2402627.47,1057412.84
7871400,2476279.08,1083906.19
7872300,2497815.49,1092035.98
7873200,2499125.79,1055400.15
7874100,2541587.22,1055802.7
7875000,2573923.46,1159617.46
7875900,2534908.91,1133015.81
7876800,2602130.31,1200273.01
7877700,2565098.69,1218089.54
7878600,2532109.13,1209711.36
7879500,2576690.37,1209376.92
7880400,2560602.36,1208784.94
7881300,2620844.88,1275281.71
7882200,2534656.59,1190266.66
7883100,2540370.48,1190442.99
7884000,2533667.08,1175254.67
7884900,2540789.61,1191000.18
7885800,2570398.59,1203341.13
7886700,2562698.36,1172445.28
7887600,2586216.16,1177207.95
7888500,2599923.43,1224121.22
7889400,2537432.74,1188654.33
7890300,2559369.96,1166188.75
7891200,2607928.71,1172195.8
7892100,2586480.93,1217942.05
7893000,2594047.39,1194479.28
7893900,2579733.03,1206716.4
7894800,2574617.71,1216855.04
7895700,2550783.33,1229109.28
7896600,2577794.13,1251529.45
7897500,2542710.48,1204769.9
7898400,2581855.96,1218876.89
7899300,2551802.58,1211268.86
7900200,2577868.56,1244845.92
7901100,2570250.55,1187125.12
7902000,2547874.6,1200746.98
7902900,2576485.2,1230287.38
7903800,2550946.11,1212161.22
7904700,2620646.3,1233666.05
7905600,2587051.57,1252235.41
7906500,2552956.33,1203369.51
7907400,2561538.85,1225312.23
7908300,2576500.49,1222774.75
7909200,2578112.37,1175778.08
7910100,2576881.35,1154038.79
7911000,2583325.65,1154736.15
7911900,2586253.42,1147855.87
7912800,2607558.11,1200798.07
7913700,2558386.23,1200928.16
7914600,2551772.92,1197816.38
7915500,2549579.96,1183263.43
7916400,2576325.26,1222785.28
7917300,2531027.89,1231182.5
7918200,2544315.77,1210134.89
7919100,2545813.29,1232288.27
7920000,2535406.68,1229024.51
7920900,2519125.4,1242996.64
7921800,2516623.9,1226235.9
7922700,2571490.45,1211473.11
7923600,2540724.61,1190343.84
7924500,2468861.85,1149889.43
7925400,2498223.63,1172963.01
7926300,2509700.04,1124760.31
7927200,2451397.34,1050521.39
7928100,2444698.61,1061138.49
7929000,2395011.75,1053561.86
7929900,2407964.54,1072930.3
7930800,2482186.34,1096051.21
7931700,2385887.15,1085925.48
7932600,2375962.74,1022463.68
7933500,2361541.17,1063151.0
7934400,2342842.99,1050612.95
7935300,2387004.91,1049354.37
7936200,2319701.84,1025601.93
7937100,2291285.52,1018056.43
7938000,2303183.72,1003991.82
7938900,2243603.3,990655.43
7939800,2371852.39,1046451.05
7940700,2267364.07,1013786.87
7941600,2283829.56,1015899.08
7942500,2314154.11,1055247.34
7943400,2282667.94,978937.68
7944300,2300319.03,1024948.15
7945200,2321062.96,1051548.25
7946100,2298806.85,1050130.55
7947000,2285835.02,1040306.03
7947900,2317282.2,1041059.97
7948800,2384001.8,1059367.13
7949700,2324677.83,1019307.04
7950600,2298891.91,1023300.02
7951500,2343862.34,1044431.85
7952400,2348895.17,1029260.93
7953300,2425000.12,1098718.23
7954200,2436460.33,1105672.67
7955100,2417265.56,1071427.92
7956000,2438135.1,1066456.88
7956900,2451667.6,1101378.2
7957800,2517414.64,1133720.4
7958700,2503370.18,1127332.49
7959600,2501691.93,1105279.17
7960500,2506618.47,1135297.58
7961400,2547357.51,1186180.94
7962300,2544149.6,1213748.57
7963200,2526453.37,1162609.22
7964100,2498186.28,1181155.98
7965000,2548605.29,1206493.29
7965900,2534759.4,1204051.12
7966800,2489559.63,1201851.56
7967700,2440230.65,1181208.98
7968600,2496777.28,1241776.89
7969500,2498949.19,1176925.6
7970400,2488402.04,1171953.64
7971300,2534113.68,1185512.05
7972200,2555041.53,1148680.3
7973100,2553414.09,1167451.9
7974000,2533756.26,1175130.71
7974900,2512839.66,1154514.59
7975800,2494893.95,1179058.41
7976700,2518552.19,1196723.88
7977600,2592417.94,1195075.01
7978500,2535843.29,1201215.18
7979400,2531047.58,1170575.32
7980300,2546858.92,1164334.53
7981200,2485756.35,1164135.31
7982100,2481462.8,1168591.0
7983000,2483751.53,1163706.85
7983900,2501387.7,1160934.27
7984800,2565465.18,1175674.99
7985700,2486353.64,1178186.74
7986600,2529451.08,1203010.07
7987500,2531502.41,1190050.51
7988400,2558087.77,1188027.1
7989300,2496780.03,1130706.48
7990200,2503786.65,1131798.52
7991100,2550697.54,1157070.83
7992000,2548268.83,1158209.56
7992900,2601638.58,1161043.58
7993800,2590207.21,1177644.2
7994700,2555957.43,1140333.53
7995600,2669633.24,1138082.15
7996500,2572045.9,1076051.33
7997400,2585897.64,1089812.9
7998300,2616126.25,1131482.3
7999200,2627355.47,1120085.54
8000100,2569576.81,1159905.3
8001000,2599864.38,1191800.72
8001900,2637446.41,1168687.59
8002800,2584322.3,1195398.83
8003700,2559073.33,1193811.49
8004600,2568536.32,1205025.97
8005500,2582484.38,1199562.01
8006400,2604941.07,1211105.44
8007300,2636816.35,1219610.23
8008200,2541656.98,1182483.86
8009100,2546458.47,1193894.44
8010000,2559521.21,1212842.74
8010900,2522364.17,1182589.6
8011800,2501337.07,1059608.18
8012700,2444672.15,1036276.43
8013600,2488500.73,1099594.3
8014500,2430078.92,1083274.66
8015400,2401297.12,1072297.67
8016300,2415670.53,1047890.35
8017200,2407350.59,1037236.18
8018100,2372704.74,1024165.65
8019000,2396027.07,1081919.31
8019900,2343647.64,1012407.71
8020800,2339512.48,994365.78
8021700,2304902.34,944448.3
8022600,2333733.95,1005231.08
8023500,2303521.91,956051.42
8024400,2298182.46,981769.87
8025300,2303201.66,1008156.1
8026200,2314579.74,1004400.79
8027100,2336373.14,1023351.29
8028000,2343555.73,1029771.7
8028900,2340234.1,998157.35
8029800,2315856.54,1039100.74
8030700,2266018.71,1004959.44
8031600,2342972.26,1122266.78
8032500,2310342.59,1114742.52
8033400,2307894.01,1101062.81
8034300,2363978.12,1125516.63
8035200,2385762.45,1108667.08
8036100,2329472.26,1076108.28
8037000,2377690.43,1095441.19
8037900,2422611.42,1094616.12
8038800,2382487.98,1112273.62
8039700,2404500.92,1074696.99
8040600,2418997.65,1098482.57
8041500,2419529.85,1091782.01
8042400,2467182.04,1105341.71
8043300,2459516.51,1112361.33
8044200,2530863.37,1123565.83
8045100,2512651.06,1111035.46
8046000,2520401.28,1126811.92
8046900,2664914.25,1186675.6
8047800,2696228.21,1243359.19
8048700,2579670.23,1220678.01
8049600,2575245.12,1213510.25
8050500,2567568.79,1217031.46
8051400,2613469.21,1209017.3
8052300,2604080.66,1215202.42
8053200,2583649.93,1200687.56
8054100,2595813.45,1198567.57
8055000,2648293.3,1234970.76
8055900,2633551.67,1181199.92
8056800,2682095.49,1165455.78
8057700,2669501.68,1197460.6
8058600,2688773.16,1228230.1
8059500,2639020.57,1189627.62
8060400,2637993.8,1196773.13
8061300,2650294.01,1200314.03
8062200,2777580.23,1257641.33
8063100,2613280.33,1253322.14
8064000,2657369.66,1253978.76
8064900,2772188.78,1193150.12
8065800,2771951.02,1259243.5
8066700,2799634.19,1194702.76
8067600,2734318.18,1203447.69
8068500,2793041.2,1174708.47
8069400,2784273.1,1207429.05
8070300,2772125.15,1171974.43
8071200,2740138.37,1193303.01
8072100,2648225.83,1196964.2
8073000,2761448.55,1241638.55
8073900,2715584.29,1229502.59
8074800,2736071.41,1186427.4
8075700,2698040.22,1175653.11
8076600,2735360.41,1214606.51
8077500,2771040.07,1149615.97
8078400,2758147.06,1242595.92
8079300,2697629.61,1166399.51
8080200,2794224.33,1166114.04
8081100,2694871.31,1186060.46
8082000,2711291.66,1162314.79
8082900,2723979.4,1158420.04
8083800,2683997.68,1126137.18
8084700,2680291.35,1106959.99
8085600,2708375.61,1166760.22
8086500,2675405.36,1144251.16
8087400,2669427.34,1167977.23
8088300,2661947.2,1170311.92
8089200,2651994.32,1164571.01
8090100,2634301.03,1153913.73
8091000,2654919.8,1142535.1
8091900,2617075.01,1152322.36
8092800,2607220.55,1153536.25
8093700,2616525.51,1172918.06
8094600,2642172.27,1164609.74
8095500,2633597.44,1158147.03
8096400,2653539.37,1171410.37
8097300,2658397.71,1172255.04
8098200,2538936.68,1027278.72
8099100,2716619.2,1122826.81
8100000,2578330.26,1108736.94
8100900,2547030.76,1099315.8
8101800,2549467.8,1091540.77
8102700,2486103.52,1095877.17
8103600,2543453.34,1107629.52
8104500,2482728.33,1141000.58
8105400,2429764.98,1052848.57
8106300,2436002.11,1068843.2
8107200,2449683.75,1089095.03
8108100,2426795.01,1107300.75
8109000,2353580.47,1027767.79
8109900,2410939.82,1089485.78
8110800,2390107.73,1071407.14
8111700,2381374.97,1110389.56
8112600,2374549.07,1112958.44
8113500,2337835.42,1074798.16
8114400,2362401.86,1110154.72
8115300,2367617.07,1119513.98
8116200,2383219.02,1141513.09
8117100,2329252.35,1128791.93
8118000,2335022.0,1115727.91
8118900,2306676.09,1058882.08
8119800,2338564.64,1061744.93
8120700,2348414.98,1091839.87
8121600,2343473.05,1055147.55
8122500,2344898.44,1061017.18
8123400,2350672.03,1040097.93
8124300,2356517.21,1043289.0
8125200,2381319.31,1050563.23
8126100,2356379.52,1043113.59
8127000,2400459.05,1062557.46
8127900,2377131.23,1027768.8
8128800,2397827.18,1044027.83
8129700,2407980.47,1119009.16
8130600,2503125.27,1133291.75
8131500,2433504.18,1088715.36
8132400,2506189.27,1170929.35
8133300,2427054.11,1129618.01
8134200,2503193.66,1224681.06
8135100,2460321.35,1164000.55
8136000,2523362.82,1181532.81
8136900,2448035.98,1178128.69
8137800,2476540.74,1201439.67
8138700,2459743.38,1232863.95
8139600,2475349.0,1248956.63
8140500,2455372.1,1220954.13
8141400,2482243.47,1211553.59
8142300,2392216.0,1199722.87
8143200,2465112.67,1261119.87
8144100,2460981.99,1190184.45
8145000,2421572.2,1160797.76
8145900,2419589.08,1155405.21
8146800,2499662.84,1222466.49
8147700,2407988.25,1163698.24
8148600,2429635.53,1155048.8
8149500,2440835.27,1164988.22
8150400,2483164.86,1178321.32
8151300,2496752.66,1205723.69
8152200,2484494.29,1189089.84
8153100,2527986.6,1174852.66
8154000,2531172.73,1203574.68
8154900,2473972.05,1175732.94
8155800,2523157.65,1165965.18
8156700,2511281.52,1149533.2
8157600,2571202.06,1210507.42
8158500,2516426.42,1192282.75
8159400,2570370.94,1253590.76
8160300,2572941.65,1211962.01
8161200,2544641.42,1201682.83
8162100,2520298.28,1175249.63
8163000,2563417.88,1206876.16
8163900,2526404.3,1208383.3
8164800,2586230.99,1175874.66
8165700,2514559.75,1199167.97
8166600,2540100.22,1189171.14
8167500,2570654.75,1215813.35
8168400,2623742.43,1191799.44
8169300,2561579.13,1143039.64
8170200,2627458.65,1162271.21
8171100,2619835.42,1210788.57
8172000,2572587.8,1175218.96
8172900,2627703.55,1263076.35
8173800,2572435.09,1233465.0
8174700,2589302.95,1210958.5
8175600,2578706.27,1213668.55
8176500,2549906.52,1219171.88
8177400,2527876.56,1166932.16
8178300,2527518.77,1203949.86
8179200,2551473.72,1222471.44
8180100,2503016.05,1156269.93
8181000,2508527.16,1079477.42
8181900,2489803.62,1071761.72
8182800,2572417.51,1164429.75
8183700,2477499.94,1077893.19
8184600,2536580.38,1095552.8
8185500,2532712.74,1113430.11
8186400,2481414.46,1101954.99
8187300,2498883.0,1129543.21
8188200,2514462.71,1119908.75
8189100,2466575.59,1159986.79
8190000,2518879.3,1203217.07
8190900,2413624.6,1132436.46
8191800,2420296.69,1060327.7
8192700,2463545.84,1232545.99
8193600,2435085.94,1151354.19
8194500,2371038.39,1117213.35
8195400,2365622.04,1115509.28
8196300,2326264.43,1107506.29
8197200,2334940.8,1114702.61
8198100,2329499.36,1121034.85
8199000,2348800.96,1069396.18
8199900,2302398.65,1020175.78
8200800,2354739.72,1047854.64
8201700,2314859.8,1026162.05
8202600,2374427.12,1086054.93
8203500,2339593.41,1119303.86
8204400,2345510.28,1077311.74
8205300,2316836.88,1089828.92
8206200,2315737.7,1064213.29
8207100,2343473.05,1100497.47
8208000,2327755.0,1087282.47
8208900,2361141.91,1110011.35
8209800,2339091.98,1046468.35
8210700,2373793.76,1085292.02
8211600,2400731.41,1105861.27
8212500,2398007.45,1093462.55
8213400,2467005.98,1133002.44
8214300,2466441.19,1084261.23
8215200,2454130.46,1083531.92
8216100,2438035.86,1087885.44
8217000,2451800.35,1078585.33
8217900,2479250.79,1078861.82
8218800,2455087.37,1071320.8
8219700,2482408.08,1106341.55
8220600,2473253.27,1121571.35
8221500,2451873.05,1137883.67
8222400,2467011.11,1135999.24
8223300,2549767.46,1177143.04
8224200,2501978.94,1158267.24
8225100,2464680.45,1130870.09
8226000,2479360.11,1103913.85
8226900,2435012.24,1184181.06
8227800,2509643.01,1181494.26
8228700,2447661.8,1150185.24
8229600,2448483.49,1149397.16
8230500,2475311.55,1123208.04
8231400,2501047.94,1145486.57
8232300,2511887.97,1107608.83
8233200,2489262.63,1142724.52
8234100,2530628.81,1135958.31
8235000,2480461.85,1140469.76
8235900,2537763.15,1138743.99
8236800,2489497.38,1202411.5
8237700,2469837.62,1157819.92
8238600,2499719.24,1154957.52
8239500,2488212.25,1175577.21
8240400,2474456.27,1180314.79
8241300,2522263.92,1122288.02
8242200,2529670.35,1183374.3
8243100,2579671.33,1187916.96
8244000,2532029.02,1182043.4
8244900,2516110.02,1230678.22
8245800,2472232.64,1177773.83
8246700,2490217.62,1209272.0
8247600,2500290.07,1153763.21
8248500,2539107.06,1199160.0
8249400,2500940.83,1142864.41
8250300,2518061.46,1187097.11
8251200,2643147.95,1210394.99
8252100,2506518.31,1136093.17
8253000,2574411.07,1147985.32
8253900,2505944.37,1134396.33
8254800,2649419.68,1121221.44
8255700,2576275.63,1148464.14
8256600,2575083.62,1106264.47
8257500,2547885.5,1102728.88
8258400,2546908.91,1108582.86
8259300,2654395.29,1109002.26
8260200,2542640.44,1099919.49
8261100,2547410.52,1118025.15
8262000,2555680.39,1127457.18
8262900,2517044.68,1114658.66
8263800,2530439.39,1113240.42
8264700,2550792.76,1127692.38
8265600,2520237.21,1128498.05
8266500,2590149.26,1171346.01
8267400,2540373.41,1154491.52
8268300,2540662.81,1186639.16
8269200,2551187.99,1162370.82
8270100,2603051.61,1152527.34
8271000,2488014.04,1123574.71
8271900,2524016.24,1178985.26
8272800,2518679.72,1184920.53
8273700,2480202.03,1172715.18
8274600,2445574.22,1041701.48
8275500,2492998.99,1064854.89
8276400,2504229.49,1077530.46
8277300,2477702.82,1086455.75
8278200,2361727.29,1023517.09
8279100,2399273.16,1049077.33
8280000,2360836.58,1022451.05
8280900,2336191.5,1052753.81
8281800,2338790.86,1022248.54
8282700,2312027.8,992723.05
8283600,2344381.9,1054807.98
8284500,2351089.14,1028911.83
8285400,2398178.47,1009664.98
8286300,2315366.55,988253.91
8287200,2328077.0,1010842.71
8288100,2306605.32,990552.15
8289000,2307148.68,991049.84
8289900,2348368.65,1012467.77
8290800,2323080.23,1005162.6
8291700,2322035.8,1046511.84
8292600,2382511.96,1044143.19
8293500,2398083.62,1047511.69
8294400,2360141.14,1041841.0
8295300,2404028.05,1063455.96
8296200,2385743.68,1078492.68
8297100,2390028.26,1016846.37
8298000,2410274.14,1059059.69
8298900,2444528.32,1035549.41
8299800,2500347.56,1095220.46
8300700,2468363.43,1096167.85
8301600,2463121.31,1117195.4
8302500,2503998.23,1149475.43
8303400,2563058.99,1104316.5
8304300,2552599.18,1087407.99
8305200,2620394.26,1104839.36
8306100,2561607.79,1144384.37
8307000,2728296.84,1161940.34
8307900,2595745.7,1187567.6
8308800,2626589.45,1204472.99
8309700,2680676.51,1238540.68
8310600,2797328.06,1185804.29
8311500,3001239.07,1151802.43
8312400,3066168.09,1262106.9
8313300,3025240.08,1201574.43
8314200,3107937.38,1232350.98
8315100,3200370.12,1316732.39
8316000,3179334.05,1224813.26
8316900,3289504.12,1308479.28
8317800,3173918.33,1193206.6
8318700,3047721.68,1204046.26
8319600,3256611.69,1311290.13
8320500,3161797.3,1211959.72
8321400,3053644.78,1198598.69
8322300,3121788.67,1215640.41
8323200,3283896.79,1215826.9
8324100,3323679.66,1271506.07
8325000,3134813.05,1232831.45
8325900,3097730.71,1237411.47
8326800,3128892.88,1253780.82
8327700,3028138.18,1201911.44
8328600,3159666.87,1274593.78
8329500,3131046.75,1241606.32
8330400,3301179.66,1194352.2
8331300,3313679.35,1246353.79
8332200,3207060.24,1202534.18
8333100,3236719.76,1221794.95
8334000,3169052.49,1251892.55
8334900,3214010.65,1200832.49
8335800,3234563.05,1178096.74
8336700,3249878.54,1292100.59
8337600,3144579.99,1190959.26
8338500,3174463.44,1221152.25
8339400,3163144.78,1226774.14
8340300,3170327.91,1173729.4
8341200,3304683.29,1200658.08
8342100,3254887.76,1216537.45
8343000,3192851.44,1130349.52
8343900,3095530.33,1134146.58
8344800,3157743.62,1184993.68
8345700,3028411.74,1168911.44
8346600,3051437.99,1180831.51
8347500,3025001.13,1160623.72
8348400,3001026.58,1182804.29
8349300,3044043.82,1156571.41
8350200,2979079.38,1170831.76
8351100,2853322.17,1124980.13
8352000,2878512.63,1193162.02
8352900,3026208.71,1264801.21
8353800,2906219.24,1226030.18
8354700,2875684.3,1302718.51
8355600,2847325.1,1280443.63
8356500,2704821.99,1164029.11
8357400,2737077.48,1109748.14
8358300,2688069.31,1067170.26
8359200,2673391.3,1074337.19
8360100,2612382.48,1084518.04
8361000,2655323.64,1172939.67
8361900,2631975.68,1135522.89
8362800,2624021.76,1132514.37
8363700,2570484.1,1096311.31
8364600,2479648.41,1075748.29
8365500,2470296.02,1099027.95
8366400,2430078.74,1088828.16
8367300,2469316.86,1079751.8
8368200,2450355.65,1062824.43
8369100,2405051.88,1091503.42
8370000,2417688.9,1118483.37
8370900,2347056.98,1069807.62
8371800,2367446.59,1037261.99
8372700,2376715.58,1009081.79
8373600,2364242.8,1045866.67
8374500,2321935.46,1012619.02
8375400,2352186.95,1040282.96
8376300,2451096.13,1064528.5
8377200,2375570.53,1055620.7
8378100,2350320.92,1040597.63
8379000,2329380.16,1000325.5
8379900,2336418.27,991559.33
8380800,2408577.76,1091034.12
8381700,2541682.53,1026983.18
8382600,2517692.5,1041437.9
8383500,2705414.43,1017889.34
8384400,2537594.33,1044373.72
8385300,2558010.77,1029479.46
8386200,2590454.22,1063796.72
8387100,2644757.08,1100288.82
8388000,2601228.06,1102022.28
8388900,2673356.87,1193218.78
8389800,2690205.51,1096351.68
8390700,2668011.47,1106469.09
8391600,2722389.13,1080818.12
8392500,2701847.99,1126692.99
8393400,2755032.44,1166850.13
8394300,2872586.33,1165060.18
8395200,2936067.35,1193833.1
8396100,2863357.91,1191418.95
8397000,2985599.03,1173254.52
8397900,3011591.13,1204429.05
8398800,3088315.8,1242765.11
8399700,3006988.13,1200825.16
8400600,3118510.89,1200566.8
8401500,3185643.68,1266083.95
8402400,3082959.32,1152130.46
8403300,3212422.49,1229315.0
8404200,3132924.77,1177187.53
8405100,3210017.76,1243366.61
8406000,3220568.39,1183047.18
8406900,3103247.68,1197143.28
8407800,3124178.28,1190950.84
8408700,3228710.27,1225563.72
8409600,3207993.62,1156531.04
8410500,3356936.1,1234925.9
8411400,3281260.53,1240831.7
8412300,3304187.71,1189809.27
8413200,3229034.91,1219137.73
8414100,3292082.7,1263285.55
8415000,3253284.48,1183070.43
8415900,3371396.85,1240051.3
8416800,3399268.43,1391530.98
8417700,3307745.73,1345205.93
8418600,3361593.38,1321338.04
8419500,3347206.51,1250896.09
8420400,3234127.17,1249633.94
8421300,3468862.06,1375214.72
8422200,3349708.37,1279868.23
8423100,3227248.81,1198956.02
8424000,3342168.82,1265799.41
8424900,3334615.45,1233875.89
8425800,3176750.7,1200036.53
8426700,3203281.86,1254886.14
8427600,3382136.26,1196819.46
8428500,3245443.27,1183607.85
8429400,3181738.86,1191057.4
8430300,3141644.26,1165529.02
8431200,3106246.49,1240043.79
8432100,3084740.2,1209708.8
8433000,3081651.03,1181254.49
8433900,3058765.69,1174457.98
8434800,3045940.8,1222810.0
8435700,2911930.3,1222824.92
8436600,3046286.68,1229874.48
8437500,2979024.35,1239409.79
8438400,2842081.6,1234618.19
8439300,2923838.47,1226287.54
8440200,2794709.75,1200516.72
8441100,2788369.26,1224262.57
8442000,2775424.71,1250186.0
8442900,2743054.41,1213571.87
8443800,2766340.67,1259180.33
8444700,2769366.58,1187444.37
8445600,2732586.18,1173719.6
8446500,2616048.89,1117169.95
8447400,2692746.19,1194796.23
8448300,2669904.42,1239936.49
8449200,2629267.0,1196958.62
8450100,2522454.71,1178432.37
8451000,2453401.7,1038764.65
8451900,2454746.7,1024845.25
8452800,2423925.93,1001782.47
8453700,2402593.78,997191.83
8454600,2413607.57,1012398.65
8455500,2377235.41,1000788.39
8456400,2376255.89,1005049.9
8457300,2353815.77,1048296.48
8458200,2359916.11,1018675.42
8459100,2396608.43,1031302.28
8460000,2356266.72,1121206.6
8460900,2351081.73,1047171.3
8461800,2378569.24,1039918.21
8462700,2361514.53,1038507.75
8463600,2380235.14,1053048.98
8464500,2348245.97,1051893.04
8465400,2338065.95,1016906.62
8466300,2326775.02,1043440.61
8467200,2383178.92,1019210.54
8468100,2532524.23,1073869.45
8469000,2549146.91,1169308.32
8469900,2651638.82,1092626.22
8470800,2523941.99,1114975.71
8471700,2577831.02,1140941.8
8472600,2588137.21,1107522.13
8473500,2592343.6,1065381.32
8474400,2602660.86,1088567.41
8475300,2723480.62,1120774.2
8476200,2671850.56,1114917.3
8477100,2743170.04,1084093.6
8478000,2774679.84,1141679.44
8478900,2744106.72,1194258.0
8479800,2807555.88,1252393.43
8480700,2883419.13,1201571.59
8481600,2828615.75,1178095.09
8482500,3034595.31,1222473.45
8483400,3075929.44,1217669.59
8484300,2961157.93,1201194.31
8485200,3051996.83,1202500.21
8486100,3003674.65,1270445.71
8487000,3042935.12,1332279.42
8487900,3077231.51,1268978.67
8488800,3068699.8,1195940.55
8489700,3130334.29,1244426.61
8490600,3150536.41,1198809.27
8491500,3199173.34,1232289.55
8492400,3106241.27,1250350.71
8493300,3147821.5,1191428.19
8494200,3181437.47,1269420.5
8495100,3193326.87,1217121.55
8496000,3165359.16,1279956.94
8496900,3165737.73,1244220.7
8497800,3250214.63,1258964.9
8498700,3218398.04,1268628.66
8499600,3224689.82,1260223.57
8500500,3378272.09,1268815.16
8501400,3298146.15,1232716.83
8502300,3289733.46,1233863.07
8503200,3212292.76,1226024.6
8504100,3274795.99,1233683.72
8505000,3323661.07,1222986.88
8505900,3431184.54,1338261.57
8506800,3345404.3,1285233.4
8507700,3384653.5,1245690.58
8508600,3339902.07,1208656.86
8509500,3172716.71,1198956.39
8510400,3241698.49,1226120.27
8511300,3252475.07,1175693.85
8512200,3289801.21,1211034.58
8513100,3216070.86,1269365.94
8514000,3262013.21,1249517.4
8514900,3196337.59,1195656.01
8515800,3136515.29,1177486.45
8516700,3122163.21,1171937.71
8517600,3131552.95,1167641.42
8518500,3202050.66,1179318.33
8519400,3040338.5,1156221.22
8520300,3090691.68,1200796.42
8521200,3139138.28,1241123.2
8522100,3022772.64,1182136.14
8523000,3001524.17,1172761.87
8523900,3119942.96,1225234.04
8524800,2898248.93,1207127.11
8525700,2927628.2,1227522.77
8526600,2892611.76,1217160.83
8527500,2940847.14,1231265.17
8528400,2844273.83,1223017.27
8529300,2809588.44,1218037.45
8530200,2758059.17,1170958.92
8531100,2755426.03,1144727.42
8532000,2759743.47,1148511.75
8532900,2729046.02,1149488.8
8533800,2701420.99,1167967.71
8534700,2685471.41,1224133.76
8535600,2616087.71,1204835.63
8536500,2517016.2,1180271.03
8537400,2426291.93,1019632.32
8538300,2421063.26,987326.66
8539200,2469117.0,1039003.05
8540100,2450498.2,1018467.77
8541000,2408873.57,990283.91
8541900,2411480.8,992597.17
8542800,2386773.74,1007317.02
8543700,2353340.7,1003074.74
8544600,2331145.94,1005482.12
8545500,2362075.01,1088985.35
8546400,2379645.08,1021536.9
8547300,2319578.7,968500.49
8548200,2333831.73,997927.09
8549100,2408538.85,1026007.23
8550000,2415363.92,1045942.84
8550900,2360466.52,1075254.18
8551800,2338614.35,1045726.87
8552700,2339625.0,1038024.9
8553600,2361894.38,1023513.24
8554500,2609910.37,1046222.9
8555400,2506343.72,1040091.25
8556300,2644467.68,1043869.81
8557200,2483197.45,1062843.75
8558100,2523992.43,1014678.96
8559000,2549254.94,1075417.33
8559900,2595300.75,1061905.33
8560800,2599653.17,1060666.9
8561700,2750810.21,1058970.15
8562600,2598938.14,1068387.08
8563500,2710790.5,1040588.84
8564400,2753287.72,1095759.8
8565300,2722998.23,1125562.59
8566200,2808180.08,1214600.92
8567100,2803499.18,1200167.45
8568000,2782769.81,1228600.07
8568900,2946045.96,1235611.18
8569800,3022016.6,1239818.94
8570700,3072999.3,1193614.84
8571600,2980127.47,1213475.74
8572500,3102168.0,1244794.01
8573400,3066561.95,1231963.44
8574300,3103663.42,1214245.15
8575200,3125583.89,1233579.62
8576100,3165428.28,1270882.42
8577000,3066974.58,1194673.74
8577900,3125641.3,1187327.82
8578800,3035888.85,1179997.56
8579700,3161467.16,1264865.48
8580600,3185980.77,1270628.08
8581500,3185358.58,1233354.86
8582400,3141693.15,1247279.02
8583300,3200554.23,1194199.77
8584200,3237695.43,1222916.11
8585100,3259688.32,1295459.75
8586000,3164201.11,1216136.9
8586900,3172424.84,1266661.38
8587800,3168539.52,1166199.01
8588700,3207326.66,1222298.77
8589600,3359585.27,1231292.36
8590500,3322489.84,1209618.44
8591400,3341308.78,1232799.04
8592300,3257617.86,1250655.4
8593200,3335983.98,1231284.58
8594100,3211432.71,1237907.68
8595000,3241685.67,1233906.28
8595900,3388719.27,1271329.38
8596800,3303967.35,1276970.03
8597700,3202106.14,1205697.51
8598600,3264930.08,1220333.5
8599500,3268654.27,1227999.02
8600400,3169986.97,1167001.28
8601300,3310871.7,1263086.88
8602200,3132805.57,1168753.14
8603100,3098363.43,1136232.79
8604000,3108764.1,1221728.03
8604900,3017976.38,1160372.68
8605800,3122617.4,1163785.95
8606700,3067557.22,1172196.08
8607600,3192954.44,1222582.67
8608500,3153326.57,1195153.47
8609400,3019274.51,1185107.85
8610300,2936281.49,1248388.37
8611200,3002128.33,1215170.47
8612100,2891608.06,1241603.21
8613000,2903622.71,1199356.02
8613900,2883890.72,1248590.06
8614800,2937508.67,1212602.87
8615700,2790614.96,1178345.4
8616600,2779592.47,1198952.0
8617500,2757079.28,1214923.28
8618400,2749005.62,1259056.64
8619300,2654863.77,1124054.81
8620200,2679308.99,1204540.47
8621100,2598152.62,1092163.24
8622000,2643012.54,1136822.2
8622900,2564877.04,1100453.43
8623800,2551527.92,1047470.31
8624700,2539936.89,992300.99
8625600,2463218.99,1010866.15
8626500,2437341.16,994960.97
8627400,2421258.82,1029993.62
8628300,2402774.69,1004908.45
8629200,2402618.41,983888.49
8630100,2378639.1,965214.75
8631000,2397703.95,986070.37
8631900,2378046.3,997328.52
8632800,2360263.46,988943.02
8633700,2389418.06,1022603.94
8634600,2396783.75,1007252.01
8635500,2404406.43,1013922.82
8636400,2458460.54,1011483.86
8637300,2399972.9,1054730.62
8638200,2362399.48,1083970.46
8639100,2374721.01,1052308.23
8640000,2383380.16,1055934.63
8640900,2558113.31,1036348.66
8641800,2580161.32,1054740.23
8642700,2752246.03,1088127.5
8643600,2539403.87,1019332.49
8644500,2600849.03,1047315.58
8645400,2598634.19,1061692.02
8646300,2635493.68,1053079.28
8647200,2628506.01,1080611.39
8648100,2596213.17,1076720.95
8649000,2612421.57,1065436.16
8649900,2732585.36,1103112.67
8650800,2842839.11,1109016.08
8651700,2713395.17,1057753.42
8652600,2743854.22,1068028.75
8653500,2888249.18,1185221.28
8654400,2840801.88,1185626.95
8655300,3013889.92,1312345.28
8656200,2994166.08,1246997.59
8657100,3023896.91,1250998.9
8658000,3010565.09,1250240.48
8658900,3028324.04,1224001.01
8659800,3040914.73,1260276.58
8660700,3080880.34,1329365.2
8661600,3075690.77,1280743.65
8662500,3134096.19,1283058.93
8663400,3042919.74,1244619.78
8664300,3057527.25,1206755.68
8665200,3057109.04,1264000.95
8666100,3069368.77,1215244.45
8667000,3035853.88,1224957.18
8667900,3151077.76,1208734.22
8668800,3043281.65,1260684.36
8669700,3291055.94,1296526.98
8670600,3160674.77,1222337.31
8671500,3221266.11,1323858.12
8672400,3354888.06,1340232.15
8673300,3218225.92,1256746.86
8674200,3107630.68,1281960.02
8675100,3186535.22,1250023.5
8676000,3278908.63,1323411.99
8676900,3281836.4,1303502.75
8677800,3164288.82,1206611.66
8678700,3126793.58,1231784.18
8679600,3160882.78,1220887.39
8680500,3200473.57,1179765.84
8681400,3317040.89,1360059.54
8682300,3113848.3,1213744.54
8683200,3283510.07,1253902.68
8684100,3134593.6,1265654.11
8685000,3313074.92,1242719.7
8685900,3124925.45,1219778.87
8686800,3236888.4,1203504.0
8687700,3171745.24,1184643.86
8688600,3048194.82,1173385.89
8689500,3105889.89,1162391.88
8690400,3052195.22,1134141.36
8691300,3036899.05,1161715.94
8692200,2968356.17,1169474.21
8693100,2976543.46,1167413.18
8694000,2908847.81,1144801.85
8694900,3030123.41,1226776.43
8695800,2881057.07,1177955.66
8696700,3016927.92,1201933.23
8697600,2925067.02,1353782.32
8698500,2812064.58,1148371.58
8699400,2753389.53,1183576.54
8700300,2769840.64,1161378.57
8701200,2840788.42,1208830.26
8702100,2776107.79,1182372.71
8703000,2749568.76,1175233.25
8703900,2729733.95,1199178.5
8704800,2776825.74,1171653.63
8705700,2712343.23,1154286.25
8706600,2766874.05,1162610.96
8707500,2641001.68,1137769.78
8708400,2647718.44,1122733.25
8709300,2490251.13,1139562.56
8710200,2489300.99,1019764.07
8711100,2422643.01,1042627.53
8712000,2459523.47,1060193.39
8712900,2441882.81,1014177.7
8713800,2390441.07,1017846.68
8714700,2448888.79,1077958.01
8715600,2422561.98,1082606.14
8716500,2395393.16,1117925.81
8717400,2378321.5,1063647.86
8718300,2357744.2,1049243.04
8719200,2358825.26,1047347.35
8720100,2379959.01,1056959.38
8721000,2373129.18,1074305.69
8721900,2395483.25,1073692.47
8722800,2421120.3,1143757.14
8723700,2377947.24,1135261.78
8724600,2369844.54,1126071.44
8725500,2530971.41,1236972.2
8726400,2425829.22,1110184.11
8727300,2677297.85,1156193.12
8728200,2583860.69,1087264.34
8729100,2642258.15,1086504.91
8730000,2543515.69,1082312.9
8730900,2605703.52,1098858.95
8731800,2601247.56,1068839.54
8732700,2668808.81,1078324.95
8733600,2576292.94,1053476.35
8734500,2548979.46,1113548.22
8735400,2665412.75,1140856.84
8736300,2558090.06,1113139.8
8737200,2605381.71,1137901.15
8738100,2602670.93,1147121.7
8739000,2639657.41,1154540.04
8739900,2644996.67,1205277.28
8740800,2644101.47,1206724.27
8741700,2639194.34,1211701.08
8742600,2615904.6,1252445.34
8743500,2604681.7,1219064.85
8744400,2620181.85,1190455.99
8745300,2595978.97,1213008.91
8746200,2618322.24,1226296.05
8747100,2625639.95,1249495.15
8748000,2550495.94,1247773.5
8748900,2544130.65,1241609.8
8749800,2622833.95,1230795.23
8750700,2557686.86,1199816.8
8751600,2579456.63,1184397.03
8752500,2560585.14,1165219.67
8753400,2551874.91,1160448.21
8754300,0.0,1164050.08
8755200,0.0,1157914.4
8756100,0.0,1137045.87
8757000,0.0,1123332.0
8757900,0.0,1150849.64
8758800,0.0,1138869.6
8759700,0.0,1157042.08
8760600,0.0,1167584.11
8761500,0.0,1131721.16
8762400,0.0,1104166.17
8763300,0.0,1114115.02
8764200,0.0,1125046.69
8765100,0.0,1123660.68
8766000,0.0,1161572.11
8766900,0.0,1167265.05
8767800,0.0,1141079.04
8768700,0.0,1138142.49
8769600,0.0,1174120.06
8770500,0.0,1135156.86
8771400,0.0,1094387.51
8772300,0.0,1164642.06
8773200,0.0,1119377.84
8774100,0.0,1122268.43
8775000,0.0,1074452.45
8775900,0.0,1109465.06
8776800,0.0,1139140.59
8777700,0.0,1124073.94
8778600,0.0,1292742.0
8779500,0.0,1131547.67
8780400,0.0,1123192.47
8781300,0.0,1095138.61
8782200,0.0,1137221.28
8783100,0.0,1111725.4
8784000,0.0,1145105.8
8784900,0.0,1152074.62
8785800,0.0,1139669.59
8786700,0.0,1153064.94
8787600,0.0,1161814.0
8788500,0.0,973242.28
8789400,0.0,1057902.1
8790300,0.0,1087012.66
8791200,0.0,1099873.81
8792100,0.0,1100167.97
8793000,0.0,1061387.97
8793900,0.0,1124373.5
8794800,0.0,1212420.23
8795700,0.0,1142103.7
8796600,0.0,994625.61
8797500,0.0,992667.11
8798400,0.0,976815.49
8799300,0.0,994052.58
8800200,0.0,982003.33
8801100,0.0,1017156.92
8802000,0.0,1006042.14
8802900,0.0,962312.53
8803800,0.0,1030443.7
8804700,0.0,997799.56
8805600,0.0,995482.27
8806500,0.0,1026929.53
8807400,0.0,1013292.85
8808300,0.0,1051338.04
8809200,0.0,1095391.75
8810100,0.0,1068003.02
8811000,0.0,1053150.7
8811900,0.0,1063048.55
8812800,0.0,1068619.9
8813700,0.0,1085100.77
8814600,0.0,1067257.51
8815500,0.0,1127574.19
8816400,0.0,1058610.53
8817300,0.0,1093969.39
8818200,0.0,1067565.58
8819100,0.0,1061953.03
8820000,0.0,1067996.43
8820900,0.0,1062032.5
8821800,0.0,1047255.16
8822700,0.0,1096084.35
8823600,0.0,1076279.39
8824500,0.0,1092651.58
8825400,0.0,1135183.04
8826300,0.0,1170050.08
8827200,0.0,1106206.6
8828100,0.0,1174162.17
8829000,0.0,1105397.28
8829900,0.0,1147542.39
8830800,0.0,1110930.08
8831700,0.0,1119347.35
8832600,0.0,1197997.47
8833500,0.0,1186207.86
8834400,0.0,1201340.33
8835300,0.0,1213451.02
8836200,0.0,1193568.79
8837100,0.0,1181319.95
8838000,0.0,1161827.27
8838900,0.0,1195737.49
8839800,0.0,1174820.34
8840700,0.0,1229981.96
8841600,0.0,1139952.85
8842500,0.0,1198147.89
8843400,0.0,1153372.83
8844300,0.0,1157525.02
8845200,0.0,1136021.03
8846100,0.0,1122360.08
8847000,0.0,1164372.07
8847900,0.0,1126987.43
8848800,0.0,1111359.1
8849700,0.0,1205478.52
8850600,0.0,1125564.97
8851500,0.0,1141165.74
8852400,0.0,1153915.65
8853300,0.0,1122593.26
8854200,0.0,1138048.74
8855100,0.0,1133777.62
8856000,0.0,1164583.83
8856900,0.0,1170768.13
8857800,0.0,1179261.75
8858700,0.0,1172060.39
8859600,0.0,1117232.67
8860500,0.0,1107496.58
8861400,0.0,1111132.97
8862300,0.0,1072865.84
8863200,0.0,1122580.99
8864100,0.0,1166045.47
8865000,0.0,1136797.03
8865900,0.0,1106964.48
8866800,0.0,1166645.51
8867700,0.0,1182659.45
8868600,0.0,1092029.11
8869500,0.0,1123622.04
8870400,0.0,1114969.02
8871300,0.0,1131109.86
8872200,0.0,1124134.46
8873100,0.0,1153599.98
8874000,0.0,1101716.13
8874900,0.0,1117246.86
8875800,0.0,1071386.99
8876700,0.0,1034476.32
8877600,0.0,1073510.1
8878500,0.0,1084800.57
8879400,0.0,1041288.3
8880300,0.0,1053595.09
8881200,0.0,1066722.02
8882100,0.0,1084681.46
8883000,0.0,1014675.66
8883900,0.0,1028511.38
8884800,0.0,1054337.22
8885700,0.0,1014412.99
8886600,0.0,978875.06
8887500,0.0,970486.36
8888400,0.0,981946.29
8889300,0.0,986099.76
8890200,0.0,985645.57
8891100,0.0,996346.89
8892000,0.0,968170.44
8892900,0.0,1085291.38
8893800,0.0,1000009.64
8894700,0.0,1020083.86
8895600,0.0,1048705.17
8896500,0.0,1012550.63
8897400,0.0,1019013.98
8898300,0.0,994273.13
8899200,0.0,984600.4
8900100,0.0,1020007.87
8901000,0.0,1009860.08
8901900,0.0,1030683.47
8902800,0.0,1035222.02
8903700,0.0,1032964.87
8904600,0.0,1020349.73
8905500,0.0,1052159.09
8906400,0.0,1045544.77
8907300,0.0,1118319.67
8908200,0.0,1040998.26
8909100,0.0,1036486.54
8910000,0.0,1071743.87
8910900,0.0,1163468.44
8911800,0.0,1183629.64
8912700,0.0,1183438.2
8913600,0.0,1211352.45
8914500,0.0,1283724.06
8915400,0.0,1200232.82
8916300,0.0,1193356.57
8917200,0.0,1221039.73
8918100,0.0,1280343.38
8919000,0.0,1269173.95
8919900,0.0,1238060.03
8920800,0.0,1304117.25
8921700,0.0,1363564.64
8922600,0.0,1238681.58
8923500,0.0,1293289.49
8924400,0.0,1272412.63
8925300,0.0,1357022.83
8926200,0.0,1366769.07
8927100,0.0,1362119.02
8928000,3138199.04,1279039.76
8928900,3248293.4,1408440.31
8929800,3297745.97,1316112.85
8930700,3203157.99,1261019.07
8931600,3230651.64,1316775.24
8932500,3246158.57,1285728.52
8933400,3252901.43,1253192.41
8934300,3261567.08,1217253.75
8935200,3425878.23,1310304.93
8936100,3363828.74,1275018.95
8937000,3398735.23,1332622.28
8937900,3396091.74,1347543.27
8938800,3395623.54,1396473.36
8939700,3403192.11,1274531.8
8940600,3479836.67,1377817.02
8941500,3340140.84,1344570.56
8942400,3393812.35,1453965.45
8943300,3183470.12,1284546.75
8944200,3342357.7,1282893.86
8945100,3378002.47,1304385.59
8946000,3311450.04,1267481.6
8946900,3373402.22,1299760.16
8947800,3195636.47,1248134.67
8948700,3172315.61,1194034.88
8949600,3113592.96,1191315.22
8950500,3193929.84,1239109.95
8951400,3006755.22,1194183.84
8952300,3069330.14,1212465.36
8953200,3151955.02,1226633.7
8954100,3020480.62,1263024.99
8955000,3037982.76,1263220.83
8955900,2906202.39,1194720.98
8956800,2945339.72,1258779.42
8957700,2845628.54,1196321.59
8958600,2884531.59,1175459.47
8959500,2836486.08,1227476.72
8960400,2964969.82,1197072.24
8961300,2833300.05,1200247.28
8962200,2741982.42,1107802.73
8963100,2715803.1,1069978.09
8964000,2696433.11,1094578.12
8964900,2666663.54,1137918.18
8965800,2619485.23,1093397.64
8966700,2566344.73,1059983.55
8967600,2593817.69,1110683.44
8968500,2521180.39,1084908.87
8969400,2504281.77,1018271.3
8970300,2492303.19,1056783.69
8971200,2487024.26,1041369.78
8972100,2482386.02,1053291.69
8973000,2506880.4,1048235.23
8973900,2419633.3,1109904.24
8974800,2421046.05,1077151.52
8975700,2400469.3,987769.68
8976600,2404267.55,1002444.49
8977500,2379294.89,996935.58
8978400,2435208.34,1001393.46
8979300,2355777.28,996006.04
8980200,2379185.85,1023444.03
8981100,2395873.17,1133351.72
8982000,2390136.29,1074216.89
8982900,2351534.0,1013670.5
8983800,2372855.99,1033225.8
8984700,2349563.96,1015630.55
8985600,2405860.38,1045543.76
8986500,2393176.57,1028840.15
8987400,2523086.7,1029844.76
8988300,2468759.31,992619.14
8989200,2482851.65,1006905.03
8990100,2513552.31,985722.75
8991000,2592392.58,1060957.67
8991900,2634476.72,1142473.3
8992800,2649714.11,1145761.69
8993700,2630871.37,1086357.15
8994600,2657571.81,1082347.32
8995500,2684140.14,1125134.86
8996400,2717737.88,1172089.32
8997300,2750658.97,1199711.88
8998200,2781823.97,1251525.6
8999100,2866659.21,1230144.56
9000000,2882349.88,1230348.91
9000900,2917925.99,1295817.44
9001800,2953881.23,1267734.1
9002700,2942686.34,1194876.53
9003600,2997581.73,1254797.61
9004500,3032133.36,1286511.66
9005400,3038013.61,1215840.73
9006300,3227181.43,1284275.67
9007200,3183416.75,1261974.88
9008100,3257790.25,1293551.06
9009000,3165175.14,1267089.39
9009900,3149158.81,1220342.29
9010800,3259169.13,1223318.66
9011700,3216354.58,1317788.73
9012600,3277483.15,1278695.07
9013500,3251098.75,1293624.21
9014400,3299919.25,1324737.21
9015300,3316545.59,1299801.82
9016200,3238195.95,1274832.0
9017100,3321662.29,1256092.71
9018000,3269285.52,1250601.2
9018900,3264932.56,1255950.07
9019800,3449780.91,1364111.3
9020700,3506686.8,1318260.59
9021600,3563713.44,1369543.58
9022500,3493138.73,1362075.07
9023400,3454849.09,1311688.29
9024300,3416503.97,1285141.39
9025200,3541372.92,1314356.41
9026100,3470068.45,1331341.64
9027000,3487014.4,1347550.6
9027900,3527373.69,1419665.59
9028800,3354266.6,1302247.65
9029700,3342206.18,1282489.93
9030600,3381441.28,1325123.57
9031500,3347274.26,1389956.54
9032400,3390362.73,1321005.52
9033300,3357044.86,1260301.67
9034200,3265302.8,1221406.77
9035100,3363510.5,1228783.36
9036000,3380878.97,1267783.17
9036900,3308323.43,1255168.3
9037800,3337204.93,1303505.22
9038700,3204866.36,1202344.94
9039600,3185849.21,1269619.81
9040500,3217606.48,1268599.55
9041400,3070666.44,1230550.6
9042300,3030339.29,1259091.25
9043200,3074905.15,1269069.03
9044100,2948005.28,1268307.68
9045000,2926755.25,1172965.94
9045900,2919113.89,1226423.03
9046800,2925013.18,1222449.55
9047700,2913400.82,1198863.28
9048600,2775565.89,1092262.76
9049500,2771959.08,1088359.31
9050400,2739171.2,1088038.79
9051300,2706264.4,1081979.19
9052200,2626991.36,1064526.12
9053100,2630576.39,1078587.8
9054000,2655682.53,1059328.4
9054900,2615330.2,1194261.29
9055800,2464993.1,1001575.93
9056700,2504251.01,1039753.69
9057600,2473766.05,1008539.06
9058500,2498678.38,1024592.83
9059400,2425863.01,990430.57
9060300,2384520.17,980392.55
9061200,2439442.38,1030634.12
9062100,2409802.28,1003391.14
9063000,2380356.81,986230.22
9063900,2350169.4,1042864.2
9064800,2411156.25,1004657.14
9065700,2424075.07,1021896.15
9066600,2389848.54,986046.48
9067500,2387673.43,1038645.72
9068400,2411761.23,1043954.13
9069300,2418731.87,1071776.0
9070200,2363529.97,1026851.9
9071100,2420075.87,1071403.2
9072000,2415327.58,1040865.51
9072900,2402609.53,1082337.25
9073800,2495850.95,1040759.49
9074700,2481219.09,1014409.7
9075600,2563222.69,1043585.27
9076500,2550778.75,1032703.03
9077400,2614719.18,1050764.56
9078300,2587305.82,1072438.2
9079200,2572685.58,1054975.98
9080100,2565716.31,1021402.31
9081000,2660945.16,1053013.46
9081900,2672867.52,1035270.08
9082800,2737138.18,1055449.4
9083700,2780327.0,1130587.1
9084600,2824898.35,1159823.91
9085500,2750569.24,1121639.92
9086400,2830250.52,1117311.22
9087300,2905283.66,1170897.13
9088200,2942045.84,1193426.33
9089100,2933791.63,1192522.52
9090000,3045249.66,1237608.03
9090900,3093157.84,1312905.4
9091800,3107822.02,1295090.61
9092700,3102918.27,1242074.62
9093600,3133173.34,1295963.2
9094500,3232956.67,1315718.81
9095400,3256396.45,1334539.49
9096300,3328612.06,1264766.6
9097200,3375107.48,1297417.42
9098100,3385885.25,1321190.73
9099000,3283164.18,1279583.59
9099900,3308825.59,1264790.04
9100800,3313266.27,1289357.12
9101700,3375542.91,1360003.51
9102600,3326416.17,1304452.79
9103500,3445024.02,1334276.09
9104400,3359325.07,1267259.86
9105300,3419230.22,1328395.2
9106200,3513853.18,1340841.8
9107100,3459209.29,1332653.78
9108000,3526646.85,1329964.05
9108900,3496164.83,1391600.56
9109800,3466704.44,1381366.52
9110700,3497451.14,1388607.88
9111600,3442953.64,1381586.98
9112500,3587669.95,1374091.74
9113400,3432809.88,1323523.22
9114300,3402410.25,1351215.09
9115200,3446032.29,1348360.93
9116100,3505975.8,1345941.74
9117000,3536420.93,1358012.51
9117900,3539014.62,1360788.85
9118800,3364465.39,1286313.17
9119700,3411604.71,1299514.53
9120600,3340746.09,1245605.07
9121500,3348960.66,1230371.98
9122400,3193373.84,1244453.89
9123300,3288442.66,1209608.55
9124200,3301232.48,1301774.51
9125100,3224278.84,1231657.38
9126000,3269824.86,1316630.04
9126900,3057561.68,1203726.93
9127800,3203716.28,1301312.26
9128700,3044914.95,1261688.42
9129600,3052459.17,1272231.35
9130500,3095253.39,1246212.43
9131400,3062532.71,1285799.93
9132300,3031878.3,1282276.25
9133200,2996312.07,1326677.31
9134100,2846390.62,1219336.58
9135000,2889923.31,1194168.0
9135900,2867737.98,1127450.04
9136800,2848747.1,1133724.61
9137700,2732554.14,1120928.56
9138600,2691059.14,1086639.4
9139500,2770109.99,1124074.68
9140400,2671671.48,1094276.37
9141300,2589209.38,1100835.57
9142200,2504572.63,1028339.08
9143100,2608876.74,1051853.85
9144000,2529427.73,1046229.31
9144900,2562784.79,1050287.02
9145800,2458517.76,995422.03
9146700,2442094.3,1018454.04
9147600,2430010.07,1027084.08
9148500,2454697.63,1050428.74
9149400,2384981.14,1012732.82
9150300,2457970.28,1059540.25
9151200,2420713.81,1087072.08
9152100,2500944.31,1068396.97
9153000,2461530.03,1100789.15
9153900,2403961.12,1029744.23
9154800,2408986.45,1058585.08
9155700,2404275.79,1056231.72
9156600,2389364.59,1067166.96
9157500,2413240.81,1116937.5
9158400,2434389.86,1119093.11
9159300,2481765.66,1154727.26
9160200,2510394.84,1109899.38
9161100,2548550.35,1104472.6
9162000,2550663.21,1092207.82
9162900,2586564.61,1104881.47
9163800,2591818.08,1085543.33
9164700,2611227.81,1098346.44
9165600,2550220.55,1053134.12
9166500,2607808.69,1138695.1
9167400,2654023.68,1148399.51
9168300,2711091.43,1151779.45
9169200,2745774.35,1147523.07
9170100,2812025.48,1176359.53
9171000,2809888.82,1229851.68
9171900,2811112.52,1232098.48
9172800,2837036.32,1226585.54
9173700,2972772.58,1228344.27
9174600,2968194.95,1143411.53
9175500,3008860.2,1262013.89
9176400,3064472.99,1270319.73
9177300,3124017.15,1350065.28
9178200,3211435.09,1345704.44
9179100,3168966.06,1324459.63
9180000,3194997.25,1317770.87
9180900,3225321.62,1333415.22
9181800,3232247.59,1329834.96
9182700,3306623.11,1294147.71
9183600,3282945.28,1317846.59
9184500,3300133.76,1404187.77
9185400,3327158.11,1287244.72
9186300,3296638.64,1294949.07
9187200,3335104.16,1387504.12
9188100,3308605.68,1278937.59
9189000,3355078.67,1353369.87
9189900,3336295.35,1388041.9
9190800,3517301.06,1354630.65
9191700,3434988.83,1324408.72
9192600,3374077.88,1339751.4
9193500,3587000.15,1350997.01
9194400,3424754.97,1327775.02
9195300,3549858.4,1375186.52
9196200,3517196.23,1340604.58
9197100,3564001.01,1353719.15
9198000,3630717.41,1309213.35
9198900,3599512.12,1327285.58
9199800,3492567.26,1430845.18
9200700,3490041.05,1313096.1
9201600,3432927.25,1331745.67
9202500,3492120.21,1345861.63
9203400,3374436.13,1349569.15
9204300,3467671.88,1338764.1
9205200,3453991.42,1381828.95
9206100,3459552.52,1344348.36
9207000,3378233.0,1331916.41
9207900,3310352.51,1281276.4
9208800,3213715.3,1237923.07
9209700,3370810.73,1323137.7
9210600,3218102.78,1314717.13
9211500,3215693.39,1258288.24
9212400,3223077.48,1289158.81
9213300,3179709.32,1343348.6
9214200,3097961.7,1283294.31
9215100,3026307.04,1193655.12
9216000,3010823.73,1197980.35
9216900,2987223.27,1195195.5
9217800,3009622.74,1194154.36
9218700,3052740.6,1275541.63
9219600,2887671.02,1160815.8
9220500,2923977.45,1239025.18
9221400,2818100.83,1098070.95
9222300,2835677.31,1089259.92
9223200,2836420.07,1127007.39
9224100,2704018.98,1082333.04
9225000,2682865.81,1061830.9
9225900,2658231.08,1113689.76
9226800,2677989.62,1105466.67
9227700,2638518.4,1155603.42
9228600,2526760.44,1094334.32
9229500,2547250.58,1121467.9
9230400,2559098.33,1115525.76
9231300,2506220.86,1061116.7
9232200,2554716.61,1125378.3
9233100,2458279.08,1108903.93
9234000,2409078.55,1086227.87
9234900,2406977.6,1101976.32
9235800,2425720.92,1111532.32
9236700,2410106.87,1086856.57
9237600,2412554.99,1127266.48
9238500,2449768.89,1144632.75
9239400,2438184.91,1107799.44
9240300,2429765.17,1121923.65
9241200,2418863.16,1123012.57
9242100,2422831.05,1138744.45
9243000,2408694.85,1119890.35
9243900,2430957.92,1139452.88
9244800,2388471.86,1127907.71
9245700,2389996.67,1122554.99
9246600,2545265.26,1153017.06
9247500,2600152.95,1256259.7
9248400,2512528.66,1146697.45
9249300,2564177.95,1144430.97
9250200,2577735.53,1113600.13
9251100,2605211.79,1124601.38
9252000,2651357.12,1148961.55
9252900,2661269.07,1118093.9
9253800,2660457.46,1132445.34
9254700,2739836.98,1150927.37
9255600,2725293.55,1168219.76
9256500,2736408.42,1153847.26
9257400,2822692.93,1328382.2
9258300,2797972.5,1238415.89
9259200,2835626.77,1270283.02
9260100,2878531.77,1255073.18
9261000,2894108.09,1261833.53
9261900,3004916.93,1341231.08
9262800,3073542.39,1344088.53
9263700,3167876.95,1325122.38
9264600,3116088.78,1343620.33
9265500,3111025.09,1299593.99
9266400,3081621.73,1291749.02
9267300,3272600.37,1329341.03
9268200,3288706.51,1308436.16
9269100,3189964.14,1301481.9
9270000,3210271.73,1286234.8
9270900,3144387.54,1257802.92
9271800,3264003.3,1250700.81
9272700,3319504.03,1288365.42
9273600,3320573.36,1333444.79
9274500,3441906.01,1383328.03
9275400,3304375.21,1273905.94
9276300,3235346.74,1302626.22
9277200,3312882.2,1276909.61
9278100,3302848.21,1276950.44
9279000,3353090.52,1269865.26
9279900,3309304.87,1255504.12
9280800,3385271.03,1309694.37
9281700,3441988.31,1333034.91
9282600,3391147.34,1262813.51
9283500,3449107.64,1303439.85
9284400,3298580.47,1238070.92
9285300,3316222.23,1224211.58
9286200,3330536.41,1258089.2
9287100,3412982.03,1263106.93
9288000,3412852.84,1359060.33
9288900,3335232.97,1321223.6
9289800,3323300.72,1301153.23
9290700,3276513.34,1344247.56
9291600,3250600.43,1304142.43
9292500,3300231.45,1290056.85
9293400,3191868.71,1248223.57
9294300,3271796.26,1261314.42
9295200,3209900.48,1256163.85
9296100,3124221.77,1269980.99
9297000,3064859.62,1338646.09
9297900,3104913.76,1222659.03
9298800,3127637.33,1225023.65
9299700,2985084.23,1177557.86
9300600,3023119.81,1213749.3
9301500,2936744.84,1241730.47
9302400,2907554.53,1206518.83
9303300,2916774.63,1257326.02
9304200,2899689.51,1249039.03
9305100,2955554.26,1278987.3
9306000,2820035.71,1211043.37
9306900,2755235.78,1172510.19
9307800,2763899.69,1157624.63
9308700,2691682.25,1064362.88
9309600,2806923.89,1091613.1
9310500,2641994.66,1078563.45
9311400,2620372.65,1079634.52
9312300,2630898.93,1120700.87
9313200,2632027.4,1090909.61
9314100,2553949.49,1096396.45
9315000,2508993.9,1086308.9
9315900,2456749.69,1073527.22
9316800,2467554.11,1078602.36
9317700,2558744.38,1168035.46
9318600,2407159.06,1040135.93
9319500,2418417.02,1049978.85
9320400,2402755.55,1032927.15
9321300,2338439.48,1017093.11
9322200,2367008.61,1018570.68
9323100,2370770.51,1050057.59
9324000,2411286.71,1060390.59
9324900,2370782.87,1044131.29
9325800,2349902.07,1060651.15
9326700,2385760.07,1069578.55
9327600,2394982.82,1105170.87
9328500,2377392.43,1090270.75
9329400,2392639.8,1134299.1
9330300,2374624.69,1122883.94
9331200,2336700.62,1078144.96
9332100,2490860.41,1120849.46
9333000,2484558.11,1111629.36
9333900,2485336.21,1109952.76
9334800,2483826.23,1080321.9
9335700,2493515.17,1106434.3
9336600,2538729.13,1101728.21
9337500,2512008.18,1123717.71
9338400,2526329.32,1125758.79
9339300,2525570.89,1150317.9
9340200,2552756.84,1137472.23
9341100,2547971.1,1100862.3
9342000,2558662.81,1161716.03
9342900,2599314.61,1163077.24
9343800,2608689.97,1230102.54
9344700,2558670.23,1189853.58
9345600,2575409.91,1231733.0
9346500,2566694.64,1220795.93
9347400,2553778.02,1187698.24
9348300,2583375.09,1214475.04
9349200,2561747.77,1210382.17
9350100,2594320.31,1188125.34
9351000,2553010.25,1214346.13
9351900,2549557.43,1203281.8
9352800,2600637.82,1171625.52
9353700,2587132.87,1235404.27
9354600,2585044.56,1208485.47
9355500,2641320.01,1244516.33
9356400,2662333.92,1241250.64
9357300,2605564.27,1244482.82
9358200,2614294.56,1252587.52
9359100,2679770.97,1279247.86
9360000,2590609.95,1204648.59
9360900,2660635.35,1234729.8
9361800,2614198.24,1180544.59
9362700,2740166.02,1246794.8
9363600,2674272.58,1246080.6
9364500,2703481.48,1237933.04
9365400,2723466.8,1253305.11
9366300,2697028.56,1215108.76
9367200,2654392.46,1194498.05
9368100,2649223.3,1186430.6
9369000,2702784.12,1235951.57
9369900,2750425.87,1253730.1
9370800,2775879.36,1252636.05
9371700,2793675.02,1236059.6
9372600,2720470.37,1236527.71
9373500,2731587.62,1244487.95
9374400,2758627.53,1285075.47
9375300,2744323.06,1218102.54
9376200,2733246.0,1280203.03
9377100,2798310.79,1336419.8
9378000,2787243.62,1307599.55
9378900,2828664.55,1302725.46
9379800,2713939.64,1180386.2
9380700,2787226.14,1171192.66
9381600,2772999.85,1220179.96
9382500,2724849.33,1185125.24
9383400,2753665.19,1228726.78
9384300,2798263.28,1251866.46
9385200,2760743.59,1253295.41
9386100,2779198.06,1227372.44
9387000,2680286.32,1189786.19
9387900,2695981.38,1230815.64
9388800,2697656.07,1213878.02
9389700,2666516.6,1206485.32
9390600,2621520.26,1136973.36
9391500,2615246.89,1085079.99
9392400,2644310.21,1096895.87
9393300,2642302.09,1117073.91
9394200,2635344.64,1143062.07
9395100,2623921.88,1131883.85
9396000,2568594.09,1107396.42
9396900,2567010.22,1073505.8
9397800,2546339.63,1070703.0
9398700,2505130.37,1058333.22
9399600,2523913.97,1107949.95
9400500,2497124.18,1124405.73
9401400,2396815.8,1046615.11
9402300,2396020.48,1067579.04
9403200,2386491.49,1028601.84
9404100,2398772.37,1049218.69
9405000,2370187.59,1057591.55
9405900,2379857.57,1043752.72
9406800,2373022.98,1075114.75
9407700,2353629.27,1078026.4
9408600,2321850.59,1048091.67
9409500,2347187.53,1100332.86
9410400,2346850.8,1082815.34
9411300,2384918.79,1090456.51
9412200,2345744.48,1110551.15
9413100,2374911.16,1110471.95
9414000,2317881.59,1060278.72
9414900,2343464.26,1091512.12
9415800,2351961.46,1093285.86
9416700,2324514.86,1094469.82
9417600,2352445.68,1105733.92
9418500,2346229.06,1119898.22
9419400,2338953.74,1119706.24
9420300,2464346.56,1104208.65
9421200,2442843.93,1135929.93
9422100,2470233.03,1128778.47
9423000,2480136.29,1133778.63
9423900,2439446.87,1123243.01
9424800,2466284.36,1116627.04
9425700,2430965.06,1121743.1
9426600,2469553.89,1144734.56
9427500,2464806.34,1120532.59
9428400,2445340.3,1136783.29
9429300,2478366.12,1184116.42
9430200,2470396.27,1191150.42
9431100,2482129.85,1192502.29
9432000,2469401.46,1165455.87
9432900,2473246.4,1207814.12
9433800,2515228.82,1196920.35
9434700,2446902.83,1174695.65
9435600,2465326.54,1200549.22
9436500,2419518.59,1153311.49
9437400,2464674.5,1201597.05
9438300,2444769.47,1220560.0
9439200,2483048.31,1189432.07
9440100,2443936.98,1183436.0
9441000,2457563.23,1179059.51
9441900,2486114.5,1239465.36
9442800,2442563.78,1164897.67
9443700,2525518.98,1265188.39
9444600,2530998.05,1248870.76
9445500,2526321.9,1241578.49
9446400,2495843.63,1192498.35
9447300,2510551.12,1181685.7
9448200,2516701.45,1192977.63
9449100,2591222.63,1210159.79
9450000,2545798.74,1200836.43
9450900,2525816.35,1198447.54
9451800,2553513.15,1229558.35
9452700,2581514.56,1192529.75
9453600,2559879.64,1159153.84
9454500,2663409.85,1308295.99
9455400,2578203.92,1189581.12
9456300,2567953.86,1146251.13
9457200,2637430.66,1291113.74
9458100,2561890.59,1130389.34
9459000,2609675.9,1145370.48
9459900,2660787.05,1225828.95
9460800,2671700.13,1261428.86
9461700,2664599.21,1237474.46
9462600,2675816.62,1273001.77
9463500,2689905.76,1214413.24
9464400,2622960.39,1183764.22
9465300,2693875.85,1232199.1
9466200,2636734.31,1164436.25
9467100,2652246.46,1139798.13
9468000,2636538.39,1133967.59
9468900,2662020.26,1197884.58
9469800,2641390.69,1183425.11
9470700,2648330.29,1133592.41
9471600,2615035.22,1175512.48
9472500,2642850.77,1193213.01
9473400,2575332.0,1168410.92
9474300,2588710.51,1165256.65
9475200,2711752.99,1217884.83
9476100,2556912.69,1173411.44
9477000,2543351.35,1175819.0
9477900,2563674.87,1173411.44
9478800,2577414.46,1182118.56
9479700,2613737.64,1170801.36
9480600,2557509.8,1068880.37
9481500,2535045.87,1071883.48
9482400,2529579.35,1093345.64
9483300,2498204.68,1088532.62
9484200,2438596.98,1065359.8
9485100,2492947.63,1128926.88
9486000,2466247.92,1052847.2
9486900,2432646.79,1070774.41
9487800,2376375.0,1018171.51
9488700,2377679.99,1043664.37
9489600,2406045.41,1077218.08
9490500,2408379.55,1082638.0
9491400,2342436.49,978458.68
9492300,2348581.42,1004291.66
9493200,2343430.3,1040430.91
9494100,2337393.4,1037517.7
9495000,2380128.66,1066727.33
9495900,2362616.91,1044858.12
9496800,2312792.18,1033744.08
9497700,2352481.29,1094692.38
9498600,2302313.78,1058880.52
9499500,2298502.62,1060553.83
9500400,2306840.42,1060872.25
9501300,2343316.41,1115874.76
9502200,2384885.93,1155537.51
9503100,2334686.46,1119708.98
9504000,2326885.53,1091608.15
9504900,2482175.35,1085712.25
9505800,2468696.87,1069795.81
9506700,2492248.26,1087241.64
9507600,2494217.1,1063354.43
9508500,2559195.1,1048613.53
9509400,2576080.54,1089216.16
9510300,2608175.99,1122057.5
9511200,2589183.56,1107615.33
9512100,2626780.06,1145220.89
9513000,2635182.4,1180909.61
9513900,2604105.65,1173951.14
9514800,2622359.44,1175333.95
9515700,2611308.38,1223530.33
9516600,2643048.25,1272562.32
9517500,2637279.6,1243443.7
9518400,2675881.9,1232452.51
9519300,2653446.53,1175918.98
9520200,2621360.87,1172630.31
9521100,2597595.61,1203704.41
9522000,2646829.47,1235974.27
9522900,2648848.11,1261278.26
9523800,2681138.12,1220146.36
9524700,2646278.41,1261801.3
9525600,2612196.44,1260638.31
9526500,2616501.89,1280522.74
9527400,2585455.72,1255330.81
9528300,2600969.7,1223449.04
9529200,2678019.47,1203588.68
9530100,2649538.79,1261865.75
9531000,2661569.09,1273197.24
9531900,2633362.52,1246569.31
9532800,2692828.58,1314253.33
9533700,2724123.78,1314782.78
9534600,2734673.22,1304280.21
9535500,2728302.98,1211135.38
9536400,2805575.96,1201920.68
9537300,2767535.34,1247983.34
9538200,2735746.77,1212242.16
9539100,2869056.15,1288660.68
9540000,2785706.45,1257345.7
9540900,2803060.46,1257253.69
9541800,2803400.3,1225112.73
9542700,2786510.74,1237880.86
9543600,2879207.24,1306469.97
9544500,2861644.87,1262741.91
9545400,2771023.5,1143119.84
9546300,2818347.02,1276396.73
9547200,2857689.7,1292936.65
9548100,2895606.99,1253529.33
9549000,2907247.47,1328645.78
9549900,2892011.17,1274813.51
9550800,2843688.17,1263118.29
9551700,2906484.38,1218687.93
9552600,2848424.1,1209462.71
9553500,2910952.33,1255613.25
9554400,2821064.39,1197297.27
9555300,2767258.12,1180656.28
9556200,2846931.7,1273088.2
9557100,2870769.29,1235497.38
9558000,2764054.14,1200485.23
9558900,2772627.78,1240163.45
9559800,2764514.83,1255969.48
9560700,2781810.79,1251801.45
9561600,2730080.66,1186914.83
9562500,2765633.97,1194283.81
9563400,2793144.29,1218671.63
9564300,2784700.2,1227344.42
9565200,2759453.98,1216829.13
9566100,2753887.57,1249420.53
9567000,2647816.96,1073799.22
9567900,2678506.35,1097654.3
9568800,2691703.86,1114661.22
9569700,2680948.97,1157842.44
9570600,2580011.63,1103213.75
9571500,2578261.78,1074952.42
9572400,2540430.08,1057564.54
9573300,2483938.11,1077231.26
9574200,2411988.28,1012272.22
9575100,2416944.67,1034018.55
9576000,2403370.61,1015126.19
9576900,2436566.62,1026443.48
9577800,2376877.81,996949.49
9578700,2435440.25,1060605.56
9579600,2364906.92,999752.84
9580500,2375909.18,1016798.58
9581400,2314800.38,986728.64
9582300,2332267.0,966642.52
9583200,2343172.94,986437.04
9584100,2333519.71,982406.62
9585000,2382408.78,1045929.38
9585900,2342419.46,1008411.07
9586800,2392048.37,1012273.96
9587700,2373366.21,1023410.8
9588600,2335867.86,1075920.23
9589500,2420941.68,1027757.72
9590400,2321469.54,997250.7
9591300,2454596.47,1046635.62
9592200,2477900.02,1031436.49
9593100,2436724.46,961614.9
9594000,2480995.97,1058074.31
9594900,2494238.71,955939.27
9595800,2601623.75,1058303.83
9596700,2581948.15,1060775.67
9597600,2509954.74,1013531.07
9598500,2560646.48,1012560.33
9599400,2720833.56,1057996.95
9600300,2703614.59,1085994.87
9601200,2623451.02,1116451.17
9602100,2732635.53,1159910.34
9603000,2793765.93,1174527.74
9603900,2811124.79,1138007.9
9604800,2753669.13,1165631.38
9605700,2978902.13,1257404.39
9606600,2868284.73,1196452.24
9607500,2938995.12,1251377.38
9608400,2995532.96,1216917.85
9609300,3126902.8,1273084.9
9610200,3095960.27,1258567.66
9611100,3111394.32,1220930.33
9612000,3135332.52,1252733.18
9612900,3173273.99,1277532.53
9613800,3142863.92,1201161.25
9614700,3197711.7,1232121.09
9615600,3229606.48,1216257.57
9616500,3324728.12,1211132.17
9617400,3274587.89,1308051.82
9618300,3286066.68,1198374.11
9619200,3363697.36,1281236.39
9620100,3307858.52,1164969.36
9621000,3386409.85,1409945.98
9621900,3317850.22,1340902.59
9622800,3325706.18,1410700.01
9623700,3442827.03,1426149.9
9624600,3429062.16,1342878.94
9625500,3414884.12,1297250.98
9626400,3510602.51,1362590.42
9627300,3398317.38,1362418.76
9628200,3423972.29,1341380.49
9629100,3367163.09,1321825.01
9630000,3538218.02,1380773.25
9630900,3586033.91,1415090.06
9631800,3465543.73,1377192.35
9632700,3416902.95,1348466.77
9633600,3541664.61,1350261.75
9634500,3321965.42,1323729.58
9635400,3241698.76,1286449.4
9636300,3359037.23,1342998.96
9637200,3499400.57,1327545.59
9638100,3411628.51,1347192.35
9639000,3379357.09,1287459.69
9639900,3244003.14,1279153.84
9640800,3338547.0,1328406.19
9641700,3171336.27,1253963.47
9642600,3347431.0,1246902.01
9643500,3266588.2,1214618.77
9644400,3067929.29,1220727.72
9645300,3073642.18,1238726.44
9646200,3029930.69,1262755.19
9647100,2994565.61,1214714.54
9648000,2977907.59,1265918.33
9648900,3016308.75,1244275.73
9649800,2958229.61,1234801.39
9650700,3020659.52,1216041.6
9651600,2878318.18,1228649.6
9652500,2940492.65,1153077.03
9653400,2812677.52,1167378.75
9654300,2809068.05,1135053.41
9655200,2778278.69,1089275.94
9656100,2676951.05,1039332.09
9657000,2690621.7,1071424.26
9657900,2617824.92,1043790.8
9658800,2599471.44,1058281.68
9659700,2579827.33,1104371.61
9660600,2527159.7,1056051.45
9661500,2545111.27,1036234.86
9662400,2510928.5,1044494.11
9663300,2575759.09,1022310.61
9664200,2458062.84,1022769.1
9665100,2431422.45,1010886.2
9666000,2439064.0,1040413.88
9666900,2411206.24,1044954.07
9667800,2411063.05,1035122.68
9668700,2424742.31,1069443.05
9669600,2366589.75,1034962.55
9670500,2446421.45,1085294.68
9671400,2398338.41,1009099.18
9672300,2370153.44,1019871.73
9673200,2390254.76,1028273.71
9674100,2382694.06,1003651.61
9675000,2374293.09,1038092.83
9675900,2444937.01,1062717.32
9676800,2363295.14,1009805.97
9677700,2386079.32,1025776.98
9678600,2457771.7,1022746.95
9679500,2449286.59,1030837.83
9680400,2511477.26,1032301.21
9681300,2568879.82,1048040.22
9682200,2547023.9,1021282.47
9683100,2582762.7,1016701.81
9684000,2558134.09,1125337.37
9684900,2652815.73,1111078.22
9685800,2637702.12,1101997.47
9686700,2718437.53,1088749.33
9687600,2683233.22,1120251.89
9688500,2780682.22,1143247.65
9689400,2726687.16,1119051.82
9690300,2802115.81,1181818.36
9691200,2886416.84,1157919.34
9692100,2887064.3,1163426.97
9693000,2934221.19,1229240.94
9693900,2977956.94,1131949.68
9694800,2919358.34,1085818.73
9695700,3103009.74,1266208.56
9696600,3049309.66,1152388.82
9697500,3200102.78,1243271.39
9698400,3220946.78,1190958.89
9699300,3230921.91,1207461.73
9700200,3222121.22,1269537.05
9701100,3269555.24,1207895.6
9702000,3316828.03,1282669.83
9702900,3307931.4,1206316.77
9703800,3228781.86,1172377.35
9704700,3315242.71,1216476.29
9705600,3245032.2,1200601.5
9706500,3371522.64,1255612.61
9707400,3347379.64,1302084.78
9708300,3406546.51,1271790.34
9709200,3411799.44,1267810.36
9710100,3388126.01,1286652.1
9711000,3355174.07,1309626.89
9711900,3440696.32,1309247.59
9712800,3618974.67,1330375.95
9713700,3508787.66,1277937.01
9714600,3502561.43,1262873.02
9715500,3482477.97,1297455.14
9716400,3352656.19,1276860.35
9717300,3535345.64,1342298.95
9718200,3349805.51,1290166.53
9719100,3347737.7,1230378.66
9720000,3320049.22,1205016.08
9720900,3270489.44,1186662.69
9721800,3279602.51,1254719.33
9722700,3230223.63,1179983.83
9723600,3221587.83,1150453.95
9724500,3365505.43,1203906.37
9725400,3185715.55,1132179.38
9726300,3150666.5,1165713.04
9727200,3177608.37,1121346.41
9728100,3311850.77,1348874.18
9729000,3131481.35,1330094.51
9729900,3171615.33,1212415.01
9730800,3132537.69,1235500.31
9731700,3085814.58,1330545.32
9732600,3098799.5,1233438.81
9733500,2964829.19,1209704.59
9734400,3023126.77,1247246.15
9735300,3003299.01,1194805.3
9736200,3020757.57,1233011.08
9737100,2828622.16,1216812.19
9738000,2898106.38,1266069.31
9738900,2818475.74,1145863.04
9739800,2814698.73,1200676.67
9740700,2828938.02,1221832.03
9741600,2797008.82,1248704.77
9742500,2681399.96,1188987.58
9743400,2624762.42,1103700.62
9744300,2541091.09,1028802.43
9745200,2546098.85,1036920.59
9746100,2521541.47,1054762.21
9747000,2486970.52,1047920.01
9747900,2401739.32,974641.3
9748800,2459200.74,1029893.55
9749700,2420150.67,996260.47
9750600,2328113.98,963074.89
9751500,2352661.38,1004373.69
9752400,2371747.83,1017655.52
9753300,2341358.18,977051.42
9754200,2341522.52,1004626.56
9755100,2346653.23,1008382.97
9756000,2357806.55,1024694.0
9756900,2343671.72,1057408.08
9757800,2317756.99,1036293.55
9758700,2322745.61,1040038.6
9759600,2353142.21,1039283.66
9760500,2367094.85,1085095.28
9761400,2342577.67,1050887.05
9762300,2385884.67,1022437.13
9763200,2335232.48,1027512.45
9764100,2338801.76,998368.47
9765000,2459323.24,1044165.53
9765900,2492095.73,1022971.07
9766800,2460381.23,1108851.65
9767700,2549112.21,1124152.4
9768600,2508388.46,1099491.03
9769500,2506740.42,1099775.85
9770400,2560550.17,1103072.48
9771300,2509058.44,1041129.27
9772200,1876842.41,866559.54
9773100,1802270.87,845721.77
9774000,1893485.5,941491.15
9774900,1884450.16,920980.04
9775800,1896446.14,942404.66
9776700,1975746.46,1014284.55
9777600,1955518.34,987791.93
9778500,2033340.64,967903.47
9779400,2118927.61,1008256.07
9780300,2073913.42,981550.78
9781200,2080599.7,948193.45
9782100,2139601.14,1005167.72
9783000,2093234.16,979574.71
9783900,2140280.64,980771.76
9784800,2279922.55,1029692.05
9785700,2280599.76,1025971.8
9786600,2223010.16,972494.75
9787500,2269295.29,948674.93
9788400,2383621.67,997772.28
9789300,2385172.58,999098.88
9790200,2332750.31,1033071.17
9791100,2387452.24,1013083.28
9792000,2345559.81,995617.68
9792900,2354849.3,1000578.09
9793800,2316590.33,965899.84
9794700,2601622.47,1092251.4
9795600,2352045.87,1018955.75
9796500,2440351.04,1080236.76
9797400,2406065.0,1043182.8
9798300,2451508.58,1013612.64
9799200,2527799.38,1034960.08
9800100,2460052.0,1020501.34
9801000,2443299.59,997880.86
9801900,2672109.1,1088154.6
9802800,2534972.26,1071741.58
9803700,2530958.22,1060603.36
9804600,2454121.22,1039847.9
9805500,2440325.68,1083905.0
9806400,2489253.39,1065240.05
9807300,2395599.61,990130.83
9808200,2465538.3,950753.63
9809100,2363491.79,981227.87
9810000,2386661.87,1047710.36
9810900,2484261.84,979038.02
9811800,2392742.25,953914.4
9812700,2408043.09,1023875.15
9813600,2402704.83,964847.72
9814500,2371199.43,981289.95
9815400,2287005.71,960560.03
9816300,2391671.81,974204.86
9817200,2307796.6,1013789.98
9818100,2146457.43,954935.94
9819000,2224004.06,965700.44
9819900,2197023.28,966199.13
9820800,2194218.84,966562.23
9821700,2208141.08,986410.95
9822600,2147942.96,1016018.37
9823500,2215128.3,965864.5
9824400,2060412.23,953772.58
9825300,2083332.46,928800.84
9826200,1988948.27,886538.18
9827100,1977818.48,826090.76
9828000,1952457.18,820665.34
9828900,1817179.05,791687.53
9829800,1785112.79,789734.34
9830700,1755848.88,803924.19
9831600,1796655.67,832585.33
9832500,1720791.6,780272.37
9833400,1636203.0,750004.76
9834300,1650683.07,770070.83
9835200,1675152.01,788886.47
9836100,1627106.96,782289.37
9837000,1588334.38,811485.99
9837900,1577755.65,753283.17
9838800,1575909.94,770616.94
9839700,1576324.04,775011.75
9840600,1573944.67,776052.06
9841500,1550839.23,757766.69
9842400,1557959.2,780511.96
9843300,1566000.37,780475.8
9844200,1551480.19,809005.55
9845100,1597724.21,821985.44
9846000,1556347.14,836957.98
9846900,1562572.72,837851.99
9847800,1542086.88,796811.19
9848700,1554163.6,789507.75
9849600,1603902.65,802201.81
9850500,1557556.18,806030.09
9851400,1633527.01,807987.49
9852300,1707722.9,803754.09
9853200,1659288.39,798676.57
9854100,1712255.95,791992.49
9855000,1721079.44,807578.34
9855900,1691200.01,774995.82
9856800,1695983.55,815857.73
9857700,1742829.71,824676.73
9858600,1821109.86,875784.39
9859500,1848308.99,892868.5
9860400,1817457.0,918593.63
9861300,1911016.11,953588.75
9862200,1961852.87,951225.31
9863100,1900266.17,969968.35
9864000,1898035.4,936691.77
9864900,2010981.08,1004033.48
9865800,2130316.77,1023127.35
9866700,2127108.86,998076.32
9867600,2169356.51,991712.77
9868500,2183495.27,1041762.82
9869400,2140297.21,977760.77
9870300,2162210.72,1020186.77
9871200,2127661.74,979648.5
9872100,2329491.49,1070718.84
9873000,2188260.96,1001853.97
9873900,2196986.11,1014800.54
9874800,2254291.72,1019227.48
9875700,2346507.75,1069815.03
9876600,2257362.85,1042066.04
9877500,2233775.57,1051624.05
9878400,2302773.1,1027661.87
9879300,2359447.91,1050631.07
9880200,2296821.53,1011958.19
9881100,2199083.68,1036778.59
9882000,2247841.46,1012138.73
9882900,2469982.36,1070630.58
9883800,2406643.98,1047950.78
9884700,2267725.8,1050072.24
9885600,2416059.63,1108955.47
9886500,2333945.34,1036161.25
9887400,2369233.15,1019577.39
9888300,2402443.63,1012662.51
9889200,2334773.44,996677.86
9890100,2367769.68,970148.99
9891000,2417790.71,1013382.66
9891900,2445466.64,1033523.07
9892800,2388549.59,1036499.08
9893700,2412381.68,1020065.09
9894600,2303124.66,993566.16
9895500,2514451.17,1081624.33
9896400,2431424.29,1053568.91
9897300,2238046.88,1019193.24
9898200,2248829.41,994185.7
9899100,2282350.52,1037022.77
9900000,2229215.24,955557.86
9900900,2268870.67,1004637.45
9901800,2146439.39,999694.7
9902700,2235232.09,929863.22
9903600,2129143.07,951133.21
9904500,2203974.88,962610.72
9905400,2092161.9,936892.82
9906300,2177214.75,989605.41
9907200,2046062.9,961023.28
9908100,2056873.63,960586.3
9909000,2015239.11,977847.02
9909900,2041641.72,997200.16
9910800,1979810.94,961838.38
9911700,1964328.55,950356.29
9912600,1920364.56,903300.66
9913500,1886266.94,876547.21
9914400,1886221.25,822071.96
9915300,1849401.49,852850.8
9916200,1790039.52,779506.07
9917100,1772787.96,818328.64
9918000,1735551.18,796317.26
9918900,1725671.26,835318.08
9919800,1661242.77,814064.94
9920700,1643685.7,821243.23
9921600,1641308.17,796188.08
9922500,1639628.36,796348.3
9923400,1572345.25,772971.86
9924300,1580764.25,767345.31
9925200,1567837.1,763292.45
9926100,1564444.43,774027.92
9927000,1546272.58,778170.96
9927900,1561880.58,814908.14
9928800,1535608.52,791506.71
9929700,1559144.17,782971.98
9930600,1548967.44,823447.54
9931500,1534202.0,791773.5
9932400,1529902.22,785044.1
9933300,1556870.36,803514.86
9934200,1547065.98,801455.11
9935100,1562092.44,810455.84
9936000,1564214.08,812625.92
9936900,1568847.47,810394.78
9937800,1677072.05,800895.63
9938700,1616356.75,787570.31
9939600,1691100.31,805106.6
9940500,1673318.57,785196.08
9941400,1710325.56,807951.23
9942300,1676899.93,793694.46
9943200,1681605.29,842914.22
9944100,1706380.92,821521.82
9945000,1717917.66,878448.03
9945900,1755179.26,854650.18
9946800,1739604.49,882628.51
9947700,1776647.09,886437.01
9948600,1867313.96,1120410.55
9949500,1847358.86,1001056.92
9950400,1814471.37,954964.14
9951300,1791604.43,969706.51
9952200,1830661.1,957778.75
9953100,1848167.63,953732.85
9954000,1826687.44,923623.63
9954900,1832356.75,922018.07
9955800,1837715.79,921430.02
9956700,1752392.85,919813.75
9957600,1757859.47,925479.13
9958500,1778427.7,902856.35
9959400,1721859.28,889627.08
9960300,1742780.55,975922.39
9961200,1767257.72,974430.73
9962100,1805972.17,999161.04
9963000,1790331.57,985947.42
9963900,1816570.13,997690.43
9964800,1787280.12,975344.88
9965700,1881922.21,972666.41
9966600,1831194.95,1011084.41
9967500,1794259.0,947095.0
9968400,1821118.56,970495.06
9969300,1864518.77,1011887.24
9970200,1838859.47,968344.12
9971100,1786790.5,955020.36
9972000,1834392.61,1007204.22
9972900,1856623.54,1003150.18
9973800,1794014.74,959777.25
9974700,1834931.58,973888.37
9975600,1897650.05,1020437.99
9976500,1895289.92,1018000.31
9977400,1876265.99,966427.55
9978300,1878074.71,1027982.67
9979200,1971341.13,997738.13
9980100,1873029.24,963318.97
9981000,1885069.89,937943.02
9981900,1919983.7,968478.06
9982800,1902036.8,961713.96
9983700,1921193.39,907833.25
9984600,1902446.32,915518.74
9985500,1965058.96,937111.45
9986400,1918612.98,891240.23
9987300,1910614.65,937949.07
9988200,1904020.2,913397.74
9989100,1883605.96,925082.89
9990000,1861851.1,920820.92
9990900,1872139.98,946352.87
9991800,1857684.72,898239.07
9992700,1846216.37,933596.19
9993600,1832486.76,912852.63
9994500,1857633.54,936531.46
9995400,1845524.14,849115.63
9996300,1828291.08,837742.86
9997200,1817190.77,822133.3
9998100,1821663.76,848990.11
9999000,1848420.32,891080.75
9999900,1819437.65,876021.24
10000800,1826254.49,910568.85
10001700,1820172.91,883891.66
10002600,1797804.29,880184.78
10003500,1753493.41,901359.01
10004400,1727982.06,893086.85
10005300,1673964.84,882589.42
10006200,1633577.91,865991.09
10007100,1644800.45,861222.66
10008000,1623213.5,872880.16
10008900,1657731.35,898350.77
10009800,1571476.68,846637.48
10010700,1565626.37,844346.92
10011600,1559822.39,853410.0
10012500,1540513.73,850928.47
10013400,1535411.41,811254.18
10014300,1537698.21,817091.95
10015200,1567798.0,819260.93
10016100,1535736.88,815537.02
10017000,1539334.08,810083.59
10017900,1542008.7,818062.5
10018800,1524412.72,816824.34
10019700,1524822.97,822750.64
10020600,1514426.24,818167.69
10021500,1548999.85,826021.0
10022400,1569684.81,834904.45
10023300,1543352.33,826645.29
10024200,1535205.6,808618.65
10025100,1704725.37,814951.9
10026000,1637247.34,828822.05
10026900,1697737.79,833427.89
10027800,1669592.01,818942.6
10028700,1598837.59,815133.91
10029600,1600503.2,825605.9
10030500,1653356.14,833652.28
10031400,1662452.64,825060.61
10032300,1665525.42,829081.88
10033200,1649619.42,844607.94
10034100,1706747.13,856772.37
10035000,1699510.99,920147.46
10035900,1716834.87,920801.33
10036800,1684850.01,895167.85
10037700,1684951.08,902618.68
10038600,1646828.52,879988.22
10039500,1648758.45,881003.36
10040400,1625114.69,885450.81
10041300,1637180.42,903625.76
10042200,1617752.56,890692.75
10043100,1665323.0,913924.16
10044000,1632444.76,901536.62
10044900,1617143.37,899412.14
10045800,1638367.31,888971.74
10046700,1633323.67,879998.11
10047600,1616619.78,873582.18
10048500,1612315.8,883606.29
10049400,1640889.59,866871.83
10050300,1680857.03,896859.01
10051200,1746019.59,907050.29
10052100,1649287.72,935119.35
10053000,1669565.28,925636.78
10053900,1736747.41,953769.65
10054800,1746571.84,957262.66
10055700,1632699.46,898943.66
10056600,1649537.57,938403.44
10057500,1646888.76,926744.75
10058400,1648130.86,935454.99
10059300,1690545.78,944615.66
10060200,1671392.4,919578.74
10061100,1698432.31,955089.2
10062000,1708256.84,923380.19
10062900,1834815.03,922483.34
10063800,1707696.53,925164.18
10064700,1732975.07,939460.69
10065600,1775593.96,932162.66
10066500,1832893.98,929829.16
10067400,1878234.38,911693.48
10068300,1881514.43,912653.69
10069200,1900575.99,965824.13
10070100,1796102.51,917798.22
10071000,1785769.96,882558.65
10071900,1868458.47,890702.27
10072800,1804881.96,917271.42
10073700,1773249.21,885359.62
10074600,1815668.24,892228.0
10075500,1800380.13,877429.05
10076400,1775581.51,874315.52
10077300,1771831.97,860329.74
10078200,1766832.73,879738.19
10079100,1780694.92,892179.47
10080000,1757310.15,854814.06
10080900,1786025.94,875842.35
10081800,1751334.96,853752.41
10082700,1763142.24,855023.53
10083600,1758988.04,870557.83
10084500,1759925.26,884493.44
10085400,1726609.13,849732.88
10086300,1807519.87,900963.13
10087200,1765883.88,871582.31
10088100,1740422.52,885495.57
10089000,1668192.26,777242.98
10089900,1732439.48,888083.86
10090800,1673186.1,825900.15
10091700,1634138.76,822715.48
10092600,1604973.82,759180.91
10093500,1588870.51,759580.26
10094400,1597335.94,775791.78
10095300,1611850.52,779475.86
10096200,1577680.48,763062.38
10097100,1586409.58,774479.37
10098000,1553290.47,762117.46
10098900,1576112.55,798919.92
10099800,1509805.21,759477.08
10100700,1539132.57,770202.39
10101600,1512065.83,770635.71
10102500,1549283.48,779420.84
10103400,1554708.07,800331.3
10104300,1539487.24,794824.58
10105200,1541541.96,803846.19
10106100,1545577.61,797592.32
10107000,1526365.17,784548.71
10107900,1574905.15,841224.52
10108800,1591770.17,796575.62
10109700,1730952.39,808153.66
10110600,1710555.08,783606.54
10111500,1685105.07,785987.37
10112400,1689937.41,815726.53
10113300,1766254.21,798482.12
10114200,1717521.51,808460.91
10115100,1785884.77,864007.78
10116000,1836347.17,925238.89
10116900,1850806.46,864541.44
10117800,1887904.36,875439.97
10118700,1902566.44,878373.23
10119600,1914986.66,858482.85
10120500,2045521.27,866425.14
10121400,2084596.89,914750.06
10122300,2045277.65,891713.38
10123200,2004253.42,947588.75
10124100,2060609.99,1032535.22
10125000,2064536.41,1000857.24
10125900,2119811.37,1056967.07
10126800,2120666.38,916061.83
10127700,2180354.55,989705.02
10128600,2122567.84,930456.21
10129500,2162017.36,955230.1
10130400,2168685.24,918586.03
10131300,2238294.71,937864.29
10132200,2227654.17,921078.83
10133100,2222728.18,916828.95
10134000,2261701.9,965216.67
10134900,2275556.3,1001113.04
10135800,2229319.61,936132.93
10136700,2265998.29,945841.64
10137600,2423432.19,1030936.25
10138500,2270170.44,1034022.95
10139400,2354582.15,982619.93
10140300,2222558.9,988951.9
10141200,2475798.98,1012422.82
10142100,2412234.1,989052.98
10143000,2415549.41,997527.65
10143900,2399083.28,987565.52
10144800,2494911.62,968513.4
10145700,2616891.91,1020763.28
10146600,2393140.14,991869.6
10147500,2405633.33,1046069.27
10148400,2409241.79,995694.12
10149300,2575403.59,1094661.71
10150200,2429601.29,999180.18
10151100,2489914.76,1059883.67
10152000,2413745.73,999964.14
10152900,2547597.2,1040738.25
10153800,2525624.36,1045152.74
10154700,2388383.33,999507.02
10155600,2444275.54,979102.66
10156500,2322413.27,957494.38
10157400,2367453.09,951889.25
10158300,2359204.93,913818.97
10159200,2307068.39,942977.6
10160100,2235361.45,949213.17
10161000,2238280.98,931784.55
10161900,2302964.08,1000950.44
10162800,2233828.67,960059.6
10163700,2106252.04,942753.11
10164600,2104484.71,986144.35
10165500,2169816.56,957912.87
10166400,2096642.21,967524.72
10167300,2071813.29,934756.26
10168200,2022353.85,956567.69
10169100,2144083.92,985280.27
10170000,2047704.25,952216.37
10170900,2023884.52,958348.75
10171800,1922652.92,920893.52
10172700,1958070.28,947983.89
10173600,1902459.59,874774.2
10174500,1896535.86,820111.18
10175400,1856205.05,867892.64
10176300,1857350.37,869481.35
10177200,1799971.71,819165.16
10178100,1730875.21,825145.29
10179000,1673033.84,775781.25
10179900,1661022.31,781498.81
10180800,1672235.41,772563.08
10181700,1730679.57,826911.8
10182600,1589992.86,745265.62
10183500,1587392.4,757470.61
10184400,1600316.8,824865.05
10185300,1584031.86,786169.37
10186200,1588044.16,763769.26
10187100,1567813.11,754095.34
10188000,1587965.06,780194.55
10188900,1573695.74,754603.55
10189800,1584244.26,761243.04
10190700,1564974.06,758408.02
10191600,1582234.68,801295.9
10192500,1548061.61,737468.81
10193400,1582259.95,735916.35
10194300,1569438.72,763413.02
10195200,1572661.1,735149.41
10196100,1750776.95,796543.4
10197000,1745479.06,752972.26
10197900,1728750.0,758864.87
10198800,1778504.24,772127.84
10199700,1818646.64,780084.32
10200600,1786499.36,804355.04
10201500,1803724.46,844313.6
10202400,1796785.03,871615.63
10203300,1824174.22,863678.92
10204200,1861443.51,891834.59
10205100,1942140.47,875957.24
10206000,1897094.15,893405.82
10206900,1951327.79,940638.89
10207800,2013080.47,943659.58
10208700,2037367.13,960356.41
10209600,2088671.08,945608.83
10210500,2112452.18,982130.13
10211400,2312933.35,995417.36
10212300,2184180.73,979233.67
10213200,2194185.88,1028774.51
10214100,2192080.44,1057206.3
10215000,2232705.05,973087.55
10215900,2313261.29,1011786.25
10216800,2298023.62,1002909.03
10217700,2374841.03,986418.37
10218600,2254322.57,964508.33
10219500,2412937.68,1019431.37
10220400,2477867.16,1031114.78
10221300,2392590.91,1029241.88
10222200,2284609.41,953405.82
10223100,2309267.03,1004514.5
10224000,2384654.48,1026111.24
10224900,2269046.63,939956.54
10225800,2333121.37,996916.99
10226700,2427716.22,997065.22
10227600,2403376.74,996532.75
10228500,2466841.55,1067851.04
10229400,2354238.1,994475.65
10230300,2309726.44,970785.92
10231200,2343093.29,975698.91
10232100,2476114.93,1042077.48
10233000,2417820.92,994616.91
10233900,2445896.03,1053819.95
10234800,2430004.21,997364.23
10235700,2519112.58,1018219.3
10236600,2513398.96,1074881.93
10237500,2478782.87,1079301.18
10238400,2430488.62,1032678.22
10239300,2520645.9,995974.73
10240200,2367412.9,957134.4
10241100,2429893.25,999366.21
10242000,2482376.22,1067898.01
10242900,2372512.21,978487.98
10243800,2263829.04,970537.26
10244700,2319798.34,911452.42
10245600,2410388.31,1006975.07
10246500,2264075.5,907455.87
10247400,2246430.54,947530.52
10248300,2292880.28,953015.62
10249200,2231788.51,948824.89
10250100,2187469.85,943767.7
10251000,2094679.78,933182.01
10251900,2113528.2,951334.99
10252800,2172880.46,961790.5
10253700,2046739.56,953364.17
10254600,2065218.93,904528.29
10255500,2073308.9,908226.56
10256400,2082736.82,893058.75
10257300,1989228.79,854312.07
10258200,2007782.59,852104.64
10259100,1967571.9,878868.16
10260000,1876316.07,807246.37
10260900,1847625.18,822892.91
10261800,1825262.05,789052.73
10262700,1775774.69,810324.65
10263600,1784973.08,828186.49
10264500,1723370.18,826788.85
10265400,1684007.26,757518.4
10266300,1668295.07,761932.62
10267200,1642165.1,727999.79
10268100,1645404.69,815305.94
10269000,1629874.15,770409.76
10269900,1629932.28,786047.06
10270800,1558568.85,741616.79
10271700,1552863.56,741547.39
10272600,1563412.99,710323.06
10273500,1525181.58,714840.82
10274400,1541713.26,713897.55
10275300,1550469.27,719743.84
10276200,1548337.46,730345.55
10277100,1582134.7,754251.25
10278000,1545162.96,736732.54
10278900,1576729.8,793006.9
10279800,1538233.15,753825.07
10280700,1549019.35,743513.67
10281600,1537531.68,716716.09
10282500,1739318.94,770507.45
10283400,1748162.02,814883.61
10284300,1713195.28,792766.2
10285200,1745352.08,782187.47
10286100,1740678.22,768849.88
10287000,1779309.91,773316.74
10287900,1768349.03,759815.0
10288800,1796706.02,827933.72
10289700,1830766.57,881707.58
10290600,1894472.72,903019.04
10291500,1876100.1,870753.2
10292400,1875591.61,866580.23
10293300,1979975.01,976478.94
10294200,2057086.94,957820.68
10295100,2078557.07,928071.99
10296000,2023002.14,905524.11
10296900,2041498.99,946124.36
10297800,2245831.6,985528.75
10298700,2201570.71,949205.02
10299600,2288166.32,975149.51
10300500,2320535.8,1010975.83
10301400,2239346.01,966367.58
10302300,2212641.17,944335.05
10303200,2226874.51,924897.31
10304100,2301617.52,1008793.76
10305000,2246636.81,945598.48
10305900,2350679.53,1016508.73
10306800,2451600.31,993766.57
10307700,2299221.41,1004236.36
10308600,2446868.68,1028029.82
10309500,2287479.13,924431.49
10310400,2391440.09,987446.41
10311300,2242790.31,898222.87
10312200,2305688.87,941781.56
10313100,2401352.33,970313.32
10314000,2442794.77,1026173.95
10314900,2516864.32,1108662.51
10315800,2512900.36,1023903.35
10316700,2477219.51,971763.52
10317600,2574105.1,1076665.56
10318500,2376630.89,980329.38
10319400,2517071.78,1060933.96
10320300,2456423.68,1059893.55
10321200,2435027.71,999555.36
10322100,2537836.94,1043619.6
10323000,2426953.31,1011609.19
10323900,2473662.05,999966.98
10324800,2436475.71,1042185.79
10325700,2433988.22,1038833.22
10326600,2352949.86,1019833.56
10327500,2372222.9,1073904.69
10328400,2402749.24,1010572.08
10329300,2403297.91,1012900.27
10330200,2342411.13,980532.44
10331100,2315506.07,999431.21
10332000,2311064.3,1002068.12
10332900,2234061.13,998212.55
10333800,2328110.6,1010832.0
10334700,2254084.99,957307.8
10335600,2252138.49,1003194.67
10336500,2231531.34,1042805.88
10337400,2230787.57,1024763.31
10338300,2150921.36,969719.42
10339200,2138897.09,1017471.95
10340100,2126366.18,1014910.22
10341000,2092897.43,978982.82
10341900,2090093.08,904114.38
10342800,2159556.88,905090.7
10343700,1974215.88,849237.03
10344600,1949467.8,848055.18
10345500,1932020.78,847006.99
10346400,1928579.96,863158.63
10347300,1853293.85,837852.63
10348200,1802000.79,869217.86
10349100,1837717.53,889927.37
10350000,1780101.1,860018.01
10350900,1693614.17,813826.17
10351800,1662025.18,750082.12
10352700,1650899.41,737335.6
10353600,1643880.98,744858.58
10354500,1621163.91,768236.66
10355400,1643842.25,797174.65
10356300,1585619.29,759277.59
10357200,1592781.56,767049.13
10358100,1556156.25,775285.77
10359000,1556471.47,814359.01
10359900,1538283.05,764855.71
10360800,1537111.36,735184.84
10361700,1573474.73,767084.84
10362600,1575055.48,755710.42
10363500,1553927.22,744334.72
10364400,1558899.63,751847.35
10365300,1573558.14,786802.92
10366200,1573269.29,773768.55
10367100,1558377.14,767660.89
10368000,1581586.94,780369.23
10368900,1692918.64,767228.39
10369800,1673769.84,782538.48
10370700,1663710.3,769926.18
10371600,1670472.47,775645.48
10372500,1704945.37,770625.73
10373400,1693469.51,788790.8
10374300,1710795.78,810485.05
10375200,1712015.72,787053.59
10376100,1738344.91,759607.73
10377000,1793633.06,850173.61
10377900,1857271.82,849778.38
10378800,1855363.31,860533.45
10379700,1844462.4,868543.03
10380600,1899916.35,947265.84
10381500,1969023.65,934391.88
10382400,1964246.25,922505.13
10383300,2036931.98,975744.51
10384200,2069857.73,957478.82
10385100,2085425.45,948019.04
10386000,2124318.7,1008788.09
10386900,2207763.52,943559.88
10387800,2207314.09,990596.19
10388700,2157437.35,955016.51
10389600,2197155.03,983508.27
10390500,2215568.57,1016125.58
10391400,2229211.49,976650.15
10392300,2249776.06,1015803.5
10393200,2242981.02,982740.33
10394100,2367219.91,980852.97
10395000,2317442.78,965624.18
10395900,2372804.53,977893.98
10396800,2348025.05,955584.41
10397700,2482892.03,1132507.14
10398600,2398656.83,996565.34
10399500,2390645.6,983120.18
10400400,2428286.32,979165.92
10401300,2495212.46,1076170.44
10402200,2511619.08,1112567.5
10403100,2468850.13,1105195.95
10404000,2406490.45,1062324.28
10404900,2515912.45,1123413.76
10405800,2585470.55,1109020.57
10406700,2491002.59,1081427.03
10407600,2443473.82,1050999.3
10408500,2537200.38,1070364.9
10409400,2474192.78,1118863.77
10410300,2417954.5,1050588.04
10411200,2377013.49,1040234.34
10412100,2508859.5,1088266.2
10413000,2378760.22,1061789.98
10413900,2643435.33,1168738.86
10414800,2459194.15,1073344.57
10415700,2616455.11,1112173.55
10416600,2364608.09,1035617.98
10417500,2299663.6,995558.35
10418400,2390956.42,1027435.18
10419300,2224480.68,979434.36
10420200,2239460.27,1036552.73
10421100,2322959.38,1067365.17
10422000,2368953.83,1098126.89
10422900,2185854.95,1029437.16
10423800,2219216.4,977722.87
10424700,2213784.58,1015170.5
10425600,2112616.52,919726.04
10426500,2189631.5,961539.46
10427400,2159307.68,947749.97
10428300,2130991.42,931889.37
10429200,2089381.81,908774.96
10430100,1995621.37,875337.62
10431000,1963135.07,895959.96
10431900,1967244.6,873210.11
10432800,1878547.67,840101.17
10433700,1867458.25,885979.25
10434600,1797815.92,876326.29
10435500,1803644.99,857962.28
10436400,1782518.37,850367.71
10437300,1767702.21,880615.45
10438200,1678056.98,871530.67
10439100,1700819.0,838084.99
10440000,1676945.43,839786.13
10440900,1671418.4,849581.73
10441800,1603700.78,768634.09
10442700,1662988.4,904561.43
10443600,1591616.0,822293.52
10444500,1616079.35,797403.44
10445400,1546020.72,801632.35
10446300,1582233.76,846422.97
10447200,1551636.02,793591.09
10448100,1571511.57,779226.84
10449000,1550760.5,781561.25
10449900,1568318.94,775415.31
10450800,1545151.15,771185.94
10451700,1574401.52,835593.38
10452600,1555244.2,776340.82
10453500,1580920.35,774742.4
10454400,1568930.6,785181.79
10455300,1574048.68,778929.93
10456200,1700350.89,834530.0
10457100,1664452.61,786184.57
10458000,1687765.87,773205.87
10458900,1717589.81,805023.74
10459800,1767668.15,780450.9
10460700,1771111.27,794874.76
10461600,1738761.02,828581.45
10462500,1779227.14,803484.1
10463400,1820091.89,871645.29
10464300,1837530.49,857292.3
10465200,1876649.69,890881.71
10466100,1857367.22,907149.35
10467000,1906819.89,989498.84
10467900,1912154.85,947616.3
10468800,1902785.71,944439.51
10469700,1976509.0,1031585.54
10470600,2013391.48,1015113.74
10471500,2099679.29,963863.62
10472400,2130264.86,976959.96
10473300,2140412.11,1000343.08
10474200,2144279.02,977578.03
10475100,2295604.71,1001145.54
10476000,2207820.37,1001473.48
10476900,2279825.78,1032981.81
10477800,2340425.17,1083928.44
10478700,2323642.46,1101465.0
10479600,2311949.52,1098828.28
10480500,2352415.01,1179891.17
10481400,2439669.8,1072702.51
10482300,2353442.96,1053536.22
10483200,2356742.34,1058141.14
10484100,2360035.77,1062099.79
10485000,2341815.95,1052111.85
10485900,2372311.71,1036464.11
10486800,2335268.92,1024660.4
10487700,2556721.89,1090575.9
10488600,2453181.43,1044345.06
10489500,2468544.53,1045697.2
10490400,2500273.32,1097346.95
10491300,2433247.56,958561.07
10492200,2461457.79,1014658.63
10493100,2454536.13,993198.58
10494000,2380298.31,1010738.07
10494900,2470939.82,1012345.83
10495800,2359419.89,1048352.6
10496700,2345108.0,1029338.93
10497600,2497092.96,1076959.35
10498500,2437657.1,1064061.31
10499400,2498136.57,1127036.77
10500300,2456749.88,1092007.78
10501200,2401352.87,1112305.76
10502100,2336372.31,1099389.31
10503000,2189967.13,1023105.01
10503900,2294072.75,1062465.18
10504800,2239296.39,986772.86
10505700,2127691.13,1035303.59
10506600,2263532.96,1018164.73
10507500,2150419.28,929048.03
10508400,2245703.25,961326.42
10509300,2099789.52,967227.36
10510200,2155646.76,955341.8
10511100,2022665.68,968248.35
10512000,2031608.28,963569.64
10512900,2016356.51,962957.61
10513800,1984435.36,948992.52
10514700,1943501.68,973687.77
10515600,1940866.33,924744.87
10516500,1926180.08,935347.14
10517400,1843753.6,867678.5
10518300,1812077.55,761786.04
10519200,1858496.15,872294.68
10520100,1797159.21,852841.74
10521000,1787583.07,864334.44
10521900,1751562.93,840528.44
10522800,1729789.03,818242.58
10523700,1717641.54,831796.78
10524600,1623905.91,778481.69
10525500,1668671.63,816836.79
10526400,1632662.38,817576.81
10527300,1615996.22,788918.52
10528200,1567258.85,778229.19
10529100,1543737.76,732006.41
10530000,1567866.21,768807.77
10530900,1536578.89,738671.36
10531800,1532847.75,757673.49
10532700,1520291.2,735678.86
10533600,1528264.53,738835.88
10534500,1520589.57,737367.1
10535400,1536048.89,741066.56
10536300,1517230.77,723768.04
10537200,1507594.76,728553.5
10538100,1522830.69,758753.08
10539000,1549455.78,797847.93
10539900,1569923.95,825376.01
10540800,1566464.26,840735.26
10541700,1574089.42,828530.73
10542600,1626248.11,832391.78
10543500,1658115.42,824475.22
10544400,1673647.34,822136.23
10545300,1704467.65,830933.17
10546200,1708614.17,853944.85
10547100,1660390.87,841852.66
10548000,1678327.61,831830.29
10548900,1706165.41,862746.92
10549800,1771317.72,870885.68
10550700,1746699.28,894944.92
10551600,1714427.4,891623.11
10552500,1712697.97,885970.0
10553400,1726622.86,915574.4
10554300,1745032.29,927626.95
10555200,1712769.1,908879.52
10556100,1703785.68,881919.16
10557000,1751044.74,954198.49
10557900,1711862.92,913189.0
10558800,1719483.76,912801.18
10559700,1751295.5,910326.32
10560600,1692979.52,897755.4
10561500,1724071.56,933714.66
10562400,1702182.04,892684.75
10563300,1716031.95,930182.19
10564200,1781613.65,1001699.71
10565100,1774159.06,962992.77
10566000,1771455.05,908897.0
10566900,1814843.72,948352.02
10567800,1795571.59,950720.4
10568700,1821513.06,965798.4
10569600,1809429.11,950878.69
10570500,1858247.13,965711.43
10571400,1801095.15,937774.57
10572300,1811243.04,958169.13
10573200,1824930.36,949283.39
10574100,1819454.32,911228.3
10575000,1800762.36,936716.03
10575900,1834503.48,933704.13
10576800,1883545.53,955370.09
10577700,1875680.88,969865.08
10578600,1827754.94,966171.39
10579500,1841995.06,946560.15
10580400,1924220.67,968979.31
10581300,1908069.03,980812.13
10582200,1890635.93,986049.96
10583100,1943667.85,1021633.21
10584000,1918696.66,962850.86
10584900,1944214.51,949502.38
10585800,1940860.38,952555.57
10586700,1956834.14,972108.4
10587600,1947400.54,966470.76
10588500,1922286.35,939918.46
10589400,1975473.54,969373.99
10590300,1943334.87,926732.48
10591200,1905218.63,883232.67
10592100,1894236.42,886197.24
10593000,1889570.43,898427.76
10593900,1908247.56,906159.94
10594800,1929764.1,897482.03
10595700,1815796.51,804880.0
10596600,1934481.72,891430.57
10597500,1853950.2,847534.24
10598400,1885467.13,856495.24
10599300,1798123.35,844437.84
10600200,1836489.53,894940.8
10601100,1868182.16,876100.34
10602000,1787683.5,812214.57
10602900,1778639.74,813317.87
10603800,1845716.86,862179.93
10604700,1788474.79,826417.24
10605600,1781195.16,812970.34
10606500,1804915.37,833941.59
10607400,1716632.72,870669.8
10608300,1692233.09,823957.67
10609200,1733875.85,830422.3
10610100,1621385.83,838193.21
10611000,1589087.59,765305.79
10611900,1606757.9,782988.28
10612800,1581147.58,767138.49
10613700,1566270.45,773947.91
10614600,1574807.74,798006.68
10615500,1541220.61,769332.92
10616400,1539911.32,806842.35
10617300,1546866.12,821338.35
10618200,1517411.13,807976.68
10619100,1549080.87,817669.46
10620000,1566992.89,805052.12
10620900,1536886.14,805068.42
10621800,1544315.83,840218.26
10622700,1596220.55,851795.56
10623600,1537672.67,848081.27
10624500,1532535.19,834242.8
10625400,1536457.4,832766.6
10626300,1541195.25,833822.48
10627200,1524688.11,822137.33
10628100,1542729.86,837354.77
10629000,1531469.51,838529.66
10629900,1681910.16,861466.19
10630800,1617500.79,843040.01
10631700,1665675.02,862314.61
10632600,1664912.66,842064.7
10633500,1639009.83,850669.74
10634400,1633978.91,842356.2
10635300,1602834.59,826636.14
10636200,1671271.64,870991.15
10637100,1641934.75,856730.53
10638000,1609411.38,881756.74
10638900,1607901.95,875340.91
10639800,1631093.63,895924.71
10640700,1643513.76,868665.44
10641600,1647225.13,927808.41
10642500,1667859.65,957511.32
10643400,1651219.3,928875.46
10644300,1647363.37,937190.09
10645200,1651721.19,948257.35
10646100,1618662.87,941957.06
10647000,1659040.28,971015.81
10647900,1631138.4,953111.21
10648800,1648555.3,967283.11
10649700,1708332.28,1026167.63
10650600,1651864.75,951336.64
10651500,1622998.08,918893.92
10652400,1690259.77,1019102.78
10653300,1711982.85,981737.92
10654200,1705331.73,969005.77
10655100,1718446.56,1003828.58
10656000,1692824.62,987020.32
10656900,1696650.7,992701.63
10657800,1721965.3,1002351.93
10658700,1779318.24,1007160.64
10659600,1716392.49,973658.84
10660500,1710968.72,952907.23
10661400,1719306.98,988828.4
10662300,1865731.93,1012696.29
10663200,1775710.24,992860.84
10664100,1779578.89,1008915.34
10665000,1906633.39,1007400.6
10665900,1817219.06,980017.36
10666800,1895754.73,1022804.35
10667700,1954609.31,1013865.14
10668600,1873153.75,1061063.32
10669500,1888740.97,1061317.57
10670400,1852739.96,985113.65
10671300,1929291.6,1048709.84
10672200,2009489.96,1023732.24
10673100,2028060.88,1025002.72
10674000,1886684.88,971516.33
10674900,1946096.1,1000352.05
10675800,1913550.57,982670.01
10676700,1901971.25,965619.14
10677600,1824573.12,894312.47
10678500,1860740.66,896925.38
10679400,1833281.98,934744.9
10680300,1843693.27,945559.57
10681200,1827712.28,931886.9
10682100,1812454.1,947820.01
10683000,1826362.15,934947.33
10683900,1816262.79,940286.77
10684800,1787837.77,933412.72
10685700,1860455.47,974074.86
10686600,1804937.16,942954.44
10687500,1812535.31,954457.76
10688400,1798089.2,949370.18
10689300,1836176.7,917517.15
10690200,1742301.27,817351.32
10691100,1777077.67,869952.03
10692000,1736645.6,818685.79
10692900,1699911.71,829275.79
10693800,1670522.28,810483.31
10694700,1684581.76,822301.67
10695600,1652374.15,827944.52
10696500,1737923.77,965465.33
10697400,1614674.1,805107.42
10698300,1612167.3,772754.88
10699200,1651980.65,895486.18
10700100,1577959.81,765895.29
10701000,1585557.77,773294.95
10701900,1577695.68,777568.91
10702800,1575065.0,870615.78
10703700,1544139.22,753904.63
10704600,1562607.7,769263.06
10705500,1533610.38,755753.81
10706400,1552549.16,772769.26
10707300,1532191.96,756960.85
10708200,1568816.53,790599.33
10709100,1537041.96,778775.12
10710000,1562653.47,803537.11
10710900,1633816.31,870789.0
10711800,1550633.88,804682.8
10712700,1565735.6,779983.25
10713600,1534118.23,772219.94
10714500,1584159.94,788859.83
10715400,1719964.51,783364.38
10716300,1747711.4,794242.4
10717200,1697379.09,798486.42
10718100,1750274.87,860875.21
10719000,1761402.1,835893.77
10719900,1763508.27,830972.35
10720800,1730481.08,811689.33
10721700,1757895.17,824720.86
10722600,1839607.18,900940.98
10723500,1829930.42,866778.17
10724400,1851743.32,931970.95
10725300,1891211.15,925330.17
10726200,1911757.51,934093.23
10727100,1896187.96,919734.1
10728000,1964412.78,990097.87
10728900,1984678.34,967200.53
10729800,2006062.32,943383.45
10730700,2039950.93,983276.0
10731600,2074049.56,981476.72
10732500,2164945.86,1066297.85
10733400,2203464.57,1070238.65
10734300,2246248.35,1061149.75
10735200,2269028.96,1079155.15
10736100,2300346.04,1031065.8
10737000,2298919.19,1130537.48
10737900,2309244.96,1121543.52
10738800,2299319.09,1127730.01
10739700,2312891.05,1051601.72
10740600,2383767.33,1087448.18
10741500,2371941.93,1048501.65
10742400,2305203.46,1040434.48
10743300,2346979.43,1065186.86
10744200,2389771.45,1024600.52
10745100,2409032.68,1016118.44
10746000,2334863.89,1031469.82
10746900,2543013.43,1108140.38
10747800,2461822.36,1018583.31
10748700,2363737.43,1060436.0
10749600,2414436.77,1110103.55
10750500,2526774.08,1079117.25
10751400,2526267.79,1091052.34
10752300,2434633.21,1084494.23
10753200,2479097.44,1047072.97
10754100,2457369.14,1024744.72
10755000,2539261.32,1162249.24
10755900,2512006.35,1042675.87
10756800,2539182.04,1046272.52
10757700,2545969.76,1071290.31
10758600,2473614.53,1038560.03
10759500,2586434.69,1113723.91
10760400,2496145.57,1064730.1
10761300,2404081.97,1097729.64
10762200,2321057.46,992238.56
10763100,2436326.57,1066770.17
10764000,2254145.51,910302.43
10764900,2296465.67,995659.79
10765800,2216727.08,978193.08
10766700,2278616.91,975452.82
10767600,2190467.65,1007381.38
10768500,2249868.07,1020297.64
10769400,2251922.88,987311.92
10770300,2194177.64,995996.34
10771200,2197972.32,1005281.71
10772100,2095871.98,989222.63
10773000,2013509.77,938240.39
10773900,2118482.76,995176.48
10774800,2082450.16,975465.36
10775700,2020735.29,1003001.5
10776600,1939218.57,915415.01
10777500,1935386.26,901795.72
10778400,1854792.11,857524.48
10779300,1822612.88,857767.64
10780200,1835025.33,891617.61
10781100,1815779.3,868160.16
10782000,1732624.6,796528.66
10782900,1721896.82,847568.57
10783800,1630765.5,714777.1
10784700,1651624.42,777114.17
10785600,1677079.47,793553.01
10786500,1676106.81,845600.01
10787400,1637964.29,814728.06
10788300,1606440.86,788299.9
10789200,1629524.51,833451.23
10790100,1582556.03,828517.64
10791000,1589770.66,822289.58
10791900,1595334.69,738764.83
10792800,1614150.33,783187.5
10793700,1570251.62,727223.69
10794600,1622531.89,759055.11
10795500,1563717.59,735533.94
10796400,1587582.55,757368.9
10797300,1574775.05,740803.44
10798200,1568785.77,763157.78
10799100,1573022.28,760947.6
10800000,1580222.53,781298.13
10800900,1590479.55,744810.7
10801800,1693190.64,763745.91
10802700,1662591.16,747177.8
10803600,1709999.82,759453.46
10804500,1726299.5,753852.45
10805400,1763731.57,835010.93
10806300,1723968.11,830676.91
10807200,1748325.26,838345.09
10808100,1777977.72,823216.74
10809000,1834082.43,908786.96
10809900,1849568.66,886391.6
10810800,1819151.92,900260.01
10811700,1823183.26,939488.8
10812600,1961074.49,977486.48
10813500,1953112.88,996776.73
10814400,1942842.04,975846.41
10815300,2024745.03,996044.68
10816200,2106877.62,1053304.96
10817100,2058122.5,999675.57
10818000,2056884.7,1006245.48
10818900,2142397.61,1031170.62
10819800,2270776.79,1001277.01
10820700,2259668.52,1022638.82
10821600,2186760.68,1013242.77
10822500,2323232.48,1088386.51
10823400,2236244.2,991807.71
10824300,2280353.49,1044963.04
10825200,2384184.91,1066587.89
10826100,2441305.21,1179691.59
10827000,2477837.59,1045917.66
10827900,2366436.86,1050933.84
10828800,2448178.71,1041486.42
10829700,2456689.09,1050857.57
10830600,2404134.16,1079121.28
10831500,2400675.66,1116707.61
10832400,2500350.13,1078053.41
10833300,2523006.59,1038377.93
10834200,2634919.1,1097762.24
10835100,2376039.46,1046867.89
10836000,2573794.56,1112292.57
10836900,2667193.08,1139071.38
10837800,2494817.96,1118771.48
10838700,2490596.83,1109477.05
10839600,2587259.03,1111683.93
10840500,2658573.21,1152151.61
10841400,2597879.7,1135597.96
10842300,2628955.17,1134945.1
10843200,2508186.13,1014978.42
10844100,2649836.06,1118640.56
10845000,2485658.84,1054067.14
10845900,2521245.48,1072156.49
10846800,2492575.74,1059785.89
10847700,2572307.19,1034223.18
10848600,2436547.85,1033426.12
10849500,2363538.94,1022117.25
10850400,2377957.76,947616.3
10851300,2404941.28,1024477.48
10852200,2391376.65,981912.23
10853100,2389487.64,1035671.36
10854000,2341949.8,1011186.04
10854900,2364882.39,997661.41
10855800,2238935.85,1053809.33
10856700,2245795.81,987872.41
10857600,2285874.57,1032117.74
10858500,2146563.26,1024828.77
10859400,2134522.16,1042130.68
10860300,2083589.72,938840.24
10861200,2157068.21,940249.88
10862100,2160682.43,1008264.22
10863000,1989064.36,902935.36
10863900,1947565.16,848638.73
10864800,1918290.89,851415.62
10865700,1891097.53,853332.0
10866600,1878295.62,896768.37
10867500,1803104.83,813990.78
10868400,1838917.24,870698.46
10869300,1743670.99,919500.46
10870200,1718382.57,896005.55
10871100,1670963.2,803224.82
10872000,1673383.39,823533.14
